-- phpMyAdmin SQL Dump
-- version 4.0.4
-- http://www.phpmyadmin.net
--
-- Host: localhost
-- Generation Time: Nov 11, 2014 at 05:31 PM
-- Server version: 5.6.12-log
-- PHP Version: 5.4.12

SET SQL_MODE = "NO_AUTO_VALUE_ON_ZERO";
SET time_zone = "+00:00";


/*!40101 SET @OLD_CHARACTER_SET_CLIENT=@@CHARACTER_SET_CLIENT */;
/*!40101 SET @OLD_CHARACTER_SET_RESULTS=@@CHARACTER_SET_RESULTS */;
/*!40101 SET @OLD_COLLATION_CONNECTION=@@COLLATION_CONNECTION */;
/*!40101 SET NAMES utf8 */;

--
-- Database: `tourismo`
--
CREATE DATABASE IF NOT EXISTS `tourismo` DEFAULT CHARACTER SET utf16 COLLATE utf16_general_ci;
USE `tourismo`;

-- --------------------------------------------------------

--
-- Table structure for table `accomodations`
--

CREATE TABLE IF NOT EXISTS `accomodations` (
  `id` int(11) NOT NULL AUTO_INCREMENT,
  `type` varchar(20) COLLATE utf8_unicode_ci NOT NULL,
  `name` varchar(32) COLLATE utf8_unicode_ci NOT NULL,
  `destination_id` int(11) NOT NULL,
  `created_at` datetime NOT NULL,
  `updated_at` datetime NOT NULL,
  PRIMARY KEY (`id`),
  KEY `dst_id_ind` (`destination_id`)
) ENGINE=InnoDB  DEFAULT CHARSET=utf8 COLLATE=utf8_unicode_ci AUTO_INCREMENT=109 ;

--
-- Dumping data for table `accomodations`
--

INSERT INTO `accomodations` (`id`, `type`, `name`, `destination_id`, `created_at`, `updated_at`) VALUES
(29, 'STUDIO 1/2', 'ARHODISA', 21, '2014-05-15 20:54:14', '2014-05-15 20:55:04'),
(30, 'STUDIO 1/3', 'ARHODISA', 21, '2014-05-15 20:55:45', '2014-05-15 20:55:45'),
(31, 'APARTMAN', 'ALEXA', 21, '2014-05-15 20:59:08', '2014-05-15 20:59:08'),
(32, 'Hotel', 'NO NAME', 25, '2014-05-19 20:14:37', '2014-05-19 20:14:37'),
(33, 'Hotel', 'Katarina Alexsis', 22, '2014-05-20 23:09:50', '2014-05-20 23:09:50'),
(34, 'Vila', 'Athena', 23, '2014-05-22 09:22:06', '2014-05-22 09:22:06'),
(35, 'Vila', 'Maria Magda', 27, '2014-05-30 13:08:51', '2014-05-30 13:08:51'),
(36, 'Hotel', 'No Name', 25, '2014-05-30 22:45:01', '2014-05-30 22:45:01'),
(37, 'Duplex', 'Vila Tula', 28, '2014-05-30 23:36:02', '2014-05-30 23:36:02'),
(38, 'Vila', 'Pergola 3', 22, '2014-06-01 19:59:43', '2014-06-01 20:17:32'),
(39, 'Vila', 'Ginek', 30, '2014-06-01 20:35:51', '2014-06-01 20:44:44'),
(40, 'Vila', 'Liquid', 30, '2014-06-01 20:50:26', '2014-06-01 20:50:26'),
(41, 'Hotel 3*', 'No name', 31, '2014-06-01 21:07:38', '2014-06-01 21:07:38'),
(42, 'Hotel', 'No Name', 32, '2014-06-01 21:38:21', '2014-06-01 21:38:21'),
(43, 'Hotel', 'Aegeon', 33, '2014-06-01 21:47:00', '2014-06-01 21:47:00'),
(44, 'STD', 'No Name', 21, '2014-06-01 22:02:02', '2014-06-01 22:02:02'),
(45, 'Hotel', 'Days Inn Berlin City South', 34, '2014-06-01 22:22:36', '2014-06-01 22:22:36'),
(46, 'Hotel', 'No Name', 35, '2014-06-01 22:29:29', '2014-06-01 22:29:29'),
(47, 'STD', 'Pegassos', 21, '2014-06-01 22:41:15', '2014-06-01 22:41:15'),
(49, 'Izlet', 'Prema programu', 36, '2014-06-01 22:58:08', '2014-06-01 22:58:08'),
(50, 'Hotel', 'No Name', 37, '2014-06-01 23:30:59', '2014-06-01 23:30:59'),
(51, 'Hotel', 'Orphey hotel 4*', 38, '2014-06-01 23:49:12', '2014-06-01 23:49:12'),
(52, 'Hotel', 'St. George Ski and Spa', 38, '2014-06-02 00:01:36', '2014-06-02 00:01:36'),
(53, 'Vila', 'Atera', 39, '2014-06-02 00:24:12', '2014-06-02 00:24:12'),
(54, 'Hotel', 'Leonardo', 40, '2014-06-02 07:22:56', '2014-06-02 07:22:56'),
(55, 'Hotel', 'Metropilitan', 33, '2014-06-02 07:32:00', '2014-06-02 07:37:45'),
(56, 'Hotel 3*', 'No Name', 35, '2014-06-02 07:42:11', '2014-06-02 07:42:11'),
(57, 'Hotel', 'Movenpick Jumeriah Beach', 42, '2014-06-02 07:53:43', '2014-06-02 07:53:43'),
(58, 'Hotel', 'Slavija', 31, '2014-06-02 08:05:53', '2014-06-02 08:05:53'),
(59, 'Hotel', 'Slavija', 31, '2014-06-02 08:05:58', '2014-06-02 08:05:58'),
(60, 'VILA', 'VULA', 44, '2014-06-11 18:53:06', '2014-06-11 18:53:06'),
(62, 'Hotel', 'Coral Hill', 26, '2014-06-13 21:07:13', '2014-06-13 21:07:13'),
(63, 'HOTEL', 'ELYSEES', 45, '2014-06-18 16:50:04', '2014-06-18 16:50:04'),
(64, 'HOTEL', 'ALONI PALACE', 27, '2014-06-18 17:05:06', '2014-06-18 17:05:06'),
(65, 'VILA', 'GABRIEL', 44, '2014-06-18 17:21:16', '2014-06-18 17:21:16'),
(66, 'HOTEL', 'TORONEOS', 46, '2014-06-18 21:46:05', '2014-06-18 21:46:05'),
(67, 'HOTEL', 'CARINA', 26, '2014-06-19 22:20:38', '2014-06-19 22:20:38'),
(68, 'VILA', 'MARIA', 47, '2014-06-21 10:42:20', '2014-06-21 10:42:20'),
(69, 'VILA', 'MARIA', 47, '2014-06-21 10:57:34', '2014-06-21 10:57:34'),
(70, 'VILA', 'PETRIDIS', 27, '2014-06-21 17:09:51', '2014-06-21 17:09:51'),
(72, 'Vila', 'Atena', 48, '2014-06-21 17:38:51', '2014-06-21 17:38:51'),
(73, 'HOTEL', 'TURKIN', 26, '2014-06-29 23:31:20', '2014-06-29 23:31:20'),
(74, 'Vila', 'VILLAGIO', 49, '2014-07-01 20:20:17', '2014-07-01 20:45:16'),
(75, 'VILA', 'KATARINA APP', 49, '2014-07-01 20:42:41', '2014-07-01 20:42:41'),
(76, 'VILA', 'POLYKSENI', 49, '2014-07-01 21:01:06', '2014-07-01 21:01:06'),
(77, 'VILA ', 'PATRIKIS', 49, '2014-07-01 21:03:57', '2014-07-01 21:03:57'),
(78, 'APP', 'MARIA APP', 49, '2014-07-01 21:10:21', '2014-07-01 21:10:21'),
(79, 'VILA', 'MARIA', 49, '2014-07-01 21:10:28', '2014-07-01 21:10:28'),
(80, 'HOTEL', 'KATARINA ALEXIS', 49, '2014-07-01 21:21:30', '2014-07-01 21:21:30'),
(81, 'VILA', 'GELA', 49, '2014-07-01 21:33:35', '2014-07-01 21:33:35'),
(82, 'VILA', 'OASIS', 22, '2014-07-01 21:49:49', '2014-07-01 21:49:49'),
(83, 'HOTEL', 'KANTARELLIS', 49, '2014-07-01 22:01:13', '2014-07-01 22:01:13'),
(84, 'VILA', 'OAZIS', 22, '2014-07-01 22:25:15', '2014-07-01 22:25:15'),
(85, 'Vila ', 'Rivers', 50, '2014-07-05 21:42:37', '2014-07-05 21:42:37'),
(86, 'Vila', 'Aggeliki', 24, '2014-07-05 21:49:21', '2014-07-05 21:49:21'),
(87, 'VILA', 'LAKIS PLUS', 24, '2014-07-05 21:56:22', '2014-07-05 21:56:22'),
(88, 'Vila', 'Filipos House', 24, '2014-07-05 22:02:15', '2014-07-05 22:02:15'),
(89, 'VILA', 'GIANNIS STUDIOS', 50, '2014-07-05 22:07:44', '2014-07-05 22:07:44'),
(90, 'VILA', 'JULIJA STUDIOS', 50, '2014-07-05 22:12:10', '2014-07-05 22:12:10'),
(91, 'HOTEL', 'DIVA', 50, '2014-07-06 12:25:07', '2014-07-06 12:25:07'),
(92, 'VILA', 'ZANTE D''ORO', 50, '2014-07-06 12:41:46', '2014-07-06 12:41:46'),
(93, 'VILA', 'NEFELI HOUSE', 24, '2014-07-06 12:56:23', '2014-07-06 12:56:23'),
(94, 'HOTEL', 'ALBATROS', 50, '2014-07-06 13:15:15', '2014-07-06 13:15:15'),
(95, 'VILA', 'RIVER STUDIOS', 50, '2014-07-06 13:20:02', '2014-07-06 13:20:02'),
(96, 'VILA', 'NIKOS STUDIOS', 50, '2014-07-06 13:39:18', '2014-07-06 13:39:18'),
(97, 'HOTEL', 'CLUB ANRA', 26, '2014-07-06 17:52:47', '2014-07-06 17:52:47'),
(98, 'VILA', 'MIHALIS', 52, '2014-07-06 17:57:07', '2014-07-06 17:57:07'),
(99, 'VILA', 'GALERA', 53, '2014-07-06 18:01:42', '2014-07-06 18:01:42'),
(100, 'VILA', 'LAMBOV', 54, '2014-07-06 18:07:21', '2014-07-06 18:07:21'),
(101, 'VILA', 'SPIRIDOULA', 55, '2014-07-06 18:17:12', '2014-07-06 18:17:12'),
(102, 'VILA', 'DAFNI PLUS', 56, '2014-07-06 18:22:39', '2014-07-06 18:22:39'),
(103, 'HOTEL', 'XPERIA KANDELOR', 57, '2014-07-06 18:31:04', '2014-07-06 18:31:04'),
(104, 'HOTEL', 'AITHRIO', 58, '2014-07-06 18:35:57', '2014-07-06 18:35:57'),
(105, 'VILA', 'VENGALIS', 22, '2014-07-06 18:41:27', '2014-07-06 18:41:27'),
(106, 'VILA', 'KOSTADINOS', 22, '2014-07-06 18:45:22', '2014-07-06 18:45:22'),
(107, 'VILA', 'ALEXANDRA 1', 28, '2014-07-06 18:56:59', '2014-07-06 18:56:59'),
(108, 'HOTEL', 'EL KANTAOUI CENTER', 59, '2014-07-08 18:50:33', '2014-07-08 18:50:33');

-- --------------------------------------------------------

--
-- Table structure for table `accomodation_units`
--

CREATE TABLE IF NOT EXISTS `accomodation_units` (
  `id` int(11) NOT NULL AUTO_INCREMENT,
  `name` varchar(12) COLLATE utf8_unicode_ci NOT NULL DEFAULT 'soba',
  `capacity` int(2) NOT NULL,
  `number` int(3) NOT NULL,
  `accommodations_id` int(11) NOT NULL,
  `created_at` datetime NOT NULL,
  `updated_at` datetime NOT NULL,
  PRIMARY KEY (`id`),
  KEY `accommodations_id` (`accommodations_id`)
) ENGINE=InnoDB  DEFAULT CHARSET=utf8 COLLATE=utf8_unicode_ci AUTO_INCREMENT=124 ;

--
-- Dumping data for table `accomodation_units`
--

INSERT INTO `accomodation_units` (`id`, `name`, `capacity`, `number`, `accommodations_id`, `created_at`, `updated_at`) VALUES
(31, 'STUDIO', 2, 3, 29, '2014-05-15 20:54:14', '2014-05-24 21:43:52'),
(32, 'STUDIO', 3, 4, 30, '2014-05-15 20:55:45', '2014-05-24 21:44:08'),
(33, 'APARTMAN', 3, 3, 31, '2014-05-15 20:59:08', '2014-05-24 21:44:23'),
(34, 'HOTEL', 3, 1, 32, '2014-05-19 20:14:37', '2014-05-24 21:44:36'),
(35, 'STUDIO', 4, 7, 33, '2014-05-20 23:09:50', '2014-05-24 21:44:51'),
(36, 'APARTMAN', 4, 1, 34, '2014-05-22 09:22:06', '2014-05-24 21:45:02'),
(37, 'STD', 2, 1, 35, '2014-05-30 13:08:51', '2014-05-30 13:08:51'),
(38, 'APP', 4, 1, 36, '2014-05-30 22:45:06', '2014-05-30 22:45:06'),
(39, 'Duplex 1/5', 5, 1, 37, '2014-05-30 23:36:03', '2014-05-30 23:36:03'),
(40, 'STD 1/2', 1, 1, 38, '2014-06-01 19:59:43', '2014-06-01 19:59:43'),
(41, 'STD 1/2', 2, 1, 39, '2014-06-01 20:35:51', '2014-06-01 20:44:59'),
(42, 'STD 1/2', 2, 1, 40, '2014-06-01 20:50:26', '2014-06-01 20:50:26'),
(43, 'Soba 1/2', 1, 1, 41, '2014-06-01 21:07:39', '2014-06-01 21:07:39'),
(44, 'Soba 1/2', 2, 1, 42, '2014-06-01 21:38:21', '2014-06-01 21:38:21'),
(45, 'Soba', 2, 1, 43, '2014-06-01 21:47:00', '2014-06-01 21:47:00'),
(46, 'STD 1/2', 2, 1, 44, '2014-06-01 22:02:02', '2014-06-01 22:02:02'),
(47, 'Soba', 2, 1, 45, '2014-06-01 22:22:37', '2014-06-01 22:22:37'),
(48, 'Soba', 2, 1, 46, '2014-06-01 22:29:30', '2014-06-01 22:29:30'),
(49, 'STD 1/3', 3, 1, 47, '2014-06-01 22:41:15', '2014-06-01 22:41:15'),
(51, 'Hotel', 3, 1, 32, '2014-06-01 22:55:15', '2014-06-01 22:55:15'),
(52, 'Hotel', 6, 1, 32, '2014-06-01 22:55:15', '2014-06-01 22:55:15'),
(53, 'Izlet', 0, 0, 49, '2014-06-01 22:58:08', '2014-06-01 22:58:08'),
(54, 'Soba - Cirih', 2, 1, 50, '2014-06-01 23:31:01', '2014-06-01 23:31:01'),
(55, 'Soba - Milan', 2, 1, 50, '2014-06-01 23:31:01', '2014-06-01 23:31:01'),
(56, 'Soba', 2, 1, 51, '2014-06-01 23:49:13', '2014-06-01 23:49:13'),
(57, 'Soba', 2, 1, 52, '2014-06-02 00:01:39', '2014-06-02 00:01:39'),
(58, 'Soba', 2, 1, 53, '2014-06-02 00:24:12', '2014-06-02 00:24:12'),
(59, 'Soba', 2, 1, 54, '2014-06-02 07:22:58', '2014-06-02 07:22:58'),
(60, 'Soba', 3, 1, 55, '2014-06-02 07:32:02', '2014-06-02 07:38:15'),
(61, 'Soba 1/3', 3, 1, 56, '2014-06-02 07:42:11', '2014-06-02 07:42:11'),
(62, 'Soba 1/2', 2, 1, 57, '2014-06-02 07:53:45', '2014-06-02 07:53:45'),
(63, 'Soba 1/1', 1, 1, 58, '2014-06-02 08:05:55', '2014-06-02 08:05:55'),
(64, 'Soba 1/1', 1, 1, 59, '2014-06-02 08:05:59', '2014-06-02 08:05:59'),
(65, 'Soba 1/2', 2, 1, 59, '2014-06-02 08:12:32', '2014-06-02 08:12:32'),
(66, 'STD', 2, 1, 60, '2014-06-11 18:53:07', '2014-06-11 18:53:07'),
(67, 'STD', 3, 1, 60, '2014-06-11 18:53:08', '2014-06-11 18:53:08'),
(69, 'Soba 1/2', 2, 1, 62, '2014-06-13 21:07:19', '2014-06-13 21:38:48'),
(70, 'Soba 1/3', 3, 1, 62, '2014-06-13 21:32:07', '2014-06-13 21:38:49'),
(71, 'SOBA 1/2', 2, 1, 63, '2014-06-18 16:50:04', '2014-06-18 16:50:04'),
(72, 'SOBA 1/2', 2, 1, 64, '2014-06-18 17:05:06', '2014-06-18 17:05:06'),
(73, 'APP 1/2', 2, 1, 65, '2014-06-18 17:21:16', '2014-06-18 17:21:16'),
(74, 'SOBA 1/4', 4, 1, 66, '2014-06-18 21:46:05', '2014-06-18 21:46:05'),
(75, 'SOBA 1/2', 2, 1, 67, '2014-06-19 22:20:38', '2014-06-19 22:20:38'),
(76, 'STD 1/2', 2, 1, 68, '2014-06-21 10:42:20', '2014-06-21 10:42:20'),
(77, 'STD 1/3', 3, 1, 69, '2014-06-21 10:57:34', '2014-06-21 10:57:34'),
(78, 'STD 1/3', 3, 1, 70, '2014-06-21 17:09:51', '2014-06-21 17:09:51'),
(80, 'APP', 4, 1, 72, '2014-06-21 17:38:51', '2014-06-21 17:38:51'),
(81, 'SOBA 1/2', 2, 5, 73, '2014-06-29 23:31:20', '2014-06-29 23:31:20'),
(82, 'SOBA 1/3', 3, 5, 73, '2014-06-29 23:31:20', '2014-06-29 23:31:20'),
(83, 'APP', 4, 2, 74, '2014-07-01 20:20:17', '2014-07-01 20:20:17'),
(84, 'APP', 4, 3, 75, '2014-07-01 20:42:41', '2014-07-01 20:42:41'),
(85, 'APP', 2, 2, 74, '2014-07-01 20:46:18', '2014-07-01 20:46:18'),
(86, 'APP', 3, 2, 74, '2014-07-01 20:46:19', '2014-07-01 20:46:19'),
(87, 'STD 1/4', 4, 3, 76, '2014-07-01 21:01:06', '2014-07-01 21:01:06'),
(88, 'STD 1/2', 2, 3, 77, '2014-07-01 21:03:57', '2014-07-01 21:03:57'),
(89, 'STD', 2, 3, 78, '2014-07-01 21:10:21', '2014-07-01 21:10:21'),
(90, 'STD 1/2', 2, 3, 79, '2014-07-01 21:10:28', '2014-07-01 21:10:28'),
(91, 'STD 1/3', 3, 2, 80, '2014-07-01 21:21:30', '2014-07-01 21:21:30'),
(92, 'STD', 4, 2, 81, '2014-07-01 21:33:35', '2014-07-01 21:33:35'),
(93, 'STD', 4, 2, 82, '2014-07-01 21:49:49', '2014-07-01 21:49:49'),
(94, 'SOBA 1/2', 2, 2, 83, '2014-07-01 22:01:13', '2014-07-01 22:01:13'),
(95, 'STD 1/3', 3, 1, 84, '2014-07-01 22:25:15', '2014-07-01 22:25:15'),
(96, 'STD 1/2', 2, 2, 85, '2014-07-05 21:42:37', '2014-07-05 21:42:37'),
(97, 'STD 1/4', 4, 2, 86, '2014-07-05 21:49:21', '2014-07-05 21:49:21'),
(98, 'STD 1/3', 3, 2, 87, '2014-07-05 21:56:22', '2014-07-05 21:56:22'),
(99, 'STD 1/3', 3, 2, 88, '2014-07-05 22:02:15', '2014-07-05 22:02:15'),
(100, 'STD 1/2', 2, 2, 89, '2014-07-05 22:07:44', '2014-07-05 22:07:44'),
(101, 'STD 1/4', 4, 2, 90, '2014-07-05 22:12:10', '2014-07-05 22:12:10'),
(102, 'SOBA 1/3', 3, 2, 91, '2014-07-06 12:25:07', '2014-07-06 12:25:07'),
(103, 'SOBA 1/2', 2, 2, 91, '2014-07-06 12:25:07', '2014-07-06 12:25:07'),
(104, 'STD 1/2', 2, 2, 92, '2014-07-06 12:41:46', '2014-07-06 12:41:46'),
(105, 'STD 1/3', 3, 2, 92, '2014-07-06 12:46:38', '2014-07-06 12:46:38'),
(106, 'STD 1/3', 3, 2, 93, '2014-07-06 12:56:23', '2014-07-06 12:56:23'),
(107, 'STD 1/3', 3, 2, 94, '2014-07-06 13:15:15', '2014-07-06 13:15:15'),
(108, 'STD 1/2+1/3', 5, 2, 95, '2014-07-06 13:20:02', '2014-07-06 13:20:02'),
(109, 'STD 1/4', 4, 2, 96, '2014-07-06 13:39:18', '2014-07-06 13:39:18'),
(110, 'STD 1/5', 5, 2, 96, '2014-07-06 13:39:18', '2014-07-06 13:39:18'),
(111, 'STD 1/2', 2, 2, 94, '2014-07-06 13:49:53', '2014-07-06 13:49:53'),
(112, 'SOBA 1/2', 2, 2, 97, '2014-07-06 17:52:47', '2014-07-06 17:52:47'),
(113, 'STD 1/2', 2, 2, 98, '2014-07-06 17:57:07', '2014-07-06 17:57:07'),
(114, 'STD 1/2', 2, 2, 99, '2014-07-06 18:01:42', '2014-07-06 18:01:42'),
(115, 'STD 1/2', 2, 2, 100, '2014-07-06 18:07:21', '2014-07-06 18:07:21'),
(116, 'STD 1/2', 2, 2, 101, '2014-07-06 18:17:12', '2014-07-06 18:17:12'),
(117, 'STD 1/3', 3, 2, 102, '2014-07-06 18:22:39', '2014-07-06 18:22:39'),
(118, 'SOBA 1/2', 2, 2, 103, '2014-07-06 18:31:04', '2014-07-06 18:31:04'),
(119, 'SOBA 1/4', 4, 2, 104, '2014-07-06 18:35:57', '2014-07-06 18:35:57'),
(120, 'STD 1/2', 2, 2, 105, '2014-07-06 18:41:27', '2014-07-06 18:41:27'),
(121, 'STD 1/3+1', 4, 2, 106, '2014-07-06 18:45:22', '2014-07-06 18:45:22'),
(122, 'STD 1/2', 2, 2, 107, '2014-07-06 18:56:59', '2014-07-06 18:56:59'),
(123, 'SOBA 1/1', 1, 1, 108, '2014-07-08 18:50:33', '2014-07-08 18:50:33');

-- --------------------------------------------------------

--
-- Table structure for table `categories`
--

CREATE TABLE IF NOT EXISTS `categories` (
  `id` int(11) NOT NULL AUTO_INCREMENT,
  `name` varchar(32) COLLATE utf8_unicode_ci NOT NULL,
  `current` tinyint(1) NOT NULL DEFAULT '1',
  `created_at` datetime NOT NULL,
  `updated_at` datetime NOT NULL,
  PRIMARY KEY (`id`)
) ENGINE=InnoDB  DEFAULT CHARSET=utf8 COLLATE=utf8_unicode_ci AUTO_INCREMENT=30 ;

--
-- Dumping data for table `categories`
--

INSERT INTO `categories` (`id`, `name`, `current`, `created_at`, `updated_at`) VALUES
(14, '', 1, '2014-05-15 18:24:11', '2014-05-15 18:24:11'),
(15, 'Leto 2014', 1, '2014-05-16 08:59:03', '2014-05-16 08:59:03'),
(16, 'Prolece 2014', 1, '2014-05-18 21:17:26', '2014-05-18 21:17:26'),
(17, 'Espana break 2014', 1, '2014-05-19 20:12:15', '2014-05-19 20:12:15'),
(18, 'Jesen 2014', 1, '2014-05-23 00:22:48', '2014-05-23 00:22:48'),
(19, 'Espanja Break', 1, '2014-05-30 14:22:50', '2014-05-30 14:22:50'),
(20, 'Espana Break', 1, '2014-05-30 22:41:48', '2014-05-30 22:41:48'),
(21, 'Espana Break APP', 1, '2014-05-30 22:43:04', '2014-05-30 22:43:04'),
(22, 'Leto 2014', 1, '2014-05-30 23:33:11', '2014-05-30 23:33:11'),
(23, '1. maj', 1, '2014-06-01 20:31:52', '2014-06-01 20:31:52'),
(24, 'Spring Break 2014', 1, '2014-06-01 22:00:40', '2014-06-01 22:00:40'),
(25, 'Izlet', 1, '2014-06-01 22:50:28', '2014-06-01 22:50:28'),
(26, 'Zima 2014', 1, '2014-06-01 23:47:30', '2014-06-01 23:47:30'),
(27, 'Dan zaljubljenih', 1, '2014-06-02 00:09:46', '2014-06-02 00:09:46'),
(28, '8. mart', 1, '2014-06-02 00:31:22', '2014-06-02 00:31:22'),
(29, 'Leto za mlade', 1, '2014-06-13 21:04:16', '2014-06-13 21:04:16');

-- --------------------------------------------------------

--
-- Table structure for table `destinations`
--

CREATE TABLE IF NOT EXISTS `destinations` (
  `id` int(11) NOT NULL AUTO_INCREMENT,
  `country` varchar(30) COLLATE utf8_unicode_ci NOT NULL,
  `town` varchar(30) COLLATE utf8_unicode_ci NOT NULL,
  `description` text COLLATE utf8_unicode_ci,
  `updated_at` datetime DEFAULT NULL,
  `created_at` datetime NOT NULL,
  PRIMARY KEY (`id`)
) ENGINE=InnoDB  DEFAULT CHARSET=utf8 COLLATE=utf8_unicode_ci AUTO_INCREMENT=60 ;

--
-- Dumping data for table `destinations`
--

INSERT INTO `destinations` (`id`, `country`, `town`, `description`, `updated_at`, `created_at`) VALUES
(20, 'Grčka', 'Skiatos', 'Grčko ostrvo', '2014-05-30 13:51:18', '2014-05-15 18:30:12'),
(21, 'Grčka', 'Paralija', 'Olimpiska regija', '2014-05-15 18:30:14', '2014-05-15 18:30:14'),
(22, 'Grčka', 'Krf', 'Grčka ostrva', '2014-05-17 20:52:51', '2014-05-15 18:30:15'),
(23, 'Grčka', 'Lefkada', 'Grčka ostrva', '2014-05-15 18:33:21', '2014-05-15 18:30:22'),
(24, 'Grčka', 'Neos Marmaras', 'Halkidiki', '2014-05-15 18:33:46', '2014-05-15 18:30:23'),
(25, 'Španija', 'Ljoret de Mar', 'Studenti', '2014-05-30 13:51:44', '2014-05-19 20:13:29'),
(26, 'Turska', 'Kusadasi', 'Leto za mlade', '2014-05-30 13:52:17', '2014-05-28 22:23:31'),
(27, 'Grčka', 'Pefkohori', 'Halkidiki', '2014-05-30 13:50:32', '2014-05-30 13:07:51'),
(28, 'Grčka', 'Tasos', NULL, '2014-05-30 23:33:37', '2014-05-30 23:33:37'),
(29, 'Grčka', 'Krf', NULL, '2014-06-01 19:58:39', '2014-06-01 19:58:39'),
(30, 'Makedonija ', 'Ohrid', 'Jezero', '2014-06-02 07:20:54', '2014-06-01 20:30:10'),
(31, 'Češka', 'Prag', 'Zlatni Grad', '2014-06-02 07:21:11', '2014-06-01 21:06:04'),
(32, 'Austrija', 'Beč', NULL, '2014-06-01 21:37:21', '2014-06-01 21:37:21'),
(33, 'Grčka', 'Solun', NULL, '2014-06-01 21:46:14', '2014-06-01 21:46:14'),
(34, 'Nemačka', 'Berlin', NULL, '2014-06-01 22:21:47', '2014-06-01 22:21:47'),
(35, 'Italija', 'Venecija', NULL, '2014-06-01 22:28:55', '2014-06-01 22:28:55'),
(36, 'Bosna i Hercegovina', 'Sarajevo', NULL, '2014-06-01 22:51:22', '2014-06-01 22:51:22'),
(37, 'Švajcarska', 'Cirih', NULL, '2014-06-01 23:29:47', '2014-06-01 23:29:47'),
(38, 'Bugarska', 'Bansko', NULL, '2014-06-01 23:48:19', '2014-06-01 23:48:19'),
(39, 'Srbija', 'Zlatibor', NULL, '2014-06-02 00:23:28', '2014-06-02 00:23:28'),
(40, 'Mađarska', 'Budimpešta', NULL, '2014-06-02 07:19:23', '2014-06-02 07:19:23'),
(42, 'Ujedinjeni Arapski Emirati', 'Dubai', NULL, '2014-06-02 07:52:12', '2014-06-02 07:52:12'),
(43, 'Spanijaaaaa', 'Barcaaaaa', '123', '2014-06-07 09:53:28', '2014-06-07 09:53:28'),
(44, 'Grčka', 'Parga', NULL, '2014-06-11 18:50:09', '2014-06-11 18:50:09'),
(45, 'EGIPAT', 'HURGADA', NULL, '2014-06-18 16:48:56', '2014-06-18 16:48:56'),
(46, 'GRČKA', 'NIKITI', NULL, '2014-06-18 21:45:02', '2014-06-18 21:45:02'),
(47, 'Grčka', 'Hanioti', NULL, '2014-06-21 10:41:35', '2014-06-21 10:41:35'),
(48, 'Hrvatska', 'Makarska', NULL, '2014-06-21 17:35:26', '2014-06-21 17:35:26'),
(49, 'Grčka', 'Krf - Sidari', NULL, '2014-07-01 20:41:43', '2014-07-01 20:41:43'),
(50, 'Grčka', 'Zakintos', NULL, '2014-07-05 21:41:46', '2014-07-05 21:41:46'),
(51, 'Grčka', 'Neos Marmaras', NULL, '2014-07-05 21:48:38', '2014-07-05 21:48:38'),
(52, 'GRČKA', 'STAVROS', NULL, '2014-07-06 17:56:27', '2014-07-06 17:56:27'),
(53, 'GRČKA', 'KEFALONIJA', NULL, '2014-07-06 18:01:05', '2014-07-06 18:01:05'),
(54, 'BUGARSKA', 'NESEBAR', NULL, '2014-07-06 18:06:55', '2014-07-06 18:06:55'),
(55, 'GRČKA', 'SANTORINI', NULL, '2014-07-06 18:16:37', '2014-07-06 18:16:37'),
(56, 'GRČKA', 'LEPTOKARIA', NULL, '2014-07-06 18:22:01', '2014-07-06 18:22:01'),
(57, 'TURSKA', 'ALANJA', NULL, '2014-07-06 18:30:29', '2014-07-06 18:30:29'),
(58, 'GRČKA', 'PELOPONEZ', NULL, '2014-07-06 18:35:17', '2014-07-06 18:35:17'),
(59, 'Tunis', 'Port el Kantaoui', NULL, '2014-07-08 18:49:51', '2014-07-08 18:49:51');

-- --------------------------------------------------------

--
-- Table structure for table `excursion`
--

CREATE TABLE IF NOT EXISTS `excursion` (
  `id` int(11) NOT NULL AUTO_INCREMENT,
  `excursionItem` varchar(50) COLLATE utf8_unicode_ci NOT NULL,
  `description` text COLLATE utf8_unicode_ci,
  `priceDin` float NOT NULL,
  `priceEur` float NOT NULL,
  `created_at` datetime NOT NULL,
  `updated_at` datetime NOT NULL,
  PRIMARY KEY (`id`),
  KEY `id` (`id`),
  KEY `id_2` (`id`)
) ENGINE=InnoDB  DEFAULT CHARSET=utf8 COLLATE=utf8_unicode_ci AUTO_INCREMENT=15 ;

--
-- Dumping data for table `excursion`
--

INSERT INTO `excursion` (`id`, `excursionItem`, `description`, `priceDin`, `priceEur`, `created_at`, `updated_at`) VALUES
(3, 'Teologos', NULL, 0, 25, '2014-09-17 20:59:40', '2014-09-17 20:59:40'),
(4, 'Teologos', NULL, 0, 25, '2014-09-17 20:59:40', '2014-09-17 20:59:40'),
(5, 'Teologos', NULL, 0, 25, '2014-09-17 20:59:40', '2014-09-17 20:59:40'),
(9, 'TeologosNovi', NULL, 0, 30, '2014-09-17 21:17:45', '2014-09-18 00:27:08'),
(14, 'Teosos', NULL, 0, 10, '2014-09-18 00:27:08', '2014-09-18 00:27:08');

-- --------------------------------------------------------

--
-- Table structure for table `excursion_payments`
--

CREATE TABLE IF NOT EXISTS `excursion_payments` (
  `id` int(11) NOT NULL AUTO_INCREMENT,
  `passanger_id` int(11) NOT NULL,
  `reservation_id` int(11) NOT NULL,
  `date` date NOT NULL,
  `exchange_rate` decimal(7,2) NOT NULL,
  `amount_din` decimal(11,2) DEFAULT NULL,
  `amount_eur_din` decimal(11,2) DEFAULT NULL,
  `description` text CHARACTER SET utf8 COLLATE utf8_unicode_ci,
  `status` int(1) NOT NULL DEFAULT '1',
  `created_at` datetime NOT NULL,
  `updated_at` datetime NOT NULL,
  PRIMARY KEY (`id`),
  KEY `passanger_id` (`passanger_id`),
  KEY `reservation_id` (`reservation_id`)
) ENGINE=InnoDB  DEFAULT CHARSET=utf16 AUTO_INCREMENT=2 ;

--
-- Dumping data for table `excursion_payments`
--

INSERT INTO `excursion_payments` (`id`, `passanger_id`, `reservation_id`, `date`, `exchange_rate`, `amount_din`, `amount_eur_din`, `description`, `status`, `created_at`, `updated_at`) VALUES
(1, 223, 265, '2014-11-11', '121.56', '0.00', '2431.20', '', 1, '2014-11-11 17:03:40', '2014-11-11 17:03:40');

-- --------------------------------------------------------

--
-- Table structure for table `organizers`
--

CREATE TABLE IF NOT EXISTS `organizers` (
  `pib` int(9) NOT NULL,
  `mat_br` char(12) COLLATE utf8_unicode_ci DEFAULT NULL,
  `name` varchar(20) COLLATE utf8_unicode_ci NOT NULL,
  `email` varchar(40) COLLATE utf8_unicode_ci NOT NULL,
  `address` varchar(50) COLLATE utf8_unicode_ci DEFAULT NULL,
  `phone` varchar(16) COLLATE utf8_unicode_ci DEFAULT NULL,
  `web` varchar(40) COLLATE utf8_unicode_ci DEFAULT NULL,
  `provision` int(3) DEFAULT NULL,
  `licence` varchar(13) COLLATE utf8_unicode_ci DEFAULT NULL,
  `bankAccount` varchar(50) COLLATE utf8_unicode_ci DEFAULT NULL,
  `created_at` datetime NOT NULL,
  `updated_at` datetime NOT NULL,
  PRIMARY KEY (`pib`)
) ENGINE=InnoDB DEFAULT CHARSET=utf8 COLLATE=utf8_unicode_ci;

--
-- Dumping data for table `organizers`
--

INSERT INTO `organizers` (`pib`, `mat_br`, `name`, `email`, `address`, `phone`, `web`, `provision`, `licence`, `bankAccount`, `created_at`, `updated_at`) VALUES
(100062149, '17130609', 'Sabra Travel', 'sabra@sabra.rs', 'Ilije Garašanina 20, Beograd', '0114147077', 'www.sabra.rs', 10, 'OTP 123/2014', NULL, '2014-05-25 11:21:23', '2014-05-30 13:54:40'),
(100247919, '17075365', 'Robinson Travel', 'info@robinson.rs', 'Beogradska 29, Beograd', '0113346776', 'www.robinson.rs', 10, 'OTP 007/2010', NULL, '2014-05-25 13:44:03', '2014-05-30 13:58:04'),
(100420804, '17380699', 'Kalodoukas Holidays', 'informacije@kalodoukas.com', 'Čubrina 5, Beograd', '0112626099', 'www.kalodoukas.com', 0, 'OTP 138/2010', NULL, '2014-05-25 13:12:16', '2014-05-30 14:07:19'),
(100526441, '06079172', 'Bravo Tours', 'bravoturs@gmail.com', 'Masarikov Trg bb, Leskovac', '016243448', 'www.bravotours.rs', 0, 'OTP 223/2010', NULL, '2014-05-24 21:53:30', '2014-06-10 23:24:15'),
(101031973, '17170368', 'Lui Travel', 'luitravel@gmail.com ', 'Brankova 23, Beograd', ' 0112620530', 'www.luitravel.com', 0, 'OTP 23/2010', NULL, '2014-05-24 22:13:57', '2014-06-10 23:29:34'),
(101175477, '07613857', 'Plana Tours', 'officenbg@planatours.rs', 'Đorđa Stanojevića 11đ lokal 9, Beograd', '0116557012', 'www.planatours.rs', 0, 'OTP 506/2010', NULL, '2014-06-01 21:05:29', '2014-06-10 23:32:53'),
(101208890, '17051687', 'Banbus', 'office@banbus.co.rs', 'Balkanska 35 – 39, Beograd', '0113625555', 'www.banbus.co.rs', 0, 'OTP 34/2010', NULL, '2014-05-20 23:14:59', '2014-06-10 23:22:39'),
(101666595, '06319530', 'Eurojet', 'office@eurojet.rs', 'Gračanička 11, Beograd', '0113284323', 'www.eurojet.rs', 0, 'OTP 179/2010', NULL, '2014-05-25 13:39:39', '2014-06-10 23:26:36'),
(101709594, '08582041', 'Cormoran ', 'office@cormoran.co.rs', 'YUBC tržni centar lokal 10, Beograd', '0113121200', 'www.cormoran.co.rs', 0, 'OTP 384/2010', NULL, '2014-05-24 22:28:49', '2014-06-10 23:25:24'),
(101723611, '07485166', 'Omniturs', 'omniturs@gmail.com', 'Dragoslava Jovanovića 3', '0113349381', 'www.omniturs.rs', 0, 'OTP 235/2010', NULL, '2014-05-15 19:12:15', '2014-06-10 23:31:58'),
(102776379, '17463977', 'Sunline', 'info@sunline.rs', 'Vuka Karadžića 7a, Beograd', '0113285688', 'www.sunline.rs', 0, '85/2010', NULL, '2014-07-08 18:49:18', '2014-07-08 18:49:18'),
(103225917, '17534785', 'Millenium ', 'tsmillenium2003@yahoo.com ', 'Čajkina 28,Trstenik ', '037713611', 'www.millenium-ts.com', 0, '123/2014', NULL, '2014-06-01 23:10:59', '2014-06-07 16:28:27'),
(103721228, '20006544', 'Rapsody travel', 'sasa@rapsodytravel.com', 'Vojvode Šupljikca 19', '0652000783', 'www.rapsodytravel.com', 0, 'OTP 462/2010', NULL, '2014-05-15 18:53:04', '2014-06-10 23:33:22'),
(104229626, '20122897', 'Viva travel', 'office@vivatravel.rs', 'Krunska br.48', '0117852800', 'www.vivatravel.rs', 0, 'OTP 61/2010', NULL, '2014-05-15 21:31:38', '2014-06-10 23:35:16'),
(104233719, 'Empty', 'BARCINO TOURS', 'office@barcino.travel', 'Cara Dušana 39, Niš', '018292980', 'www.barcino.travel', 0, '186/2010', NULL, '2014-06-18 17:03:30', '2014-06-18 21:05:51'),
(104518987, '20179961', 'Big Blue', 'info@bigblue.rs', 'Makedonska 4, Beograd', '0114141411 ', 'www.bigblue.rs', 0, 'OTP 255/2010', NULL, '2014-05-24 21:50:03', '2014-06-10 23:23:24'),
(104587418, '20195720', 'Wayout', 'office@wayout.co.rs', 'Gavrila Principa 57, Beograd', '0114144284', 'www.wayout.rs', 0, 'OTP 390/2010', NULL, '2014-05-20 23:29:00', '2014-06-10 23:35:58'),
(104709920, '20164484', 'Halo Travel', 'info@halotravel.rs', 'Obrenovićeva 17, Niš', '018240800', 'www.halotravel.rs', 0, 'OTP 254/2010', NULL, '2014-05-22 22:45:36', '2014-06-10 23:28:41'),
(104945185, '60626707', 'MM tours', 'tammtours@gmail.com', 'Obrenoviceva BB, TPC Kalča, lokal 103/2', '018521329', 'www.mmtours.rs', 0, 'OTP 585/2010', NULL, '2014-05-15 18:59:14', '2014-06-10 23:30:34'),
(104952939, '61049142', 'Grand Holiday', 'grandholiday@gmail.com', 'Knjaza Miloša 27, Aleksinac', '018808641', 'www.grandholiday.info', 0, 'OTP 55/2011', NULL, '2014-05-24 22:20:47', '2014-06-18 21:09:24'),
(105121841, '20317779', 'Calypso Tours', 'info@calypsotours.info', 'Kralja Milana 4, Beograd', '0631177830', 'www.calypsotours.rs', 0, 'OTP 226/2010', NULL, '2014-06-02 08:04:08', '2014-06-02 08:04:08'),
(105167909, 'Empty', 'Sole Azur', 'prodaja@soleazur.rs', 'Terazije 6, Beograd', '0113626015', 'www.soleazur.rs', 0, 'OTP 142/2010', NULL, '2014-05-25 13:24:49', '2014-06-10 23:34:02'),
(105424321, '20370424', 'Odeon Travel', 'office@odeontravel.rs', 'Kneza Miloša 84, Beograd', '0113238130', 'www.odeontravel.rs', 0, 'OTP 5/2013', NULL, '2014-06-02 00:00:47', '2014-06-02 00:41:17'),
(105504900, '20398957', 'Serbona tours', 'office.serbonaturs@gmail.com', 'Balkanaska 29, Beograd', '0114052922', 'www.serbonaturs.rs', NULL, NULL, NULL, '2014-06-21 10:40:49', '2014-06-21 10:49:06'),
(105525494, '20405317', '1A Travel', 'info@1atravel.rs', 'Kosta Stamenkovića 7/1, Niš', '0184150016', 'www.1atravel.rs', 0, 'OTP 278/2010', NULL, '2014-05-20 23:33:19', '2014-06-10 23:19:38'),
(106383987, '20589914', 'Aero Gaga', 'info@aerogaga.com', 'Bulevar Oslobođenja 43, Beograd', '062280029', 'www.aerogaga.com', 0, 'OTP 5/2013', NULL, '2014-05-24 22:24:37', '2014-06-10 23:20:44'),
(106603127, '21008915', 'MANGA TRIP', 'office@mangatrip.rs', 'BUL. KRALJA ALEKSANDRA 112', '0113441016', 'www.mangatrip.rs', 0, '615/2010', NULL, '2014-07-06 18:15:54', '2014-07-06 18:15:54'),
(106627548, '20647302', 'Mouzenidis travel', 'office@mouzenidis.rs', 'Brankova 32, Beograd', '0116305522', 'www.mouzenidis.rs', 0, 'OTP 591/2010', NULL, '2014-05-25 13:09:18', '2014-06-10 23:31:12'),
(107098366, '20741309', 'VIP TOURS & SERVICE', 'viptoursnis@yahoo.com ', 'Trg Pavla Stojkovića 12, Niš', '018257825 ', 'www.viptours.rs', 0, 'OTP 20/2013', NULL, '2014-05-20 23:18:48', '2014-06-10 23:34:41'),
(107412777, '20797525', 'Prestige BG travel', 'prestigesb.bg@gmail.com', 'Balkanska 35-39, Beograd', '0112688075', 'www.prestigetravel.rs', 12, 'OTP 26/2012', NULL, '2014-06-21 10:54:38', '2014-06-21 10:54:38'),
(107502133, '20815990', 'FAROS TOURS', 'office@farostours.rs', 'Svetogorska 43, Beograd', '0113222044', 'www.farostours.rs', 0, '27/2012', NULL, '2014-06-18 16:48:31', '2014-06-18 21:09:05'),
(107947473, '20902787', 'Clock Travel', 'office@clocktravel.rs', 'Trg republike 6', '066005556', 'www.clocktravel.rs', 0, 'OTP 27/2014', NULL, '2014-05-15 18:38:17', '2014-06-10 23:24:39'),
(108166962, '20944536', 'Aqua BGD travel', 'rezervacije@aquatravel.rs', 'Čumićevo Sokače lok.138', '0113233652', 'www.aquatravel.rs', 0, 'OTP 93/2013', NULL, '2014-05-15 19:04:11', '2014-06-10 23:21:55'),
(135436457, '17307398', 'Halo Tours', 'office@halotours.co.rs', 'Majke Jevrosime 40, Beograd', '0113222984', 'www.halotours.rs', 0, 'OTP 66/2010', NULL, '2014-05-22 22:40:46', '2014-06-10 23:27:56');

-- --------------------------------------------------------

--
-- Table structure for table `passanger`
--

CREATE TABLE IF NOT EXISTS `passanger` (
  `id` int(11) NOT NULL AUTO_INCREMENT,
  `jmbg` char(13) COLLATE utf8_unicode_ci NOT NULL,
  `name` varchar(20) COLLATE utf8_unicode_ci NOT NULL,
  `surname` varchar(24) COLLATE utf8_unicode_ci NOT NULL,
  `gender` set('m','f') COLLATE utf8_unicode_ci NOT NULL DEFAULT 'm',
  `address` varchar(40) COLLATE utf8_unicode_ci NOT NULL,
  `tel` varchar(15) COLLATE utf8_unicode_ci DEFAULT NULL,
  `mob` varchar(15) COLLATE utf8_unicode_ci DEFAULT NULL,
  `passport` char(9) COLLATE utf8_unicode_ci DEFAULT NULL,
  `birth_date` date DEFAULT NULL,
  `created_at` datetime NOT NULL,
  `updated_at` datetime NOT NULL,
  PRIMARY KEY (`id`),
  KEY `id` (`id`),
  KEY `jmbg` (`jmbg`)
) ENGINE=InnoDB  DEFAULT CHARSET=utf8 COLLATE=utf8_unicode_ci AUTO_INCREMENT=415 ;

--
-- Dumping data for table `passanger`
--

INSERT INTO `passanger` (`id`, `jmbg`, `name`, `surname`, `gender`, `address`, `tel`, `mob`, `passport`, `birth_date`, `created_at`, `updated_at`) VALUES
(5, '2610985730024', 'Marko', 'Anđelković', 'm', 'Milorada Veljkovića Špaje 9', '', '0691046701', '', '1985-10-26', '2014-05-15 11:15:15', '2014-05-15 11:15:15'),
(6, '1807983733535', 'Milan', 'Miladinović', 'm', 'Aranđelovačka 22', '', '0646404444', '008348689', '1983-07-18', '2014-05-15 18:27:47', '2014-05-15 18:27:47'),
(7, '0706983735053', 'Anita', 'Spasić', 'f', 'Ardijska 20', '', '062460425', '', '1983-06-07', '2014-05-15 21:03:34', '2014-05-15 21:03:34'),
(13, '0610986731011', 'Jelena', 'Petrovic', 'f', 'Vladimira Corovica 23', '', '', '', '1986-10-06', '2014-05-21 22:53:41', '2014-05-21 22:53:41'),
(18, '0611987', 'Miroslav', 'Milovanovic', 'm', 'Vizantijski bulevar 128/1', '', ' 0641720662', '', '1987-11-06', '2014-05-22 18:25:44', '2014-05-22 18:25:44'),
(19, '2608960', 'Nebojša', 'Stojković', 'm', 'Babički odredi 15', '', '063414237', '011584353', '2014-08-26', '2014-05-30 13:36:08', '2014-05-30 13:36:08'),
(20, '2608964', 'Vesna', 'Stojković', 'f', 'Babički odredi 15', '', '', '011584349', '1964-08-26', '2014-05-30 13:39:12', '2014-05-30 13:39:12'),
(23, '0210992', 'Lena', 'Virijević', 'f', 'Slobodana Penezića 13', '', '0600497131', '', '1992-10-02', '2014-05-30 14:26:16', '2014-05-30 14:26:16'),
(25, '0508992', 'Dejana', 'Mladenović', 'f', '', '', '0644800894', '', '1992-05-05', '2014-05-30 15:52:34', '2014-05-30 15:52:34'),
(26, '1812992', 'Teodora', 'Prlinčević', 'f', '', '', '0600992915', '', '1992-12-18', '2014-05-30 15:54:02', '2014-05-30 15:54:02'),
(27, '2510990', 'Nikolina', 'Šakota', 'f', '', '', '0655628748', '009644570', '1990-10-25', '2014-05-30 15:55:30', '2014-05-30 15:55:30'),
(28, '1802992', 'Dušan', 'Nikolić', 'm', '', '', '0628149327', '010197182', '1992-02-18', '2014-05-30 22:26:28', '2014-05-30 22:26:28'),
(29, '2004994', 'Anita', 'Elenkov', 'f', '', '', '062572896', '009737466', '1994-04-20', '2014-05-30 22:28:06', '2014-05-30 22:28:06'),
(30, '2011994', 'Jovana', 'Jovanović', 'f', '', '', '0694960633', '011118716', '1994-11-20', '2014-05-30 22:29:15', '2014-05-30 22:29:15'),
(31, '1311992', 'Lazar', 'Milojević', 'm', '', '', '0655305198', '009214599', '1992-11-13', '2014-05-30 22:30:15', '2014-05-30 22:30:15'),
(32, '2001990', 'Bojana', 'Stošić', 'f', 'Kruševačka 25', '', '0645011262', '009835168', '1990-01-20', '2014-05-30 22:47:43', '2014-05-30 22:47:43'),
(33, '0406990', 'Andjelija', 'Zlatanović', 'f', '', '', '0643068306', '', NULL, '2014-05-30 22:48:53', '2014-05-30 22:48:53'),
(34, '2206990', 'Jovana', 'Mladenović', 'f', '', '', '0642935594', '', '1990-06-22', '2014-05-30 22:57:48', '2014-05-30 22:57:48'),
(35, '0303992', 'Milan', 'Mitić', 'm', '', '', '0643662206', '', '1992-03-03', '2014-05-30 22:59:06', '2014-05-30 22:59:06'),
(36, '2003992', 'Nenad', 'Knežević', 'm', '', '', '0605719588', '010241931', '1992-03-20', '2014-05-30 23:00:21', '2014-05-30 23:00:21'),
(37, '0103993', 'Marija', 'Delibašić', 'f', '', '', '0613003955', '', '1993-03-01', '2014-05-30 23:06:04', '2014-05-30 23:06:04'),
(38, '', 'Dušan ', 'Tomić', 'm', '', '', '0644277643', '', NULL, '2014-05-30 23:09:50', '2014-05-30 23:09:50'),
(39, '0', 'Aleksandar', 'Jovanović', 'm', '', '', '0643859532', '', NULL, '2014-05-30 23:14:38', '2014-05-30 23:14:38'),
(40, '3001990', 'Svetlana', 'Smiljković', 'f', 'Pečenjevce, Leskovac', '', '0642540594', '010869913', '1990-01-30', '2014-05-30 23:17:48', '2014-05-30 23:17:48'),
(41, '2004986', 'Miroslav', 'Stanojević', 'm', '', '', '0693065560', '009965108', '1986-04-20', '2014-05-30 23:19:01', '2014-05-30 23:19:01'),
(42, '2104992', 'Mladen', 'Brzaković', 'f', '', '', '063405460', '', '1992-04-21', '2014-05-30 23:24:18', '2014-05-30 23:24:18'),
(43, '2303989', 'Milan', 'Brzaković', 'm', '', '', '0643341855', '', '1989-03-23', '2014-05-30 23:25:21', '2014-05-30 23:25:21'),
(44, '2407989', 'Miona', 'Marković', 'f', '', '', '0637341165', '', '1989-07-24', '2014-05-30 23:26:20', '2014-05-30 23:26:20'),
(45, '1509989', 'Petar', 'Radosavljević', 'm', '', '', '0642870131', '', '1989-09-15', '2014-05-30 23:27:23', '2014-05-30 23:27:23'),
(46, '1209989', 'Tamara', 'Tošić', 'f', '', '', '0642875870', '', '1989-09-12', '2014-05-30 23:28:19', '2014-05-30 23:28:19'),
(47, '0707992', 'Miljana', 'Vučković', 'f', '', '', '', '', '1992-07-07', '2014-05-30 23:29:10', '2014-05-30 23:29:10'),
(48, '1902979', 'Irena', 'Ivanović', 'f', 'Mokranjčeva 83/10, Niš', '', '0631175101', '', '1979-02-19', '2014-05-30 23:38:32', '2014-05-30 23:38:32'),
(49, '0307005', 'Luka', 'Ivanović', 'm', 'Mokranjčeva 83/10, Niš', '', '', '', '2005-07-03', '2014-05-30 23:39:40', '2014-05-30 23:39:40'),
(50, '1507980', 'Ivica', 'Milić', 'm', '', '', '', '', '1980-07-15', '2014-05-30 23:40:31', '2014-05-30 23:40:31'),
(51, '3010981', 'Jelena', 'Anđelković', 'f', '', '', '0631301081', '', '1981-09-30', '2014-05-30 23:41:40', '2014-05-30 23:41:40'),
(52, '1601973', 'Minja', 'Vukadinović', 'f', '', '', '0637229109', '', '1973-01-16', '2014-05-30 23:42:35', '2014-05-30 23:42:35'),
(63, '1808942', 'Vlastimir', 'Marković', 'm', 'Pirotska 14, Niš', '018535703', '', '009714960', '1942-08-18', '2014-06-01 20:13:06', '2014-06-01 20:13:06'),
(64, '1601946', 'Roksanda', 'Marković', 'f', 'Pirotska 14, Niš', '', '', '009714964', '1946-01-16', '2014-06-01 20:14:23', '2014-06-01 20:14:23'),
(65, '0205988', 'Dušam', 'Petković', 'm', 'Boška Buhe 6/7, Niš', '', '0628739689', '', '1988-05-02', '2014-06-01 20:40:28', '2014-06-01 20:40:28'),
(66, '0000999', 'Marija', 'Kojić', 'f', '', '', '', '', NULL, '2014-06-01 20:42:02', '2014-06-01 20:42:02'),
(67, '3107981', 'Vladan', 'Srbulović', 'm', '', '', '0691722865', '009928979', '2014-07-31', '2014-06-01 20:53:23', '2014-06-01 20:53:23'),
(68, '0807981', 'Julijana', 'Popović', 'f', '', '', '', '008313017', '2014-07-08', '2014-06-01 20:54:24', '2014-06-01 20:54:24'),
(69, '0409971', 'Vidosav', 'Đekić', 'm', 'Osmi Kongres prilaz 2, br. 10, Niš', '', '063415519', '', '1971-09-04', '2014-06-01 21:10:19', '2014-06-01 21:10:19'),
(70, '2910971', 'Biljana', 'Dekić', 'f', 'Osmi Kongres, prilaz2, br. 10, Niš', '', '062/1939934', '', '1971-10-29', '2014-06-01 21:11:52', '2014-06-01 21:11:52'),
(72, '0607981', 'Milan', 'Jelenković', 'm', 'Vojislava Ilića 11, Knjaževac', '', '069733627', '008795058', '1981-07-06', '2014-06-01 21:40:25', '2014-06-01 21:40:25'),
(73, '0000888', 'Tamara', 'Jović', 'f', '', '', '0605013231', '007640778', NULL, '2014-06-01 21:42:48', '2014-06-01 21:42:48'),
(74, '1602992', 'Dušan', 'Stamenković', 'm', 'Mišavska 13, Niš', '', '062611992', '007438818', '1992-02-16', '2014-06-01 21:49:48', '2014-06-01 21:49:48'),
(75, '0201995', 'Sanja ', 'Savić', 'f', '', '', '0604427377', '010857223', '1995-01-02', '2014-06-01 21:50:41', '2014-06-01 21:50:41'),
(76, '1512975', 'Aleksandar', 'Đorđević', 'm', 'Zetska 4/25, Niš', '', '0691034021', '009254249', '1975-12-15', '2014-06-01 21:56:18', '2014-06-01 21:56:18'),
(77, '2208979', 'Milica', 'Đorđević', 'f', '', '', '062238016', '009254242', '1979-08-22', '2014-06-01 21:57:33', '2014-06-01 21:57:33'),
(78, '1504995', 'Anđela', 'Jovanović', 'f', '', '', '0611653625', '007421224', '1995-04-15', '2014-06-01 22:04:00', '2014-06-01 22:04:00'),
(79, '0611988', 'Snežana', 'Andrić', 'f', '', '', '0621814277', '008476511', '1988-11-06', '2014-06-01 22:05:02', '2014-06-01 22:05:02'),
(80, '2412988', 'Nikola', 'Petrović', 'm', 'Stevana Sremca bb, Aleksinac', '', '0603879368', '011048944', '1988-12-24', '2014-06-01 22:12:50', '2014-06-01 22:12:50'),
(81, '1606988', 'Branka', 'Samardzija', 'f', '', '', '0613879368', '010300635', '1988-06-16', '2014-06-01 22:14:02', '2014-06-01 22:14:02'),
(82, '1309986', 'Željko', 'Kalezić', 'm', 'Balkanska 4/9', '', '0604233303', '006910545', '1986-09-13', '2014-06-01 22:24:18', '2014-06-01 22:24:18'),
(83, '0207979', 'Tijana', 'Rajković', 'f', '', '', '0641772942', '008500438', '1979-07-02', '2014-06-01 22:25:14', '2014-06-01 22:25:14'),
(84, '2407961', 'Lidija', 'Stanković', 'f', 'Partizanski kurir 3', '', '0600520332', '008502484', '1961-07-24', '2014-06-01 22:31:31', '2014-06-01 22:31:31'),
(85, '0112958', 'Zoran', 'Stanković', 'm', 'Partizanski kurir', '', '', '008502664', '1958-12-01', '2014-06-01 22:32:39', '2014-06-01 22:32:39'),
(86, '0011000', 'Aleksandar', 'Stajić', 'm', 'Radičajevac', '', '0640266266', '', NULL, '2014-06-01 22:43:25', '2014-06-01 22:43:25'),
(87, '1100000', 'Branislav', 'Tasić', 'm', '', '', '062444202', '', NULL, '2014-06-01 22:44:09', '2014-06-01 22:44:09'),
(88, '1111111', 'Stefan', 'Stanković', 'm', '', '', '', '008719261', NULL, '2014-06-01 22:44:55', '2014-06-01 22:44:55'),
(89, '1205984', 'Marija', 'Vasić', 'f', 'Knjaževačka 167, Niš', '', '0600215831', '', '1984-05-12', '2014-06-01 22:59:57', '2014-06-01 22:59:57'),
(90, '1112973', 'Irena', 'Đorđević', 'f', '', '', '0637804840', '', '1973-12-11', '2014-06-01 23:01:04', '2014-06-01 23:01:04'),
(91, '3011964', 'Bratislav', 'Kostić', 'm', 'Omladinskih brigada 82/1', '', '0638670699', '', '1964-11-30', '2014-06-01 23:13:13', '2014-06-01 23:13:13'),
(92, '2210962', 'Milana', 'Đedović Kostić', 'f', '', '', '0644207421', '', '1962-10-22', '2014-06-01 23:19:08', '2014-06-01 23:19:08'),
(93, '1904971', 'Nadica', 'Kostić', 'f', '', '018242293', '', '', '1971-04-19', '2014-06-01 23:23:25', '2014-06-01 23:23:25'),
(94, '3009004', 'Katarina', 'Kostić', 'f', 'Obilićev venac 11/20, Niš', '', '', '', '2004-09-30', '2014-06-01 23:24:28', '2014-06-01 23:24:28'),
(95, '2205961', 'Biljana', 'Dimić', 'f', 'Tome Roksandića 4, Niš', '', '063331193', '', '1961-05-22', '2014-06-01 23:33:19', '2014-06-01 23:33:19'),
(96, '0508958', 'Slavica', 'Đokić', 'f', '', '', '', '008110884', '1958-08-05', '2014-06-01 23:34:05', '2014-06-01 23:34:05'),
(97, '1106980', 'Dušan', 'Ranđelović', 'm', '', '', '0654964154', '', '1980-06-11', '2014-06-01 23:51:32', '2014-06-01 23:51:32'),
(98, '2312982', 'Kristina', 'Ranđelović', 'f', '', '', '', '', '1982-12-23', '2014-06-01 23:53:04', '2014-06-01 23:53:04'),
(99, '3009010', 'Ranđelović', 'Tadej', 'm', '', '', '', '', '2010-09-30', '2014-06-01 23:53:52', '2014-06-01 23:53:52'),
(100, '000111000', 'Danijel', 'Anđelković', 'm', '', '', '0648099481', '007415990', NULL, '2014-06-02 00:05:11', '2014-06-02 00:05:11'),
(101, '1111110000', 'Jelena', 'Dimić', 'f', '', '', '', '007479318', NULL, '2014-06-02 00:05:58', '2014-06-02 00:05:58'),
(102, '3103985', 'Cvetanović', 'Predrag', 'm', 'Rentgenova 001', '', '0652332522', '009732796', '1985-03-31', '2014-06-02 00:12:15', '2014-06-02 00:12:15'),
(103, '2612989', 'Milica', 'Radivojević', 'f', '', '', '', '', '1989-12-26', '2014-06-02 00:13:07', '2014-06-02 00:13:07'),
(104, '1912967', 'Marina', 'Stajić', 'f', '', '', '062410222', '007029577', '1967-12-19', '2014-06-02 00:19:23', '2014-06-02 00:19:23'),
(105, '0407969', 'Đorđević', 'Živana', 'f', '', '', '', '008973476', '1969-07-04', '2014-06-02 00:20:14', '2014-06-02 00:20:14'),
(106, '1902986', 'Dragana', 'Ivković Đokić', 'f', '', '', '0638164702', '', '1986-02-19', '2014-06-02 00:26:14', '2014-06-02 00:26:14'),
(107, '2808985', 'Aleksandar', 'Đokić', 'm', '', '', '', '', '1985-08-28', '2014-06-02 00:26:55', '2014-06-02 00:26:55'),
(108, '2601013', 'Nikolina', 'Đokić', 'f', '', '', '', '', '2013-01-26', '2014-06-02 00:28:45', '2014-06-02 00:28:45'),
(109, '2811976', 'Irena', 'Ljubić', 'f', '', '', '062414572', '', '1976-11-28', '2014-06-02 00:32:57', '2014-06-02 00:32:57'),
(110, '0901992', 'Sabrina', 'Uđilović', 'f', 'Veljka Vlahovića', '', '0637020774', '007825232', '1998-01-09', '2014-06-02 07:24:57', '2014-06-02 07:24:57'),
(111, '0307992', 'Nikolina', 'Lazić Dole', 'f', '', '', '0645405679', '088426806', '1992-07-03', '2014-06-02 07:25:59', '2014-06-02 07:25:59'),
(112, '2107969', 'Slađana', 'Marijanović', 'f', 'Mokranjčeva 85/1, Niš', '', '0621199345', '008413273', '1969-07-21', '2014-06-02 07:33:52', '2014-06-02 07:33:52'),
(113, '0408968', 'Sneža', 'Veljković', 'f', '', '', '062445806', '625204690', '1968-08-04', '2014-06-02 07:35:02', '2014-06-02 07:35:02'),
(114, '0033300', 'Slavica', 'Radojlović', 'f', '', '', '', '011384363', NULL, '2014-06-02 07:36:13', '2014-06-02 07:36:13'),
(115, '2303957', 'Borivoje', 'Janjić', 'm', 'Prešernova 1a', '', '0637751811', '', '1957-03-23', '2014-06-02 07:44:58', '2014-06-02 07:44:58'),
(116, '0106958', 'Sneža', 'Zdravković Janjić', 'f', 'Prešernova 1a', '', '', '', '1958-06-01', '2014-06-02 07:46:18', '2014-06-02 07:46:18'),
(117, '0509994', 'Katarina', 'Janjić', 'f', '', '', '', '', '1994-09-05', '2014-06-02 07:46:58', '2014-06-02 07:46:58'),
(118, '1008962', 'Anđelka', 'Grčić', 'm', '', '', '0643334883', '', '1962-08-10', '2014-06-02 07:57:11', '2014-06-02 07:57:11'),
(119, '2003951', 'Nada', 'Jovanović', 'f', '', '', '', '007071579', '1951-03-20', '2014-06-02 07:58:04', '2014-06-02 07:58:04'),
(120, '1509960', 'Bratislav', 'Stojanović', 'm', 'Petra Velebita 9, Niš', '', '0600274321', '', '1960-09-15', '2014-06-02 08:08:23', '2014-06-02 08:08:23'),
(121, '1703986', 'Jelena', 'Todorov', 'f', '', '', '0628050641', '', '1986-03-17', '2014-06-02 08:16:00', '2014-06-02 08:16:00'),
(126, '3004961', 'SNEŽANA', 'MILIČIĆ', 'f', 'CARA DUŠANA 30', '', '0641392694', '008947386', '1961-04-30', '2014-06-11 18:58:27', '2014-06-11 18:58:27'),
(127, '1807957', 'RADONJA', 'MILIČIĆ', 'm', 'CARA DUŠANA 30', '', '063400900', '008802083', '1957-07-18', '2014-06-11 18:59:48', '2014-06-11 18:59:48'),
(128, '2101951', 'LJILJANA', 'MARKOVIĆ', 'f', 'NEPOZNATA', '', '0654301628', '007109643', '1951-01-21', '2014-06-11 19:00:56', '2014-06-11 19:00:56'),
(129, '0510952', 'NEBOJŠA', 'MARKOVIĆ', 'm', 'NEPOZNATA', '', '', '008453394', '1952-10-05', '2014-06-11 19:01:30', '2014-06-11 19:01:30'),
(130, '3110939', 'ZORICA', 'MIKULOVCA', 'f', 'NEPOZNATA', '', '', '010023050', '1939-10-31', '2014-06-11 19:02:11', '2014-06-11 19:02:11'),
(132, '25011983', 'ZORAN', 'PEŠIĆ ', 'm', 'NOVA ŽELEZNIČKA KOLONIJA 2/23', '', '0643125499', '', '1983-01-25', '2014-06-13 21:41:44', '2014-06-13 21:41:44'),
(133, '18081983', 'MILICA', 'PEŠIĆ', 'f', 'NEPOZNATA', '', '', '', '2197-12-18', '2014-06-13 21:42:23', '2014-06-13 21:42:23'),
(134, '05021982', 'MAJA', 'AŠANIN', 'f', 'DR DRAGIŠE MIŠOVIĆA 3/28', '', '0603182875', '009083937', '2198-05-05', '2014-06-15 20:17:00', '2014-06-15 20:17:00'),
(135, '25061992', 'JOVANA', 'STOJILJKOVIĆ', 'f', 'NEPOZNATA', '', '062/818-55-48', '010116615', '1992-06-25', '2014-06-15 20:18:03', '2014-06-15 20:18:03'),
(136, '31081992', 'JOVANA', 'STANKOVIĆ', 'f', 'NEPOZNATA', '', '', '011581281', '2198-12-31', '2014-06-15 20:18:41', '2014-06-15 20:18:41'),
(137, '30051992', 'ALEKSANDAR', 'ĐORŠEVIĆ', 'm', 'BULEVAR DR ZORANA ĐINĐIĆA 19/135, NIŠ', '', '0605505160', '', '2198-12-30', '2014-06-15 20:27:14', '2014-06-15 20:27:14'),
(138, '03111993', 'JOVANA', 'ZDRAVKOVIĆ', 'f', 'NEPOZNATA', '', '0645507705', '', '2199-11-03', '2014-06-15 20:28:09', '2014-06-15 20:28:09'),
(139, '2704992', 'IVANA', 'STOJANOVIĆ', 'f', 'ČAJNIČKA 6', '', '0605080801', '', '1992-04-27', '2014-06-18 16:53:52', '2014-06-18 16:53:52'),
(140, '1510995', 'JELENA', 'STOJANOVIĆ', 'f', 'ČAJNIČKA 6', '', '', '', '1995-10-15', '2014-06-18 16:54:40', '2014-06-18 16:54:40'),
(141, '0303956', 'LJILJANA', 'MILJKOVIĆ', 'f', 'PROKUPLJE', '', '0659561513', '', '1956-03-03', '2014-06-18 17:08:20', '2014-06-18 17:08:20'),
(142, '1001951', 'KRSTIVOJE', 'MILJKOVIĆ', 'm', 'PROKUPLJE', '', '', '', '1950-12-10', '2014-06-18 17:08:52', '2014-06-18 17:08:52'),
(143, '0312982', 'MARINA', 'MILJKOVIC', 'f', 'MOKRANJČEVA 69/31', '', '063595518', '009872142', '1982-12-03', '2014-06-18 17:24:08', '2014-06-18 17:24:08'),
(144, '0204984', 'MARTINA', 'ŽIVKOVIĆ', 'f', '', '', '', '011043357', '1984-04-02', '2014-06-18 17:25:25', '2014-06-18 17:25:25'),
(145, '2110976', 'NIKOLA', 'PETROVIĆ', 'm', 'PANTELEJSKA 57A', '', '', '007625802', '1976-10-21', '2014-06-18 21:51:13', '2014-06-18 21:51:13'),
(146, '0602976', 'JELENA', 'STAMENKOVIĆ PETROVIĆ', 'f', 'PANTELEJSKA 57A', '', '', '008918573', '1976-02-06', '2014-06-18 21:57:30', '2014-06-18 21:57:30'),
(147, '2004009', 'ANĐELINA', 'PETROVIĆ', 'f', 'PANTELEJSKA 57A', '', '', '011266168', '2009-04-20', '2014-06-18 21:58:41', '2014-06-18 21:58:41'),
(148, '2305007', 'NIKOLINA', 'PETROVIĆ', 'f', 'PANTELEJSKA 57A', '', '', '008929475', '2007-05-23', '2014-06-18 21:59:44', '2014-06-18 21:59:44'),
(149, '0307990', 'ALEKSANDRA', 'ŽIVKOVIĆ', 'f', 'GLAMOČKA 15/14, NIŠ', '', '0638211892', '', '1990-07-03', '2014-06-19 22:23:40', '2014-06-19 22:27:09'),
(150, '2004991', 'MILENA', 'ZDRAVKOVIĆ', 'f', '', '', '0665068972', '', '1991-04-20', '2014-06-19 22:24:31', '2014-06-19 22:24:31'),
(151, '2005996', 'SAVA ', 'STEFANOVIĆ', 'm', '', '', '062211085', '', '1996-05-20', '2014-06-21 10:44:01', '2014-06-21 10:44:01'),
(152, '1403996', 'ANDRIJA', 'MAŠULOVIĆ', 'm', '', '', '', '', '1996-03-14', '2014-06-21 10:44:43', '2014-06-21 10:44:43'),
(153, '1507996', 'TEODORA', 'MIHAJLOVIĆ', 'f', '', '', '0614412237', '', '1996-07-15', '2014-06-21 10:58:50', '2014-06-21 10:58:50'),
(154, '1107997', 'MILANA', 'PETROVIĆ', 'f', '', '', '', '', '1997-07-11', '2014-06-21 10:59:31', '2014-06-21 10:59:31'),
(155, '0411996', 'ANASTASIJA', 'ILIĆ', 'f', '', '', '', '', '1996-11-04', '2014-06-21 11:00:12', '2014-06-21 11:00:12'),
(156, '1112974', 'MILENA', 'BOJKOVIĆ', 'f', '', '', '0692622562', '008061650', '1974-12-11', '2014-06-21 17:11:47', '2014-06-21 17:11:47'),
(157, '1205974', 'RADMILA', 'TOŠIĆ', 'f', '', '', '', '008530374', '1974-05-12', '2014-06-21 17:12:46', '2014-06-21 17:12:46'),
(158, '2307002', 'TAMARA', 'ILIĆ', 'f', '', '', '', '008530180', '2002-07-23', '2014-06-21 17:14:03', '2014-06-21 17:14:03'),
(159, '3005992', 'ALEKSANDAR', 'ĐORĐEVIĆ', 'm', 'BULEVAR DR. ZORANA ĐINĐIĆA 19/135', '', '0605505160', '011602658', '1992-05-30', '2014-06-29 23:03:21', '2014-06-29 23:03:21'),
(160, '0311993', 'JOVANA', 'ZDRAVKOVIĆ', 'f', '', '', '0645507705', '007101606', '1993-11-03', '2014-06-29 23:04:07', '2014-06-29 23:04:07'),
(161, '02222222', 'STOJILJKOVIĆ', 'MILORAD', 'm', '', '', '', '', NULL, '2014-06-29 23:11:36', '2014-06-29 23:11:36'),
(162, '0222222', 'MILORAD', 'STOJILJKOVIĆ', 'm', '', '', '', '', NULL, '2014-06-29 23:12:50', '2014-06-29 23:12:50'),
(163, '2506992', 'JOVANA', 'STOJILJKOVIĆ', 'f', '', '', '0628185548', '010116615', '1992-06-25', '2014-06-29 23:13:47', '2014-06-29 23:13:47'),
(164, '3108992', 'JOVANA', 'STANKOVIĆ', 'f', '', '', '', '011581281', '1992-08-31', '2014-06-29 23:14:30', '2014-06-29 23:14:30'),
(165, '2501983', 'ZORAN', 'PEŠIĆ', 'm', 'NOVA ŽELEZNIČKA KOLONIJA 2/23', '', '0643125499', '', '1983-01-25', '2014-06-29 23:18:09', '2014-06-29 23:18:09'),
(166, '1808983', 'MILICA', 'PEŠIĆ', 'f', 'NOVA ŽELEZNIČKA KOLONIJA 2/23', '', '', '', '1983-08-18', '2014-06-29 23:18:48', '2014-06-29 23:18:48'),
(167, '3108971', 'ALEKSANDRA', 'MILJKOVIĆ', 'f', 'NIKOLE SOKOLOVIĆA 5', '', '0645719884', '011610447', '1971-08-31', '2014-06-29 23:27:19', '2014-06-29 23:27:19'),
(168, '2610998', 'MILICA', 'MILJKOVIĆ', 'f', 'NIKOLE SOKOLOVIĆA 5', '', '', '011610448', '1998-10-26', '2014-06-29 23:28:00', '2014-06-29 23:28:00'),
(169, '0903992', 'MARIJA', 'DENIĆ', 'f', 'SOMBORSKA 59/10', '', '0691213001', '007446824', '1992-03-09', '2014-06-29 23:32:43', '2014-06-29 23:32:43'),
(170, '1502992', 'OGNJEN', 'NIKOLIĆ', 'm', '', '', '', '008829537', '1992-02-15', '2014-06-29 23:33:21', '2014-06-29 23:33:21'),
(171, '1802994', 'MILAN', 'DINIĆ', 'm', 'MOŠE PIJADE 5 - MEDOŠEVAC', '', '0693913755', '', '1994-02-18', '2014-06-29 23:36:47', '2014-06-29 23:36:47'),
(172, '2010994', 'NIKOLIJA', 'MLADENOVIĆ', 'f', 'TODORA MILOVANOVIĆA 187/4', '', '069760447', '', '1994-10-20', '2014-06-29 23:38:13', '2014-06-29 23:38:13'),
(173, '2707994', 'ADRIJANA', 'CVETKOVIĆ', 'f', 'ČEGARSKA 15', '', '0637709436', '', '1994-07-27', '2014-06-29 23:39:32', '2014-06-29 23:39:32'),
(174, '0608991', 'JELENA', 'VESELINOVIĆ', 'f', 'RUTEVAC', '', '0621296420', '007418190', '1991-08-06', '2014-06-29 23:43:54', '2014-06-29 23:43:54'),
(175, '0605991', 'SANDRA', 'ŽIVANOVIĆ', 'f', 'RUJEVICA - SOKOBANJA', '', '0621535725', '008584998', '1991-05-06', '2014-06-29 23:45:02', '2014-06-29 23:45:02'),
(176, '2204991', 'MILA', 'POPOVIĆ', 'f', 'MIŠIĆEVA 1A', '', '0628065382', '008565868', '1991-04-22', '2014-06-29 23:46:13', '2014-06-29 23:46:13'),
(177, '1002986', 'ŽIVANOVIĆ', 'JELENA', 'f', 'ŽUČKOVA - SOKOBANJA', '', '0658500950', '007834819', '1986-02-10', '2014-06-29 23:50:58', '2014-06-29 23:50:58'),
(178, '0807991', 'MILICA', 'STANOJEVIĆ', 'f', 'PAVLA ILIĆA VELJKA 22, ZAJEČAR', '', '062415918', '010861451', '1991-07-08', '2014-06-29 23:52:12', '2014-06-29 23:52:12'),
(179, '2106991', 'JOVANA', 'STOJANOVIĆ', 'f', 'BAŠTOVANSKA BB, POPOVAC', '', '0644810149', '', '1991-06-21', '2014-06-29 23:53:33', '2014-06-29 23:53:33'),
(180, '2901985', 'MIRJANA', 'ZLATKOVIĆ', 'f', 'PUSTOREČKA 6, NIŠ', '', '062202640', '', '1985-01-29', '2014-06-29 23:57:50', '2014-06-29 23:57:50'),
(181, '0211981', 'MARJAN', 'ZLATKOVIĆ', 'm', 'PUSTOREČKA 6, NIŠ', '', '0644850343', '', '1981-11-02', '2014-06-29 23:58:31', '2014-06-29 23:58:31'),
(182, '3007992767036', 'ALEKSANDRA', 'MARKOVIĆ', 'f', '16. OKTOBAR 133, SMEDEREVO', '', '', '007783722', '1992-07-30', '2014-06-30 00:03:13', '2014-06-30 00:08:30'),
(183, '2204994762011', 'MARKO', 'MARKOVIĆ', 'm', '16. OKTOBAR 133, SMEDEREVO', '', '', '009819609', '1994-04-22', '2014-06-30 00:05:45', '2014-06-30 00:08:20'),
(184, '0305992765025', 'JELENA', 'DABIĆ', 'f', '16. OKTOBAR 151, SMEDEREVO', '', '', '007675341', '1992-03-03', '2014-06-30 00:06:48', '2014-06-30 00:06:48'),
(185, '0207992', 'JOVANA', 'STOJANOVIĆ', 'f', 'VRTIŠTE BB', '', '0600241346', '007984489', '1992-07-02', '2014-06-30 00:10:39', '2014-06-30 00:10:39'),
(186, '2502988', 'ALEKSANDAR', 'VRBIĆ', 'm', '', '', '', '011494670', '1988-02-25', '2014-06-30 00:11:25', '2014-06-30 00:11:25'),
(187, '2008992', 'RISTIĆ', 'DUŠAN', 'm', 'VASE ALBANCA 17', '', '0652268670', '007966726', '1992-08-20', '2014-06-30 00:15:47', '2014-06-30 00:15:47'),
(188, '1207997', 'DUŠICA', 'RISTIĆ', 'f', 'VASE ALBANCA 17', '', '', '011598659', '1997-07-12', '2014-06-30 00:16:39', '2014-06-30 00:16:39'),
(189, '2610994', 'NATALIJA', 'MLADENOVIĆ', 'f', 'TODORA MILOVANOVIĆA 187/4', '', '0693002361', '', '1994-10-26', '2014-06-30 00:21:28', '2014-06-30 00:21:28'),
(190, '0709993', 'STEFAN', 'STANKOVIĆ', 'm', 'KNEZA LAZARA 44', '', '0655734065', '', '1993-09-07', '2014-06-30 00:22:50', '2014-06-30 00:22:50'),
(191, '2012991', 'JELENA', 'MILOŠEVIĆ', 'f', 'STEVANA MOKRANJCA 7', '', '066163782', '011569653', '1991-12-20', '2014-06-30 00:26:09', '2014-06-30 00:26:09'),
(192, '0804996', 'MAŠA', 'POPOVIĆ', 'f', 'MIŠIĆEVA 1A, ALEKSINAC', '', '0628065383', '009924497', '1996-04-08', '2014-06-30 00:27:30', '2014-06-30 00:27:30'),
(193, '1911991', 'SONJA', 'JANKOVIĆ', 'f', 'DUNAVSKA 6A, ALEKSINAC', '', '0694121955', '009282599', '1991-11-19', '2014-06-30 00:28:27', '2014-06-30 00:28:27'),
(194, '3008994', 'MAJA', 'CVETKOVIĆ', 'f', 'VOJVODE TANKOSIĆA 9/19', '', '0645622606', '', '1994-08-30', '2014-06-30 00:33:57', '2014-06-30 00:33:57'),
(195, '2208993', 'MARKO', 'MILOŠEVIĆ', 'm', 'PASI POLJANA', '', '0611510821', '', '1993-08-22', '2014-06-30 00:34:44', '2014-06-30 00:34:44'),
(196, '0905994', 'IVANA', 'STOŠIĆ', 'f', 'STRAHINJIĆA BANA 1/3', '', '0646625201', '', '1994-05-09', '2014-06-30 00:35:28', '2014-06-30 00:35:28'),
(197, '1309991', 'MILENA', 'ŽIVANOVIĆ', 'f', 'ŽUČKOVAC - SOKOBANJA', '', '0643215900', '007960442', '1991-09-13', '2014-06-30 00:38:43', '2014-06-30 00:38:43'),
(198, '0912991', 'RUŽICA', 'ZDRAVKOVIĆ', 'f', 'JELAVICA 22, ALEKSINAČKI RUDNICI', '', '0656539840', '008824292', '1991-12-09', '2014-06-30 00:39:46', '2014-06-30 00:39:46'),
(199, '0705991', 'KATARINA', 'MILOJKOVIĆ', 'f', 'KNEZA MILOŠA 115/1, ALEKSINAC', '', '0656803401', '009181593', '1991-05-07', '2014-06-30 00:40:46', '2014-06-30 00:40:46'),
(200, '1804990', 'STEFAN', 'ĐORĐEVIĆ', 'm', 'OBRENA NIKOLIĆA', '', '0691180490', '010095397', '1990-04-18', '2014-06-30 00:58:05', '2014-06-30 00:58:05'),
(201, '1306990', 'ALEKSANDRA', 'MICKIĆ', 'f', 'BULEVAR 12. FEBRUAR 142, NIŠ', '', '0641227761', '009278640', '1990-06-13', '2014-06-30 00:59:10', '2014-06-30 00:59:10'),
(202, '2212992', 'ANA', 'JOVIĆ', 'f', '', '', '', '', '1992-12-22', '2014-06-30 01:02:43', '2014-06-30 01:02:43'),
(203, '0303993', 'NIKOLA', 'STEFANOVIĆ', 'm', '', '', '', '', '1993-03-03', '2014-06-30 01:03:10', '2014-06-30 01:03:10'),
(204, '2002993', 'SLAVKO', 'ŽIVANOVIĆ', 'm', '', '', '', '', '1993-02-20', '2014-06-30 01:06:36', '2014-06-30 01:06:36'),
(205, '0702996', 'JOVAN', 'DABIĆ', 'm', '', '', '', '', '1996-02-07', '2014-06-30 01:07:00', '2014-06-30 01:07:00'),
(206, '1802997', 'KRISTINA', 'POPOVIĆ', 'f', '', '', '', '', '1997-02-18', '2014-06-30 01:07:32', '2014-06-30 01:07:32'),
(207, '1506993', 'LAZAR', 'STOJILJKOVIĆ', 'm', '', '', '0605161417', '', '1993-06-15', '2014-06-30 01:10:14', '2014-06-30 01:10:14'),
(208, '2905993', 'STEFAN', 'RISTIĆ', 'm', 'STARA ŽELEZNIČKA KOLONIJA 22, NIŠ', '', '0656928950', '', '1993-05-29', '2014-06-30 01:11:12', '2014-06-30 01:11:12'),
(209, '000000', 'KRISTINA', 'STOJKOVIĆ', 'f', '', '', '0690130264', '', NULL, '2014-06-30 01:15:07', '2014-06-30 01:15:07'),
(210, '1111112', 'ANA', 'MARKOVIĆ', 'f', '', '', '0645181577', '', '2112-11-11', '2014-06-30 01:15:45', '2014-06-30 01:15:45'),
(211, '2101992', 'JOVANA', 'KRSTIĆ', 'f', 'VUKMANOVSKA 1, NIŠ', '', '0693840689', '', '1992-01-21', '2014-06-30 01:16:35', '2014-06-30 01:16:35'),
(212, '1012991', 'IVANA', 'MILADINOVIĆ', 'f', 'RATKA PAVLOVIĆA, PROKUPLJE', '', '062455714', '', '1991-12-10', '2014-06-30 01:19:55', '2014-06-30 01:19:55'),
(213, '1212987', 'MILOŠ', 'MILOJKOVIĆ', 'm', 'IGMANSKA BB, PROKUPLJE', '', '0628384167', '', '1987-12-12', '2014-06-30 01:20:42', '2014-06-30 01:20:42'),
(214, '3111990', 'ALEKSANDRA', 'MIŠIĆ', 'f', '', '', '0645109202', '008424276', '1990-12-01', '2014-06-30 01:24:43', '2014-06-30 01:24:43'),
(215, '2604992', 'ALEKSANDAR', 'MILJKOVIĆ', 'm', 'KOSOVSKA 30, NIŠ', '', '0645055136', '', '1992-04-26', '2014-06-30 01:25:37', '2014-06-30 01:25:37'),
(216, '1708994', 'ALEKSA', 'STAMENKOVIĆ', 'm', '', '', '0693170894', '', '1994-08-17', '2014-06-30 01:27:55', '2014-06-30 01:27:55'),
(217, '3333333', 'DIMITRIJE', 'STAMENKOVIĆ', 'm', '', '', '0603710229', '', NULL, '2014-06-30 01:28:51', '2014-06-30 01:28:51'),
(218, '4444444', 'NIKOLA', 'STAMENKOVIĆ', 'm', '', '', '0600219319', '', NULL, '2014-06-30 01:29:31', '2014-06-30 01:29:31'),
(219, '0807989745035', 'JOVANA', 'STOJANOVIĆ', 'f', '', '', '0637002586', '009316981', '1989-08-08', '2014-06-30 01:33:52', '2014-06-30 01:33:52'),
(220, '0508990798919', 'JASMINA', 'SINANČEVIĆ', 'f', '', '', '0603764478', '007043077', '1990-05-05', '2014-06-30 01:34:43', '2014-06-30 01:34:43'),
(221, '0708990', 'IVANA', 'MIŠIĆ', 'f', '', '', '062470763', '', '1990-08-07', '2014-06-30 01:35:21', '2014-06-30 01:35:21'),
(222, '1610988', 'NIKOLA', 'ANTIĆ', 'm', 'MILTENA KITANOVIĆA 15', '', '0641016290', '009303015', '1988-10-16', '2014-06-30 01:38:41', '2014-06-30 01:38:41'),
(223, '1805992', 'ANA', 'ANTIĆ', 'f', 'MILTENA KITANOVIĆA 15', '', '066006379', '008914101', '1992-05-18', '2014-06-30 01:39:38', '2014-06-30 01:39:38'),
(224, '3101992', 'MILOŠ', 'SPASIĆ', 'm', 'ŽRTAVA FAŠIZMA 31', '', '0640659776', '011274567', '1992-01-31', '2014-06-30 01:40:31', '2014-06-30 01:40:31'),
(225, '0701996', 'MARIJANA', 'JOVANOVIĆ', 'f', 'SELO JASENOCA, ŽITORAĐA', '', '0628022321', '010811400', '1996-01-07', '2014-06-30 01:43:36', '2014-06-30 01:43:36'),
(226, '0112991', 'JOVANA', 'JOVANOVIĆ', 'f', 'SELO JASENICA, ŽITORAĐA', '', '0628022322', '007861713', '1991-12-01', '2014-06-30 01:44:27', '2014-06-30 01:44:27'),
(227, '2609991', 'MARINA', 'VUKADINOVIĆ', 'f', 'MAJAKOVSKOG 32/25', '', '0643433676', '007898385', '1991-09-26', '2014-06-30 01:45:13', '2014-06-30 01:45:13'),
(228, '2808987', 'ŽARKO', 'MARINKOVIĆ', 'm', 'SELO PRIBUJ, LESKOVAC', '', '0642281850', '008692729', '1987-08-28', '2014-06-30 01:49:29', '2014-06-30 01:49:29'),
(229, '0310981', 'DEJAN', 'TASIĆ', 'm', 'SELO PRIBOJ, LESKOVAC', '', '0694163548', '008961217', '1981-10-03', '2014-06-30 01:50:15', '2014-06-30 01:50:15'),
(230, '2403986', 'MILAN', 'JOVANOVIĆ', 'm', 'SELO PRIBOJ, LEKSOVAC', '', '0649133051', '', '1986-03-24', '2014-06-30 01:51:02', '2014-06-30 01:51:02'),
(231, '1101992', 'JELENA', 'STOJANOVIĆ', 'f', '', '', '0649946591', '', '1992-01-11', '2014-06-30 01:53:18', '2014-06-30 01:53:18'),
(232, '0402991', 'JELENA', 'STAMENKOVIĆ', 'f', '', '', '0643912063', '', '1991-02-04', '2014-06-30 01:53:57', '2014-06-30 01:53:57'),
(233, '0611991', 'SANDRA', 'ĐORĐEVIĆ', 'f', '', '', '0694011440', '', '1991-11-06', '2014-06-30 01:54:37', '2014-06-30 01:54:37'),
(234, '1302984', 'MILENKO', 'KOVAČEVIĆ', 'm', 'STEVANA MILOVANOVIĆA 2', '', '0649632066', '009496817', '1984-02-13', '2014-06-30 01:57:25', '2014-06-30 01:57:25'),
(235, '0301989', 'DRAGANA', 'TOKIĆ', 'f', 'VIDOVDANSKA 59, PRIŠTINA', '', '0638941369', '010359719', '1989-01-03', '2014-06-30 01:58:31', '2014-06-30 01:58:31'),
(236, '1101995', 'MIHAILO', 'ALEKSIĆ', 'm', '', '', '0645943775', '009853625', '1995-01-11', '2014-06-30 02:01:36', '2014-06-30 02:01:36'),
(237, '0609996', 'MAŠA', 'RADENKOVIĆ', 'f', 'BULEVAR NEMANJIĆA 66/9', '', '0611797378', '008792958', '1996-09-06', '2014-06-30 02:02:54', '2014-06-30 02:02:54'),
(238, '2607987', 'MILICA', 'STANKOVIĆ', 'f', 'GAVRILA PRINCIPA 41/28', '', '0600282035', '', '1987-07-26', '2014-06-30 02:06:06', '2014-06-30 02:08:08'),
(239, '0101987', 'MILOŠ', 'POPOVIĆ', 'm', '', '', '0611852261', '', '1987-01-01', '2014-06-30 02:06:44', '2014-06-30 02:06:44'),
(240, '0909991', 'VLADIMIR ', 'ZLATANOVIĆ', 'm', 'KOSMAJSKA 8, PIROT', '', '0621838606', '', '1991-09-09', '2014-07-01 20:24:02', '2014-07-01 20:24:02'),
(241, '2609991000000', 'NENAD', 'BOŽILOVIĆ', 'm', '', '', '069726563', '', '1991-09-26', '2014-07-01 20:28:48', '2014-07-01 20:28:48'),
(242, '0605991000000', 'BRANISLAV', 'MINČIĆ', 'm', '', '', '0693403334', '', '1991-05-06', '2014-07-01 20:29:43', '2014-07-01 20:29:43'),
(243, '0201992', 'NIKOLA', 'TOŠIĆ', 'm', '', '', '0653199252', '', '1992-01-02', '2014-07-01 20:30:21', '2014-07-01 20:30:21'),
(244, '1605991', 'STEFAN', 'STOJANOVIĆ', 'm', 'JOVANA HADŽI VASILJKOVIĆA 6, VRANJE2', '', '0644625265', '', '1991-05-16', '2014-07-01 20:51:21', '2014-07-01 20:51:21'),
(245, '1006996', 'TIJANA', 'ŽIVKOVIĆ', 'm', 'VIZANTIJSKI BULEVAR 6/50, NIŠ', '', '0693851101', '', '1996-06-10', '2014-07-01 20:52:15', '2014-07-01 20:52:15'),
(246, '1812996', 'MILICA', 'STOJANOVIĆ', 'f', 'GORNJA TOPONICA, NIŠ', '', '0612463727', '', '1996-12-18', '2014-07-01 20:53:38', '2014-07-01 20:53:38'),
(247, '25119930000', 'MILICA', 'VUČINIĆ', 'f', '', '', '062380484', '', '1993-11-25', '2014-07-01 20:55:18', '2014-07-01 20:55:18'),
(248, '2108998', 'MIHAJLO', 'KITESKI', 'm', 'MILADINA POPOVIĆA 68, NIŠ', '', '0606076759', '', '1998-08-21', '2014-07-01 20:56:36', '2014-07-01 20:56:36'),
(249, '0000000000000', 'MARINA ', 'ANDREJIĆ', 'f', '', '', '', '', '1999-11-30', '2014-07-01 20:56:50', '2014-07-01 20:56:50'),
(250, '0707996', 'NATALIJA', 'PUJOVIĆ', 'f', 'ĐURE JAKŠIĆA 39', '', '062692920', '', '1996-07-07', '2014-07-01 21:02:42', '2014-07-01 21:02:42'),
(251, '2209996', 'ADRIJANA', 'ALEKSIĆ', 'f', 'ĐURE JAKŠIĆA 8, NIŠ', '', '0644942418', '009073988', '1996-09-22', '2014-07-01 21:05:20', '2014-07-01 21:05:20'),
(252, '290999300000', 'TEODORA', 'MITOVSKA', 'f', 'STUDENIČKA 58/13', '', '0643066979', '007680925', '1993-09-29', '2014-07-01 21:06:08', '2014-07-01 21:06:08'),
(253, '1612996', 'LIDIJA', 'PAVIĆ', 'f', 'ČEDOMIRA KRSTIĆA BB PRILAZ 1, NIŠ', '', '063376921', '010104522', '1996-12-16', '2014-07-01 21:06:20', '2014-07-01 21:06:20'),
(254, '2401996', 'MILICA', 'JANKOVIĆ', 'f', 'VIZANTIJSKI BULEVAR 2', '', '0645016387', '', '1996-01-24', '2014-07-01 21:07:16', '2014-07-01 21:07:16'),
(256, '1304989', 'IVANA', 'BLAGOJEVIĆ', 'f', 'SUBOTIČKA 6, NIŠ', '', '0638727123', '009279863', '1989-04-13', '2014-07-01 21:12:51', '2014-07-01 21:18:13'),
(257, '2402989', 'MIROSLAV', 'MANOVIĆ', 'm', '', '', '', '010546933', '1989-02-24', '2014-07-01 21:13:24', '2014-07-01 21:13:24'),
(258, '3105990', 'MILAN', 'TODOROVIĆ', 'm', 'MOŠE PIJADE 7, DONJE MEĐUROVO', '', '0637113707', '', '1990-05-31', '2014-07-01 21:23:00', '2014-07-01 21:23:00'),
(259, '0109990', 'NIKOLA', 'DŽAKOVIĆ', 'm', '', '', '0643253968', '', '1990-09-01', '2014-07-01 21:23:38', '2014-07-01 21:23:38'),
(260, '0803990', 'MILAN', 'PETROVIĆ', 'm', '', '', '069606126', '', '1990-03-08', '2014-07-01 21:24:11', '2014-07-01 21:24:11'),
(261, '2301991', 'SANJA', 'STOJIČIĆ', 'f', '', '', '069718940', '008680029', '1991-01-23', '2014-07-01 21:28:21', '2014-07-01 21:28:21'),
(262, '24029890000', 'STANISLAV', 'MANOVIĆ', 'm', '', '', '0694086429', '010547400', '1989-02-24', '2014-07-01 21:30:04', '2014-07-01 21:30:04'),
(263, '3008984', 'GORAN', 'STOJILJKOVIĆ', 'm', '', '', '', '009665912', '1983-12-30', '2014-07-01 21:36:45', '2014-07-01 21:36:45'),
(264, '1904994', 'NIKOLA', 'ĐORĐEVIĆ', 'm', 'ELEKTRONSKA 1/9', '', '0638114448', '010128663', '1994-04-19', '2014-07-01 21:36:47', '2014-07-01 21:36:47'),
(265, '1001994', 'MARKO', 'SIMONOVIĆ', 'm', 'VIZANTIJSKI BULEVAR 98/19, NIŠ', '', '0643260427', '006887410', '1994-01-10', '2014-07-01 21:37:53', '2014-07-01 21:37:53'),
(266, '1804994', 'ALEKSA', 'TRIFUNOVIĆ', 'm', 'BULEVAR NEMANJIĆA 8/39', '', '0638109092', '007383008', '1994-04-18', '2014-07-01 21:38:51', '2014-07-01 21:38:51'),
(267, '1508994', 'ANDRIJA', 'STOJANOVIĆ', 'm', 'BULEVAR NEMANJIĆA 31/11', '', '0605506688', '007189777', '1994-08-15', '2014-07-01 21:40:00', '2014-07-01 21:40:00'),
(268, '0202998', 'ALEKSANDRA', 'KOSTIĆ', 'f', 'TOLSTOJEVA 20, NIŠ', '', '0616182229', '009100056', '1998-02-02', '2014-07-01 21:43:14', '2014-07-01 21:43:14'),
(269, '0508997', 'KRISTINA', 'JOVANOVIĆ', 'f', 'BULEVAR NEMANJIĆA 62/24', '', '0637828674', '010758910', '1997-08-05', '2014-07-01 21:44:09', '2014-07-01 21:44:09'),
(270, '2403997', 'PETRA', 'STOJANOVIĆ', 'f', 'BRANKA KRSMANOVIĆA 29/16', '', '062252627', '009853622', '1997-03-24', '2014-07-01 21:45:19', '2014-07-01 21:45:19'),
(271, '0510997', 'TEODORA', 'STOŠIĆ', 'f', 'BRANKA KRSMANOVIĆA 17/46', '', '0644542971', '008420690', '1997-10-05', '2014-07-01 21:46:16', '2014-07-01 21:46:16'),
(272, '1009994', 'MIONA', 'PAVLOVIĆ', 'f', 'JUGOVIĆEVA 19, NIŠ', '', '0694246346', '010867245', '1994-09-10', '2014-07-01 21:52:05', '2014-07-01 21:52:05'),
(273, '1911993', 'LENKA', 'MILJKOVIĆ', 'f', 'VOJVODE PUTNIKA 39/1, KRUŠEVAC', '', '0644765247', '007107706', '1993-11-19', '2014-07-01 21:53:16', '2014-07-01 21:53:16'),
(274, '2106993', 'KATARINA', 'ĆIRKOVIĆ', 'f', 'BRANISLAVA ŽIVKOVIĆA 25, KRUŠEVAC', '', '0628213880', '', '1993-06-21', '2014-07-01 21:54:13', '2014-07-01 21:54:13'),
(275, '1203995', 'STANISLAVA', 'PETROVIĆ', 'f', 'JUGOVIĆEVA 29', '', '0691995123', '009044595', '1995-03-12', '2014-07-01 21:55:08', '2014-07-01 21:55:08'),
(276, '0411995', 'MARKO', 'NIKOLIĆ', 'm', 'KOVANLUČKA 60A, NIŠ', '', '0655059174', '', '1995-11-04', '2014-07-01 22:02:31', '2014-07-01 22:02:31'),
(277, '1705995', 'STANKO', 'VELOIĆ', 'm', 'SARAJEVSKA 181, NIŠ', '', '0694268506', '008983456', '1995-05-17', '2014-07-01 22:03:35', '2014-07-01 22:03:35'),
(278, '0206981', 'SANDRA', 'ERCEG', 'f', 'BULEVAR NEMANJIĆA 58/25, NIŠ', '', '0642311937', '', '1981-06-02', '2014-07-01 22:07:46', '2014-07-01 22:07:46'),
(279, '1705985', 'NEVENA', 'TOMIĆ', 'f', 'RADOJA DAKIĆA 26A, NIŠ', '', '0652236127', '', '1985-05-17', '2014-07-01 22:08:44', '2014-07-01 22:08:44'),
(280, '2106977', 'DEJAN', 'JOVIČIĆ', 'm', 'GENERALA MILOJKA LEŠJANINA 26/1, NIŠ', '', '0631472705', '', '1977-06-21', '2014-07-01 22:09:58', '2014-07-01 22:09:58'),
(281, '2309978', 'JELENA', 'MILOSAVLJEVIĆ', 'f', '', '', '0643840719', '', '1978-09-23', '2014-07-01 22:10:43', '2014-07-01 22:10:43'),
(282, '1410996', 'MATIJA', 'TRIČKOVIĆ', 'm', 'ALEKSANDRA BELIĆA 7, NIŠ', '', '062792526', '', '1996-10-14', '2014-07-01 22:16:48', '2014-07-01 22:16:48'),
(283, '0605996', 'ĐORĐE', 'NIKOLIĆ', 'm', 'BRANKA KRSMANOVIĆA 18/52, NIŠ', '', '0631681451', '', '1996-05-06', '2014-07-01 22:18:39', '2014-07-01 22:18:39'),
(284, '2202996', 'MIHAILO', 'SVETOZAREVIĆ', 'm', 'TRG 14. OKTOBAR 4/12, NIŠ', '', '0652003687', '', '1996-02-22', '2014-07-01 22:19:54', '2014-07-01 22:19:54'),
(285, '0909996', 'NIKOLA', 'PERIĆ', 'm', '', '', '0694525862', '', '1996-09-09', '2014-07-01 22:20:30', '2014-07-01 22:20:30'),
(286, '2006990', 'NIKOLA', 'DAMJANOVIĆ', 'm', 'NASELJE NIKOLA TESLA, NIŠAVSKA 49, NIŠ', '', '0643840697', '', '1990-06-20', '2014-07-01 22:27:00', '2014-07-01 22:27:00'),
(287, '1902990', 'NIKOLA', 'GOLUBOVIĆ', 'm', 'NASELJE NIKOLA TESLA, JOVAN JOVANOVIĆ ZM', '', '0649677066', '', '1990-02-19', '2014-07-01 22:27:58', '2014-07-01 22:27:58'),
(288, '2102990', 'DUŠAN', 'MILENKOVIĆ', 'm', 'NASELJE NIKOLA TESLA JELAŠNIČKA 2, NIŠ', '', '0621395342', '', '1990-02-21', '2014-07-01 22:29:00', '2014-07-01 22:29:00'),
(289, '1607996', 'MILICA', 'MITIĆ', 'f', 'NARODNI HEROJI 1, NIŠ', '', '063656924', '', '1996-07-16', '2014-07-01 22:34:06', '2014-07-01 22:34:06'),
(290, '2604996', 'JELENA', 'MIŠIĆ', 'f', 'BLAGOJA PAROVIĆA 6, NIŠ', '', '0692623133', '011211530', '1996-04-26', '2014-07-01 22:35:16', '2014-07-01 22:35:16'),
(291, '0601996', 'LENA', 'GROZDANOVIĆ', 'f', '', '', '062285275', '', '1996-01-06', '2014-07-01 22:36:11', '2014-07-01 22:36:11'),
(292, '2206996', 'ANDRIJA', 'BOGDANOVIĆ', 'm', 'NARODNIH HEROJA 75', '', '0653224219', '', '1996-06-22', '2014-07-01 22:36:56', '2014-07-01 22:36:56'),
(293, '0205996', 'MATEJA', 'IGNJATOVIĆ', 'm', 'BULEVAR NEMANJIĆA 31, NIŠ', '', '0644525932', '008495277', '1996-05-02', '2014-07-01 22:40:21', '2014-07-01 22:40:21'),
(294, '1804997', 'LAZA', 'KOSTIĆ', 'm', 'BLAGOJA PAROVIĆA 12/79, NIŠ', '', '062232994', '008579594', '1997-04-18', '2014-07-01 22:41:17', '2014-07-01 22:41:17'),
(295, '22029960000', 'BORIS', 'ROMANOV', 'm', 'VIZANTIJSKI BULEVAR 136/26', '', '0600276428', '', '1996-02-22', '2014-07-01 22:43:05', '2014-07-01 22:43:05'),
(296, '1102997', 'MILOŠ', 'KRSTIĆ', 'm', 'JELKE RADULOVIĆA 19A, NIŠ', '', '0612185484', '', '1997-02-11', '2014-07-01 22:43:51', '2014-07-01 22:43:51'),
(297, '2707995', 'JELENA', 'GRUJOVIĆ', 'f', 'SREMSKA 23/15', '', '0645017395', '', '1995-07-27', '2014-07-01 22:46:38', '2014-07-01 22:46:38'),
(298, '0606995', 'ANDRIJA', 'RANĐELOVIĆ', 'm', 'SVETOLIKA RANKOVIĆA 10', '', '0694268506', '', '1995-06-06', '2014-07-01 22:47:35', '2014-07-01 22:47:35'),
(299, '1002991', 'JOVANA', 'STANOJKOVIĆ', 'f', 'BULEVAR NEMANJIĆA 16A/26', '', '0693759809', '010794976', '1991-02-10', '2014-07-01 22:50:23', '2014-07-01 22:50:23'),
(300, '0301990', 'ALEKSANDRA', 'ZERAJIĆ', 'f', 'MILANA AJVAZA 27/17', '', '0617180412', '010868287', '1990-01-03', '2014-07-01 22:51:49', '2014-07-01 22:51:49'),
(301, '0909990', 'JELENA', 'MILANOVIĆ', 'f', 'JOVANA RISTIĆA 10', '', '0631512259', '', '1990-09-09', '2014-07-01 22:52:41', '2014-07-01 22:52:41'),
(302, '1911997', 'KRISTINA', 'JANKOVIĆ', 'f', 'GORNJA VREŽINA, MALČA', '', '0612887380', '', '1997-11-19', '2014-07-01 22:56:17', '2014-07-01 22:56:17'),
(303, '3001998', 'MAJA', 'NIKOLIĆ', 'f', 'PADINA', '', '0644421235', '', '1998-01-30', '2014-07-01 22:57:07', '2014-07-01 22:57:07'),
(304, '9999999999', 'ANĐELA', 'ŽIVKOVIĆ', 'f', '', '', '', '', NULL, '2014-07-01 22:57:51', '2014-07-01 22:57:51'),
(305, '3110996', 'MARIJA', 'ĐORĐEVIĆ', 'f', 'IVANGRADSKA 19, NIŠ', '', '0621427129', '009212524', '1996-10-31', '2014-07-01 23:01:31', '2014-07-01 23:01:31'),
(306, '1401996', 'JANA', 'JOVANOVIĆ', 'f', '', '', '062223215', '009026208', '1996-01-14', '2014-07-01 23:03:13', '2014-07-01 23:03:13'),
(307, '2003996', 'KATARINA', 'CEKIĆ', 'f', 'BUBANJSKA DOLINA 69, NIŠ', '', '0643153546', '', '1996-03-20', '2014-07-01 23:04:21', '2014-07-01 23:04:21'),
(308, '2307998', 'NIKOLA', 'STEVANOVIĆ', 'm', 'BLEDSKA 6, GABROVAC', '', '066423411', '010950613', '1998-07-23', '2014-07-01 23:07:24', '2014-07-01 23:08:33'),
(309, '2012997', 'TIJANA', 'STEVANOVIĆ', 'f', 'BLEDSKA 6, GABROVAC', '', '0666469900', '011588361', '1997-12-20', '2014-07-01 23:08:21', '2014-07-01 23:08:21'),
(310, '0102998', 'ANITA', 'JOVANOVIĆ', 'f', '', '', '0652599472', '', '1998-02-01', '2014-07-01 23:09:15', '2014-07-01 23:09:15'),
(311, '2307996', 'JOVANA', 'MILADINOVIĆ', 'f', 'KNEZA MIHAJLA OBRENOVIĆA 61', '', '0659029988', '010176159', '1996-07-23', '2014-07-01 23:13:25', '2014-07-01 23:13:25'),
(312, '2107997', 'JULIJA', 'PETKOVIĆ', 'f', 'ČOKOT BB', '', '0640875527', '009580281', '1997-07-21', '2014-07-01 23:14:17', '2014-07-01 23:14:17'),
(313, '2510997', 'MARTA', 'STOJANOVIĆ', 'f', '', '', '0616942029', '011380949', '1997-10-25', '2014-07-01 23:14:58', '2014-07-01 23:14:58'),
(314, '1104996', 'FILIP', 'RANČIĆ', 'm', 'NOVICA ŽIGIĆA BOŽE 9', '', '0669058596', '011487224', '1996-04-11', '2014-07-01 23:18:17', '2014-07-01 23:18:17'),
(315, '0307996', 'NIKOLA', 'VUČKOVIĆ', 'm', 'DRUGOG SRPSKOG USTANKA 19, NIŠ', '', '0631410369', '009941756', '1996-07-03', '2014-07-01 23:19:07', '2014-07-01 23:19:07'),
(316, '2208996', 'NENAD', 'BURIĆ', 'm', 'RADNIH BRIGADA 63, NIŠ', '', '0649062722', '010077676', '1996-08-22', '2014-07-01 23:20:01', '2014-07-01 23:20:01'),
(317, '0106994', 'MLADEN', 'NEŠIĆ', 'm', '', '', '0643660665', '', '1994-06-01', '2014-07-01 23:22:48', '2014-07-01 23:22:48'),
(318, '1009992', 'NINA', 'SPASIĆ', 'f', '', '', '069720092', '', '1992-09-10', '2014-07-01 23:23:19', '2014-07-01 23:23:19'),
(319, '220699600000', 'ĐORĐE', 'ĐORIĆ', 'm', 'VIKTORA BUBNJA, BRZI BROD', '', '0637214681', '011078062', '1996-06-22', '2014-07-01 23:27:41', '2014-07-01 23:27:41'),
(320, '2010996', 'GLORIA', 'RADOIČIĆ', 'f', 'CARICE MILICE 15, DONJA VREŽINA', '', '0604118434', '', '1996-10-20', '2014-07-01 23:28:43', '2014-07-01 23:28:43'),
(321, '2407996', 'ALEKSANDRA', 'STOJANOVIĆ', 'f', 'MARINA DRŽIĆA 68', '', '0616140266', '', '1996-07-24', '2014-07-01 23:29:31', '2014-07-01 23:29:31'),
(322, '0909992', 'EMA', 'MILOJEVIĆ', 'f', 'POPOVAČKA 70A', '', '0643671688', '', '1992-09-09', '2014-07-01 23:32:21', '2014-07-01 23:32:21'),
(323, '2706990', 'MIHAJLO', 'TIMOTIJEVIĆ', 'm', 'RADNIH BRIGADA 11/19', '', '066006063', '', '1990-06-27', '2014-07-01 23:33:02', '2014-07-01 23:33:02'),
(324, '2507990', 'MARKO', 'MILIĆEVIĆ', 'm', 'ZDRAVINJE, KRUŠEVAC', '', '0644054159', '010236754', '1990-07-25', '2014-07-05 21:44:42', '2014-07-05 21:44:42'),
(325, '1707988', 'SANDRA', 'LAZIĆ', 'f', '', '', '', '010512252', '1988-07-17', '2014-07-05 21:45:23', '2014-07-05 21:45:23'),
(326, '2301996', 'TIJANA', 'STEVANOVIĆ', 'f', 'VIZANTIJSKI BULEVAR 112, NIŠ', '', '0654267710', '01035203', '1996-01-23', '2014-07-05 21:51:36', '2014-07-05 21:51:36'),
(327, '0108996', 'GORICA', 'MILENKOVIĆ', 'f', '', '', '0600704748', '', '1996-08-01', '2014-07-05 21:52:19', '2014-07-05 21:52:19'),
(328, '2811996', 'ISIDORA', 'JOVANOVIĆ', 'f', 'PRAHOVSKA 10, NIŠ', '', '0616705787', '009920277', '1996-11-28', '2014-07-05 21:53:04', '2014-07-05 21:53:04'),
(329, '2908996', 'EMILIJA', 'ZDRAVKOVIĆ', 'f', 'RADOJA DAKIĆA 45/43, NIŠ', '', '0658299960', '011444927', '1996-08-29', '2014-07-05 21:53:57', '2014-07-05 21:53:57'),
(330, '2203997', 'MLADEN', 'MITIĆ', 'f', 'PRVOMAJSKA 4B/3', '', '0621846768', '', '1997-03-22', '2014-07-05 21:57:42', '2014-07-05 21:57:42'),
(331, '3311222', 'LUKA', 'VASILJKOVIĆ', 'm', '', '', '0614761233', '', NULL, '2014-07-05 21:58:28', '2014-07-05 21:58:28'),
(332, '0907997', 'MARKO', 'NEDELJKOVIĆ', 'm', 'MAJAKOVSKOG 8/16, NIŠ', '', '0649636279', '', '1997-07-09', '2014-07-05 21:59:16', '2014-07-05 21:59:16'),
(333, '1701996', 'DIMITRIJE', 'LJUBIĆ', 'm', 'ALEKSINAČKA 24, NIŠ', '', '0621235577', '', '1996-01-17', '2014-07-05 22:03:37', '2014-07-05 22:03:37'),
(334, '2107996', 'NIKOLA', 'ĐIKIĆ', 'm', 'ORAŠAČKA 23, NIŠ', '', '0646600106', '008426869', '1996-07-21', '2014-07-05 22:04:39', '2014-07-05 22:04:39'),
(335, '0811996', 'UROŠ', 'MITIĆ', 'm', 'BUBANJSKA DOLINA 27, NIŠ', '', '0638010960', '', '1996-11-08', '2014-07-05 22:05:18', '2014-07-05 22:05:18'),
(336, '1902988', 'VLADICA', 'ĐORĐEVIĆ', 'm', 'NEMA ULICE BB, GABROVAC', '', '0612700006', '009529841', '1988-02-19', '2014-07-05 22:08:53', '2014-07-05 22:08:53'),
(337, '1107990', 'JASMINA', 'STANKOVIĆ', 'f', 'KRALJA UROŠA I 3, PROKUPLJE', '', '0605580073', '010509446', '1990-07-11', '2014-07-05 22:10:12', '2014-07-05 22:10:12'),
(338, '2401997', 'UROŠ', 'MILJKOVIĆ', 'm', 'BOLJEVAČKA 008, NIŠ', '', '0690203794', '008719923', '1997-01-24', '2014-07-05 22:13:55', '2014-07-05 22:13:55'),
(339, '240399700000', 'MARKO', 'PAVIČIĆ', 'm', '', '', '066420822', '008828225', '1997-03-24', '2014-07-05 22:15:38', '2014-07-05 22:15:38'),
(340, '1002997', 'ČEDOMIR', 'ŠIPIĆ', 'm', 'DRUGOG SRPSKOG USTANKA 7A, NIŠ', '', '0668006796', '011312481', '1997-02-10', '2014-07-05 22:16:42', '2014-07-05 22:16:42'),
(341, '0302997', 'MIHAJLO', 'MITIĆ', 'm', '', '', '0612002133', '010870523', '1997-02-03', '2014-07-05 22:17:27', '2014-07-05 22:17:27'),
(342, '0310995', 'ANDREA', 'ILIĆ', 'f', 'KNJAŽEVAČKA 185, NIŠ', '', '0600535311', '', '1995-10-03', '2014-07-06 12:26:29', '2014-07-06 12:26:29'),
(343, '1906995', 'DANICA', 'LJUBENOVIĆ', 'f', 'VOJVODE MIŠIĆA 32, NIŠ', '', '0600337518', '009965486', '1995-06-19', '2014-07-06 12:27:47', '2014-07-06 12:27:47'),
(344, '1411995', 'JANA', 'MITIĆ', 'f', 'VARVARINSKA 35, NIŠ', '', '0621564474', '009884110', '1995-11-14', '2014-07-06 12:28:27', '2014-07-06 12:28:27'),
(345, '2107995', 'ĐORĐE', 'HITREC', 'm', 'OBELIĆEV VENAC 78/52', '', '0691995721', '', '1995-07-21', '2014-07-06 12:43:20', '2014-07-06 12:43:20'),
(346, '2204995', 'ALEKSA', 'RANĐELOVIĆ', 'm', 'ČARNOJEVIĆEVA 10/73, NIŠ', '', '066408204', '', '1995-04-22', '2014-07-06 12:44:12', '2014-07-06 12:44:12'),
(347, '0506991', 'BOGRAN', 'BOGDANOVIĆ', 'm', 'TRG KRALJA ALEKSANDRA 7/1, NIŠ', '', '0601442014', '010954577', '1991-06-05', '2014-07-06 12:47:53', '2014-07-06 12:47:53'),
(348, '1409993', 'PETAR', 'PETKOVIĆ', 'm', 'BRANKA MILJKOVIĆA 79/29, NIŠ', '', '0603138281', '009394339', '1993-09-14', '2014-07-06 12:48:42', '2014-07-06 12:48:42'),
(349, '1408991', 'NIKOLA', 'ŽIVKOVIĆ', 'm', 'BRANKA MILJKOVIĆA 130, NIŠ', '', '0600229055', '009391467', '1991-08-14', '2014-07-06 12:49:26', '2014-07-06 12:49:26'),
(350, '1905995', 'SAVA', 'MARKOVIĆ', 'm', 'GENERALA TRANIJEA 4, NIŠ', '', '0648824504', '009842642', '1995-05-19', '2014-07-06 12:51:45', '2014-07-06 12:51:45'),
(351, '1509995', 'NIKOLA', 'PAVLOVIĆ', 'm', 'ZELENGORSKA 19/6, NIŠ', '', '0659612896', '008350892', '1995-09-15', '2014-07-06 12:52:26', '2014-07-06 12:52:26'),
(352, '1111111111111', 'DANILO', 'ĐUKANOVIĆ', 'm', '', '', '', '', '2111-11-11', '2014-07-06 12:53:50', '2014-07-06 12:53:50'),
(353, '1301998', 'MIRKO', 'RADOMIROVIĆ', 'm', 'VLADISLAVA RIBNIKARA 11, NIŠ', '', '0692778864', '', '1998-01-13', '2014-07-06 12:57:51', '2014-07-06 12:57:51'),
(354, '2607997', 'JOVAN', 'KRSTIĆ', 'm', '', '', '0628093100', '', '1997-07-26', '2014-07-06 12:58:21', '2014-07-06 12:58:21'),
(355, '2012997000001', 'LAZAR', 'PETROVIĆ', 'm', '', '', '0621663447', '', '1997-12-20', '2014-07-06 12:59:51', '2014-07-06 12:59:51'),
(356, '2203990', 'DANICA', 'ĆIRIĆ', 'f', '', '', '0693196206', '', '1990-03-22', '2014-07-06 13:03:43', '2014-07-06 13:03:43'),
(357, '220399011111', 'MILICA', 'CIRIĆ', 'f', 'NEMAA', '', '0643196204', '', '1990-03-22', '2014-07-06 13:06:32', '2014-07-06 13:06:32'),
(358, '33333333', 'ALEKSANDRA', 'MITIĆ', 'f', 'NEMAA', '', '', '', NULL, '2014-07-06 13:07:09', '2014-07-06 13:07:09'),
(359, '2305993', 'MILICA', 'VASILJEVIĆ', 'f', 'CARA LAZARA 14/11, BOR', '', '0695010879', '008850048', '1993-05-23', '2014-07-06 13:10:55', '2014-07-06 13:10:55'),
(360, '3107993', 'JELENA', 'VELJKOVIĆ', 'f', 'TIMOČKA DIVIZIJA 18/14, BOR', '', '0649345892', '', '1993-07-31', '2014-07-06 13:11:33', '2014-07-06 13:11:33'),
(361, '2605993', 'LJILJANA', 'PICULOVIĆ', 'f', 'IVE ANDRIĆA 9, BOR', '', '0692659930', '008843876', '1993-05-26', '2014-07-06 13:12:25', '2014-07-06 13:12:25'),
(362, '0509991', 'ALEKSANDRA', 'STANKOVIĆ', 'f', 'BRANKA KRSMANOVIĆA 3/20, NIŠ', '', '0643934204', '', '1991-09-05', '2014-07-06 13:16:18', '2014-07-06 13:16:18'),
(363, '2403993', 'TAMARA', 'STANKOVIĆ', 'f', 'BRANKA KRSMANOVIĆA 3/20, NIŠ', '', '0614250899', '', '1993-03-24', '2014-07-06 13:16:48', '2014-07-06 13:16:48'),
(364, '0502993', 'KRISTINA', 'MIŠIĆ', 'f', 'DUBRAVSKA 3, NIŠ', '', '0631263820', '', '1993-02-05', '2014-07-06 13:17:25', '2014-07-06 13:17:25'),
(365, '0405991', 'DUŠAN', 'VELIČKOVIĆ', 'm', 'MARNA DRŽIĆA 82, NIŠ', '', '062346357', '', '1991-05-04', '2014-07-06 13:21:07', '2014-07-06 13:21:07'),
(366, '0707990', 'ALEKSANDAR', 'KRSTIĆ', 'm', 'ROMANISKA 5/27, NIŠ', '', '0631061371', '009149421', '1990-07-07', '2014-07-06 13:21:58', '2014-07-06 13:21:58'),
(367, '3009991', 'JOVAN', 'DZEPINA', 'm', 'HEROJA POP MIĆE 25, NIŠ', '', '0662255595', '', '1991-09-30', '2014-07-06 13:22:41', '2014-07-06 13:22:41'),
(368, '0704991', 'STEFAN', 'SMILJKOVIĆ', 'm', 'ORLJANE BB, DOLJEVAC', '', '0643403501', '', '1991-04-07', '2014-07-06 13:23:26', '2014-07-06 13:23:26'),
(369, '2208990', 'NIKOLA', 'STOJANOVIĆ', 'm', 'DONJE SUHOTNO, ALEKSINAC', '', '0649887107', '008401091', '1990-08-22', '2014-07-06 13:24:03', '2014-07-06 13:24:03'),
(370, '0207988', 'MILJANA', 'STANOJEVIĆ', 'f', 'ALAKINCE BB', '', '0637004863', '', '1988-07-02', '2014-07-06 13:33:29', '2014-07-06 13:33:29'),
(371, '5555555555', 'MILOŠ', 'MITIĆ', 'm', '', '', '', '', NULL, '2014-07-06 13:33:55', '2014-07-06 13:33:55'),
(372, '1405993', 'MILICA', 'BAČANIN', 'f', 'ZANATSKA 8A, NOVO SELE', '', '0645807558', '008954688', '1993-05-14', '2014-07-06 13:40:44', '2014-07-06 13:40:44');
INSERT INTO `passanger` (`id`, `jmbg`, `name`, `surname`, `gender`, `address`, `tel`, `mob`, `passport`, `birth_date`, `created_at`, `updated_at`) VALUES
(373, '2910994', 'NATALIJA ', 'ILIĆ', 'f', 'PROLETERSKA 26, MEDOŠEVAC', '', '0603660440', '', '1994-10-29', '2014-07-06 13:41:24', '2014-07-06 13:41:24'),
(374, '1110993', 'MARIJANA', 'ILIĆ', 'f', 'PROLETERSKA 26, MEDOŠEVAC', '', '0634592192', '009404417', '1993-10-11', '2014-07-06 13:42:17', '2014-07-06 13:42:17'),
(375, '0110992', 'NEVENA', 'ILIĆ', 'f', 'PROLETERSKA 26, MEDOŠEVAC', '', '0638003515', '', '1992-10-01', '2014-07-06 13:42:47', '2014-07-06 13:42:47'),
(376, '1705996', 'LUKA', 'PEŠIĆ', 'm', 'RADNIH BRIGADA 1/9, NIŠ', '', '0644167929', '010749564', '1996-05-17', '2014-07-06 13:44:42', '2014-07-06 13:48:01'),
(377, '1110995', 'UROŠ', 'MILOVANOVIĆ', 'm', 'KOSTE STAMENKOVIĆA 18, NIŠ', '', '0607261647', '011096374', '1995-10-11', '2014-07-06 13:45:41', '2014-07-06 13:45:41'),
(378, '1205995', 'MILAN', 'MILIĆEVIĆ', 'm', 'VOJVODE MIŠIĆA 1/11, NIŠ', '', '0655049498', '010936322', '1995-05-12', '2014-07-06 13:46:18', '2014-07-06 13:46:18'),
(379, '1008995', 'ALEKSANDAR', 'RADOVIĆ', 'm', 'VOJVODE MIŠIĆA 1/23, NIŠ', '', '063473799', '011059658', '1995-08-10', '2014-07-06 13:46:59', '2014-07-06 13:46:59'),
(380, '2704993', 'NINA', 'STOJKOVISKI', 'f', 'DR. ZORANA ĐINĐIĆA 75/37, NIŠ', '', '0616394696', '', '1993-04-27', '2014-07-06 13:51:04', '2014-07-06 13:51:04'),
(381, '1207993', 'ISIDORA', 'BRANKOVIĆ', 'f', 'POBEDE 153, GABROVAC', '', '0662160235', '', '1993-07-12', '2014-07-06 13:51:46', '2014-07-06 13:51:46'),
(383, '0101962', 'SLAĐANA', 'STOJANČIĆ', 'f', 'BUBANJ SELO BB', '', '0638042403', '009490637', '1962-01-01', '2014-07-06 17:54:04', '2014-07-06 17:54:04'),
(384, '1410999', 'DANILO', 'STOJANČIĆ', 'm', 'BUBANJ SELO BB', '', '', '009716099', '1999-10-14', '2014-07-06 17:54:39', '2014-07-06 17:54:39'),
(385, '1906996740083', 'MARKO', 'ILIĆ', 'm', 'NADE TOMIĆ 25/17, NIŠ', '', '0611433637', '009944420', '1996-06-19', '2014-07-06 17:58:14', '2014-07-06 17:58:14'),
(386, '2102996765010', 'ANĐELA', 'TIRNANIĆ', 'f', '', '', '063436494', '010527561', '1996-02-21', '2014-07-06 17:59:23', '2014-07-06 17:59:23'),
(387, '2805988', 'ALEKSANDAR', 'RAKIĆ', 'm', 'MIHAJLA PUPINA 10, POŽAREVAC', '', '0695067650', '', '1988-05-28', '2014-07-06 18:04:07', '2014-07-06 18:04:07'),
(388, '2203990000000', 'LIDIJA', 'ĐORĐEVIĆ', 'f', '', '', '0631299484', '', '1990-03-22', '2014-07-06 18:05:25', '2014-07-06 18:05:25'),
(389, '270799380035', 'MILOŠ', 'VASIĆ', 'm', '', '', '0622540051', '', '1993-07-27', '2014-07-06 18:08:11', '2014-07-06 18:08:11'),
(390, '1210993188733', 'ANA', 'DRAGIĆEVIĆ', 'f', '', '', '', '', '1993-10-12', '2014-07-06 18:08:50', '2014-07-06 18:08:50'),
(391, '1310989', 'BOJAN', 'BRANKOVIĆ', 'm', '', '', '0644705013', '007459135', '1989-10-13', '2014-07-06 18:18:15', '2014-07-06 18:18:15'),
(392, '1005988', 'MARIJA', 'ARSIĆ', 'f', '', '', '0649191663', '008583409', '1988-05-10', '2014-07-06 18:18:59', '2014-07-06 18:18:59'),
(393, '0801981', 'SRĐAN', 'MILJKOVIĆ', 'm', 'PROKUPLJE', '', '063413998', '', '1981-01-08', '2014-07-06 18:23:42', '2014-07-06 18:23:42'),
(394, '1606986', 'MIONA', 'MILJKOVIĆ', 'f', 'PROKUPLJE', '', '', '', '1986-06-16', '2014-07-06 18:27:11', '2014-07-06 18:27:11'),
(395, '2401013', 'MITRA', 'MILJKOVIĆ', 'f', 'PROKUPLJA', '', '', '', '2013-01-24', '2014-07-06 18:27:39', '2014-07-06 18:27:39'),
(396, '1504983', 'MILAN', 'JOVANOVIĆ', 'm', 'ĐORĐA JOCIĆA 3/6, NIŠ', '', '0638899008', '009352286', '1983-04-15', '2014-07-06 18:32:17', '2014-07-06 18:32:17'),
(397, '2110988', 'MARIJA', 'STOJKOVIĆ', 'f', '', '', '', '010409892', '1988-10-21', '2014-07-06 18:32:49', '2014-07-06 18:32:49'),
(398, '0411975', 'MLAĐAN', 'RANĐELOVIĆ', 'm', 'DONJA VREŽINA', '', '063472132', '009040809', '1975-11-04', '2014-07-06 18:37:51', '2014-07-06 18:37:51'),
(399, '1909975', 'DUBRAVKA', 'RANĐELOVIĆ', 'f', '', '', '', '010765741', '1975-09-19', '2014-07-06 18:38:18', '2014-07-06 18:38:18'),
(400, '0304009', 'ANĐELA', 'RANĐELOVIĆ', 'f', '', '', '', '010895452', '2009-04-03', '2014-07-06 18:38:44', '2014-07-06 18:38:44'),
(401, '2901011', 'ANASTASIJA', 'RANĐELOVIĆ', 'f', '', '', '', '010895434', '2011-01-29', '2014-07-06 18:39:15', '2014-07-06 18:39:15'),
(402, '2908988', 'ANA', 'TAČIĆ', 'f', 'BULEVAR NAMANJIĆA 83/22', '', '0642604769', '010780476', '1988-08-29', '2014-07-06 18:42:48', '2014-07-06 18:42:48'),
(403, '1504991', 'MARKO', 'DINIĆ', 'm', '', '', '0640393780', '', '1991-04-15', '2014-07-06 18:43:36', '2014-07-06 18:43:36'),
(404, '3108996', 'PETAR', 'RISTIĆ', 'm', 'VARDARSKA 10 ULAZ1/6, NIŠ', '', '0694549661', '', '1996-08-31', '2014-07-06 18:46:52', '2014-07-06 18:46:52'),
(405, '0609996000', 'STEVAN', 'PAVLOVIĆ', 'm', '', '', '0655329697', '', '1996-09-06', '2014-07-06 18:47:57', '2014-07-06 18:47:57'),
(406, '2704996', 'DIMITRIJE', 'ĐOKIĆ', 'm', '', '', '062270461', '', '1996-04-27', '2014-07-06 18:48:28', '2014-07-06 18:48:28'),
(407, '0309996', 'MILAN', 'SALEVIĆ', 'm', '', '', '0695118980', '', '1996-09-03', '2014-07-06 18:48:59', '2014-07-06 18:48:59'),
(408, '1108988', 'SAŠKA', 'ĐORĐEVIĆ', 'f', 'NIKOLE PAŠIĆA BB, BELA PALANKA', '', '0644230403', '008678874', '1988-08-11', '2014-07-06 18:52:11', '2014-07-06 18:52:11'),
(409, '1008988', 'MARKO', 'MITIĆ', 'm', '', '', '0643182964', '', '1988-08-10', '2014-07-06 18:52:38', '2014-07-06 18:52:38'),
(410, '0407990', 'TANJA', 'DAČIĆ', 'f', '', '', '0691333055', '', '1990-07-04', '2014-07-06 18:54:48', '2014-07-06 18:54:48'),
(411, '0205989', 'SLOBODAN', 'ALEKSIĆ', 'm', '', '', '0631765402', '', '1989-05-02', '2014-07-06 18:55:09', '2014-07-06 18:55:09'),
(412, '1205992', 'ALEKSANDRA', 'DUDUKOVIĆ', 'f', 'ĐURE JAKŠIĆA 53, NIŠ', '', '0606020380', '009468563', '1992-05-12', '2014-07-06 18:58:29', '2014-07-06 18:58:29'),
(413, '1406992', 'PREDRAG', 'DAVIDOVIĆ', 'm', '', '', '', '010241312', '1992-06-14', '2014-07-06 18:58:56', '2014-07-06 18:58:56'),
(414, '0509984730144', 'MILAN', 'FILIPOVIĆ', 'm', 'ZVORNIČKA 11, NIŠ', '', '0669678378', '009692026', '1984-09-05', '2014-07-08 18:53:05', '2014-07-08 18:53:05');

-- --------------------------------------------------------

--
-- Table structure for table `passangers`
--

CREATE TABLE IF NOT EXISTS `passangers` (
  `id` int(11) NOT NULL AUTO_INCREMENT,
  `passanger_id` int(11) NOT NULL,
  `reservation_id` int(11) NOT NULL,
  `created_at` datetime NOT NULL,
  `updated_at` datetime NOT NULL,
  PRIMARY KEY (`id`),
  KEY `pass_rsrv_id_ind` (`reservation_id`),
  KEY `pass_id_ind` (`passanger_id`)
) ENGINE=InnoDB  DEFAULT CHARSET=utf16 AUTO_INCREMENT=434 ;

--
-- Dumping data for table `passangers`
--

INSERT INTO `passangers` (`id`, `passanger_id`, `reservation_id`, `created_at`, `updated_at`) VALUES
(27, 19, 41, '2014-05-30 13:42:15', '2014-05-30 13:42:15'),
(28, 20, 41, '2014-05-30 13:42:15', '2014-05-30 13:42:15'),
(29, 23, 42, '2014-05-30 16:03:16', '2014-05-30 16:03:16'),
(30, 25, 42, '2014-05-30 16:03:16', '2014-05-30 16:03:16'),
(31, 26, 42, '2014-05-30 16:03:16', '2014-05-30 16:03:16'),
(32, 27, 42, '2014-05-30 16:03:16', '2014-05-30 16:03:16'),
(37, 28, 44, '2014-05-30 22:36:15', '2014-05-30 22:36:15'),
(38, 31, 44, '2014-05-30 22:36:15', '2014-05-30 22:36:15'),
(39, 30, 44, '2014-05-30 22:36:15', '2014-05-30 22:36:15'),
(40, 29, 44, '2014-05-30 22:36:15', '2014-05-30 22:36:15'),
(45, 32, 47, '2014-05-30 22:52:39', '2014-05-30 22:52:39'),
(46, 33, 47, '2014-05-30 22:52:39', '2014-05-30 22:52:39'),
(47, 34, 48, '2014-05-30 23:07:17', '2014-05-30 23:07:17'),
(48, 35, 48, '2014-05-30 23:07:17', '2014-05-30 23:07:17'),
(49, 36, 48, '2014-05-30 23:07:17', '2014-05-30 23:07:17'),
(50, 37, 48, '2014-05-30 23:07:17', '2014-05-30 23:07:17'),
(51, 38, 49, '2014-05-30 23:14:54', '2014-05-30 23:14:54'),
(52, 39, 49, '2014-05-30 23:14:54', '2014-05-30 23:14:54'),
(53, 40, 50, '2014-05-30 23:20:47', '2014-05-30 23:20:47'),
(54, 41, 50, '2014-05-30 23:20:47', '2014-05-30 23:20:47'),
(55, 42, 51, '2014-05-30 23:30:32', '2014-05-30 23:30:32'),
(56, 43, 51, '2014-05-30 23:30:32', '2014-05-30 23:30:32'),
(57, 44, 51, '2014-05-30 23:30:32', '2014-05-30 23:30:32'),
(58, 45, 51, '2014-05-30 23:30:32', '2014-05-30 23:30:32'),
(59, 46, 51, '2014-05-30 23:30:32', '2014-05-30 23:30:32'),
(60, 47, 51, '2014-05-30 23:30:32', '2014-05-30 23:30:32'),
(61, 48, 52, '2014-05-30 23:44:31', '2014-05-30 23:44:31'),
(62, 49, 52, '2014-05-30 23:44:31', '2014-05-30 23:44:31'),
(63, 50, 52, '2014-05-30 23:44:31', '2014-05-30 23:44:31'),
(64, 51, 52, '2014-05-30 23:44:31', '2014-05-30 23:44:31'),
(65, 52, 52, '2014-05-30 23:44:31', '2014-05-30 23:44:31'),
(66, 63, 53, '2014-06-01 20:15:48', '2014-06-01 20:15:48'),
(67, 64, 53, '2014-06-01 20:15:48', '2014-06-01 20:15:48'),
(68, 65, 54, '2014-06-01 20:44:12', '2014-06-01 20:44:12'),
(69, 66, 54, '2014-06-01 20:44:12', '2014-06-01 20:44:12'),
(70, 67, 55, '2014-06-01 20:57:28', '2014-06-01 20:57:28'),
(71, 68, 55, '2014-06-01 20:57:28', '2014-06-01 20:57:28'),
(72, 69, 56, '2014-06-01 21:13:34', '2014-06-01 21:13:34'),
(73, 70, 56, '2014-06-01 21:13:34', '2014-06-01 21:13:34'),
(74, 69, 62, '2014-06-01 21:27:52', '2014-06-01 21:27:52'),
(75, 70, 62, '2014-06-01 21:27:52', '2014-06-01 21:27:52'),
(76, 72, 63, '2014-06-01 21:44:20', '2014-06-01 21:44:20'),
(77, 73, 63, '2014-06-01 21:44:20', '2014-06-01 21:44:20'),
(78, 74, 64, '2014-06-01 21:51:49', '2014-06-01 21:51:49'),
(79, 75, 64, '2014-06-01 21:51:49', '2014-06-01 21:51:49'),
(80, 76, 65, '2014-06-01 21:59:14', '2014-06-01 21:59:14'),
(81, 77, 65, '2014-06-01 21:59:14', '2014-06-01 21:59:14'),
(82, 78, 66, '2014-06-01 22:08:43', '2014-06-01 22:08:43'),
(83, 79, 66, '2014-06-01 22:08:43', '2014-06-01 22:08:43'),
(84, 80, 67, '2014-06-01 22:15:17', '2014-06-01 22:15:17'),
(85, 81, 67, '2014-06-01 22:15:17', '2014-06-01 22:15:17'),
(86, 82, 68, '2014-06-01 22:27:22', '2014-06-01 22:27:22'),
(87, 83, 68, '2014-06-01 22:27:22', '2014-06-01 22:27:22'),
(88, 84, 69, '2014-06-01 22:35:38', '2014-06-01 22:35:38'),
(89, 85, 69, '2014-06-01 22:35:38', '2014-06-01 22:35:38'),
(90, 86, 82, '2014-06-01 22:47:18', '2014-06-01 22:47:18'),
(91, 87, 82, '2014-06-01 22:47:18', '2014-06-01 22:47:18'),
(92, 88, 82, '2014-06-01 22:47:18', '2014-06-01 22:47:18'),
(93, 89, 83, '2014-06-01 23:01:59', '2014-06-01 23:01:59'),
(94, 90, 83, '2014-06-01 23:01:59', '2014-06-01 23:01:59'),
(95, 91, 84, '2014-06-01 23:20:23', '2014-06-01 23:20:23'),
(96, 92, 84, '2014-06-01 23:20:23', '2014-06-01 23:20:23'),
(97, 93, 85, '2014-06-01 23:25:58', '2014-06-01 23:25:58'),
(98, 94, 85, '2014-06-01 23:25:58', '2014-06-01 23:25:58'),
(99, 95, 87, '2014-06-01 23:35:44', '2014-06-01 23:35:44'),
(100, 96, 87, '2014-06-01 23:35:44', '2014-06-01 23:35:44'),
(101, 97, 88, '2014-06-01 23:56:41', '2014-06-01 23:56:41'),
(102, 98, 88, '2014-06-01 23:56:41', '2014-06-01 23:56:41'),
(103, 99, 88, '2014-06-01 23:56:41', '2014-06-01 23:56:41'),
(104, 100, 89, '2014-06-02 00:07:27', '2014-06-02 00:07:27'),
(105, 101, 89, '2014-06-02 00:07:27', '2014-06-02 00:07:27'),
(106, 102, 90, '2014-06-02 00:15:58', '2014-06-02 00:15:58'),
(107, 103, 90, '2014-06-02 00:15:58', '2014-06-02 00:15:58'),
(108, 104, 91, '2014-06-02 00:21:24', '2014-06-02 00:21:24'),
(109, 105, 91, '2014-06-02 00:21:24', '2014-06-02 00:21:24'),
(110, 106, 92, '2014-06-02 00:30:11', '2014-06-02 00:30:11'),
(111, 107, 92, '2014-06-02 00:30:11', '2014-06-02 00:30:11'),
(112, 108, 92, '2014-06-02 00:30:11', '2014-06-02 00:30:11'),
(113, 109, 93, '2014-06-02 00:36:56', '2014-06-02 00:36:56'),
(114, 110, 94, '2014-06-02 07:27:22', '2014-06-02 07:27:22'),
(115, 111, 94, '2014-06-02 07:27:22', '2014-06-02 07:27:22'),
(116, 112, 95, '2014-06-02 07:37:13', '2014-06-02 07:37:13'),
(117, 113, 95, '2014-06-02 07:37:13', '2014-06-02 07:37:13'),
(118, 114, 95, '2014-06-02 07:37:13', '2014-06-02 07:37:13'),
(119, 115, 96, '2014-06-02 07:49:16', '2014-06-02 07:49:16'),
(120, 116, 96, '2014-06-02 07:49:16', '2014-06-02 07:49:16'),
(121, 117, 96, '2014-06-02 07:49:16', '2014-06-02 07:49:16'),
(122, 118, 97, '2014-06-02 07:59:35', '2014-06-02 07:59:35'),
(123, 119, 97, '2014-06-02 07:59:35', '2014-06-02 07:59:35'),
(124, 120, 98, '2014-06-02 08:09:36', '2014-06-02 08:09:36'),
(125, 82, 99, '2014-06-02 08:17:00', '2014-06-02 08:17:00'),
(126, 121, 99, '2014-06-02 08:17:00', '2014-06-02 08:17:00'),
(127, 75, 94, '2014-06-06 23:09:11', '2014-06-06 23:09:11'),
(133, 5, 100, '2014-06-10 20:29:33', '2014-06-10 20:29:33'),
(134, 18, 100, '2014-06-10 20:29:33', '2014-06-10 20:29:33'),
(136, 126, 103, '2014-06-11 19:12:17', '2014-06-11 19:12:17'),
(137, 127, 103, '2014-06-11 19:12:17', '2014-06-11 19:12:17'),
(138, 128, 103, '2014-06-11 19:12:17', '2014-06-11 19:12:17'),
(139, 129, 103, '2014-06-11 19:12:17', '2014-06-11 19:12:17'),
(140, 130, 103, '2014-06-11 19:12:17', '2014-06-11 19:12:17'),
(141, 134, 104, '2014-06-15 20:20:45', '2014-06-15 20:20:45'),
(142, 135, 104, '2014-06-15 20:20:45', '2014-06-15 20:20:45'),
(143, 136, 104, '2014-06-15 20:20:45', '2014-06-15 20:20:45'),
(144, 132, 106, '2014-06-17 14:02:02', '2014-06-17 14:02:02'),
(145, 133, 106, '2014-06-17 14:02:02', '2014-06-17 14:02:02'),
(146, 139, 110, '2014-06-18 16:55:57', '2014-06-18 16:55:57'),
(147, 140, 110, '2014-06-18 16:55:57', '2014-06-18 16:55:57'),
(148, 141, 111, '2014-06-18 17:09:47', '2014-06-18 17:09:47'),
(149, 142, 111, '2014-06-18 17:09:47', '2014-06-18 17:09:47'),
(150, 143, 112, '2014-06-18 17:26:44', '2014-06-18 17:26:44'),
(151, 144, 112, '2014-06-18 17:26:44', '2014-06-18 17:26:44'),
(152, 145, 113, '2014-06-18 21:54:14', '2014-06-18 21:54:14'),
(153, 146, 113, '2014-06-19 15:52:59', '2014-06-19 15:52:59'),
(154, 147, 113, '2014-06-19 15:52:59', '2014-06-19 15:52:59'),
(155, 148, 113, '2014-06-19 15:52:59', '2014-06-19 15:52:59'),
(156, 149, 114, '2014-06-19 22:25:50', '2014-06-19 22:25:50'),
(157, 150, 114, '2014-06-19 22:25:50', '2014-06-19 22:25:50'),
(158, 151, 115, '2014-06-21 10:46:08', '2014-06-21 10:46:08'),
(159, 152, 115, '2014-06-21 10:46:08', '2014-06-21 10:46:08'),
(160, 153, 116, '2014-06-21 11:00:51', '2014-06-21 11:00:51'),
(161, 154, 116, '2014-06-21 11:00:51', '2014-06-21 11:00:51'),
(162, 155, 116, '2014-06-21 11:00:51', '2014-06-21 11:00:51'),
(163, 156, 117, '2014-06-21 17:15:53', '2014-06-21 17:15:53'),
(164, 157, 117, '2014-06-21 17:15:53', '2014-06-21 17:15:53'),
(165, 158, 117, '2014-06-21 17:15:53', '2014-06-21 17:15:53'),
(166, 159, 118, '2014-06-29 23:05:10', '2014-06-29 23:05:10'),
(167, 160, 118, '2014-06-29 23:05:10', '2014-06-29 23:05:10'),
(168, 167, 121, '2014-06-29 23:28:48', '2014-06-29 23:28:48'),
(169, 168, 121, '2014-06-29 23:28:48', '2014-06-29 23:28:48'),
(170, 169, 122, '2014-06-29 23:34:08', '2014-06-29 23:34:08'),
(171, 170, 122, '2014-06-29 23:34:08', '2014-06-29 23:34:08'),
(172, 171, 123, '2014-06-29 23:40:48', '2014-06-29 23:40:48'),
(173, 172, 123, '2014-06-29 23:40:48', '2014-06-29 23:40:48'),
(174, 173, 123, '2014-06-29 23:40:48', '2014-06-29 23:40:48'),
(175, 174, 124, '2014-06-29 23:48:05', '2014-06-29 23:48:05'),
(176, 175, 124, '2014-06-29 23:48:05', '2014-06-29 23:48:05'),
(177, 176, 124, '2014-06-29 23:48:05', '2014-06-29 23:48:05'),
(178, 177, 125, '2014-06-29 23:55:01', '2014-06-29 23:55:01'),
(179, 178, 125, '2014-06-29 23:55:01', '2014-06-29 23:55:01'),
(180, 179, 125, '2014-06-29 23:55:01', '2014-06-29 23:55:01'),
(181, 180, 126, '2014-06-29 23:59:57', '2014-06-29 23:59:57'),
(182, 181, 126, '2014-06-29 23:59:57', '2014-06-29 23:59:57'),
(183, 182, 127, '2014-06-30 00:07:39', '2014-06-30 00:07:39'),
(184, 183, 127, '2014-06-30 00:07:39', '2014-06-30 00:07:39'),
(185, 184, 127, '2014-06-30 00:07:39', '2014-06-30 00:07:39'),
(186, 185, 128, '2014-06-30 00:12:34', '2014-06-30 00:12:34'),
(187, 186, 128, '2014-06-30 00:12:34', '2014-06-30 00:12:34'),
(188, 187, 129, '2014-06-30 00:18:14', '2014-06-30 00:18:14'),
(189, 188, 129, '2014-06-30 00:18:14', '2014-06-30 00:18:14'),
(190, 189, 130, '2014-06-30 00:23:42', '2014-06-30 00:23:42'),
(191, 190, 130, '2014-06-30 00:23:42', '2014-06-30 00:23:42'),
(192, 191, 131, '2014-06-30 00:29:46', '2014-06-30 00:29:46'),
(193, 192, 131, '2014-06-30 00:29:46', '2014-06-30 00:29:46'),
(194, 193, 131, '2014-06-30 00:29:46', '2014-06-30 00:29:46'),
(195, 194, 132, '2014-06-30 00:36:30', '2014-06-30 00:36:30'),
(196, 195, 132, '2014-06-30 00:36:30', '2014-06-30 00:36:30'),
(197, 196, 132, '2014-06-30 00:36:30', '2014-06-30 00:36:30'),
(198, 197, 133, '2014-06-30 00:41:58', '2014-06-30 00:41:58'),
(199, 198, 133, '2014-06-30 00:41:58', '2014-06-30 00:41:58'),
(200, 199, 133, '2014-06-30 00:41:58', '2014-06-30 00:41:58'),
(201, 200, 134, '2014-06-30 01:00:10', '2014-06-30 01:00:10'),
(202, 201, 134, '2014-06-30 01:00:10', '2014-06-30 01:00:10'),
(203, 202, 135, '2014-06-30 01:04:04', '2014-06-30 01:04:04'),
(204, 203, 135, '2014-06-30 01:04:04', '2014-06-30 01:04:04'),
(205, 204, 136, '2014-06-30 01:07:53', '2014-06-30 01:07:53'),
(206, 205, 136, '2014-06-30 01:07:53', '2014-06-30 01:07:53'),
(207, 206, 136, '2014-06-30 01:07:53', '2014-06-30 01:07:53'),
(208, 207, 137, '2014-06-30 01:12:06', '2014-06-30 01:12:06'),
(209, 208, 137, '2014-06-30 01:12:06', '2014-06-30 01:12:06'),
(210, 209, 138, '2014-06-30 01:17:27', '2014-06-30 01:17:27'),
(211, 210, 138, '2014-06-30 01:17:27', '2014-06-30 01:17:27'),
(212, 211, 138, '2014-06-30 01:17:27', '2014-06-30 01:17:27'),
(213, 212, 139, '2014-06-30 01:21:31', '2014-06-30 01:21:31'),
(214, 213, 139, '2014-06-30 01:21:31', '2014-06-30 01:21:31'),
(215, 214, 140, '2014-06-30 01:26:10', '2014-06-30 01:26:10'),
(216, 215, 140, '2014-06-30 01:26:10', '2014-06-30 01:26:10'),
(217, 216, 141, '2014-06-30 01:30:33', '2014-06-30 01:30:33'),
(218, 217, 141, '2014-06-30 01:30:33', '2014-06-30 01:30:33'),
(219, 218, 141, '2014-06-30 01:30:33', '2014-06-30 01:30:33'),
(220, 219, 142, '2014-06-30 01:35:48', '2014-06-30 01:35:48'),
(221, 220, 142, '2014-06-30 01:35:48', '2014-06-30 01:35:48'),
(222, 221, 142, '2014-06-30 01:35:48', '2014-06-30 01:35:48'),
(223, 222, 143, '2014-06-30 01:41:26', '2014-06-30 01:41:26'),
(224, 223, 143, '2014-06-30 01:41:26', '2014-06-30 01:41:26'),
(225, 224, 143, '2014-06-30 01:41:26', '2014-06-30 01:41:26'),
(226, 225, 144, '2014-06-30 01:46:41', '2014-06-30 01:46:41'),
(227, 226, 144, '2014-06-30 01:46:41', '2014-06-30 01:46:41'),
(228, 227, 144, '2014-06-30 01:46:41', '2014-06-30 01:46:41'),
(229, 228, 145, '2014-06-30 01:51:23', '2014-06-30 01:51:23'),
(230, 229, 145, '2014-06-30 01:51:23', '2014-06-30 01:51:23'),
(231, 230, 145, '2014-06-30 01:51:23', '2014-06-30 01:51:23'),
(232, 231, 146, '2014-06-30 01:55:28', '2014-06-30 01:55:28'),
(233, 232, 146, '2014-06-30 01:55:28', '2014-06-30 01:55:28'),
(234, 233, 146, '2014-06-30 01:55:28', '2014-06-30 01:55:28'),
(235, 234, 147, '2014-06-30 01:59:22', '2014-06-30 01:59:22'),
(236, 235, 147, '2014-06-30 01:59:22', '2014-06-30 01:59:22'),
(237, 236, 148, '2014-06-30 02:03:48', '2014-06-30 02:03:48'),
(238, 237, 148, '2014-06-30 02:03:48', '2014-06-30 02:03:48'),
(241, 240, 150, '2014-07-01 20:33:46', '2014-07-01 20:33:46'),
(242, 241, 150, '2014-07-01 20:33:46', '2014-07-01 20:33:46'),
(243, 242, 150, '2014-07-01 20:33:46', '2014-07-01 20:33:46'),
(244, 243, 150, '2014-07-01 20:33:46', '2014-07-01 20:33:46'),
(245, 244, 151, '2014-07-01 20:58:22', '2014-07-01 20:58:22'),
(246, 245, 151, '2014-07-01 20:58:22', '2014-07-01 20:58:22'),
(247, 246, 151, '2014-07-01 20:58:22', '2014-07-01 20:58:22'),
(248, 248, 151, '2014-07-01 20:58:22', '2014-07-01 20:58:22'),
(249, 247, 152, '2014-07-01 20:58:30', '2014-07-01 20:58:30'),
(250, 249, 152, '2014-07-01 20:58:30', '2014-07-01 20:58:30'),
(251, 252, 153, '2014-07-01 21:07:31', '2014-07-01 21:07:31'),
(252, 250, 154, '2014-07-01 21:08:08', '2014-07-01 21:08:08'),
(253, 251, 154, '2014-07-01 21:08:08', '2014-07-01 21:08:08'),
(254, 253, 154, '2014-07-01 21:08:08', '2014-07-01 21:08:08'),
(255, 254, 154, '2014-07-01 21:08:08', '2014-07-01 21:08:08'),
(256, 256, 155, '2014-07-01 21:16:44', '2014-07-01 21:16:44'),
(257, 257, 155, '2014-07-01 21:16:44', '2014-07-01 21:16:44'),
(258, 258, 156, '2014-07-01 21:24:54', '2014-07-01 21:24:54'),
(259, 259, 156, '2014-07-01 21:24:54', '2014-07-01 21:24:54'),
(260, 260, 156, '2014-07-01 21:24:54', '2014-07-01 21:24:54'),
(261, 261, 157, '2014-07-01 21:31:34', '2014-07-01 21:31:34'),
(262, 262, 157, '2014-07-01 21:31:34', '2014-07-01 21:31:34'),
(263, 264, 159, '2014-07-01 21:40:50', '2014-07-01 21:40:50'),
(264, 265, 159, '2014-07-01 21:40:50', '2014-07-01 21:40:50'),
(265, 266, 159, '2014-07-01 21:40:50', '2014-07-01 21:40:50'),
(266, 267, 159, '2014-07-01 21:40:50', '2014-07-01 21:40:50'),
(267, 268, 160, '2014-07-01 21:47:04', '2014-07-01 21:47:04'),
(268, 269, 160, '2014-07-01 21:47:04', '2014-07-01 21:47:04'),
(269, 270, 160, '2014-07-01 21:47:04', '2014-07-01 21:47:04'),
(270, 271, 160, '2014-07-01 21:47:04', '2014-07-01 21:47:04'),
(271, 272, 161, '2014-07-01 21:55:58', '2014-07-01 21:55:58'),
(272, 273, 161, '2014-07-01 21:55:58', '2014-07-01 21:55:58'),
(273, 274, 161, '2014-07-01 21:55:58', '2014-07-01 21:55:58'),
(274, 275, 161, '2014-07-01 21:55:58', '2014-07-01 21:55:58'),
(275, 276, 162, '2014-07-01 22:04:29', '2014-07-01 22:04:29'),
(276, 277, 162, '2014-07-01 22:04:29', '2014-07-01 22:04:29'),
(277, 278, 163, '2014-07-01 22:13:12', '2014-07-01 22:13:12'),
(278, 279, 163, '2014-07-01 22:13:12', '2014-07-01 22:13:12'),
(279, 280, 163, '2014-07-01 22:13:12', '2014-07-01 22:13:12'),
(280, 281, 163, '2014-07-01 22:13:12', '2014-07-01 22:13:12'),
(281, 282, 164, '2014-07-01 22:21:27', '2014-07-01 22:21:27'),
(282, 283, 164, '2014-07-01 22:21:27', '2014-07-01 22:21:27'),
(283, 284, 164, '2014-07-01 22:21:27', '2014-07-01 22:21:27'),
(284, 285, 164, '2014-07-01 22:21:27', '2014-07-01 22:21:27'),
(285, 286, 165, '2014-07-01 22:29:57', '2014-07-01 22:29:57'),
(286, 287, 165, '2014-07-01 22:29:57', '2014-07-01 22:29:57'),
(287, 288, 165, '2014-07-01 22:29:57', '2014-07-01 22:29:57'),
(288, 289, 166, '2014-07-01 22:37:51', '2014-07-01 22:37:51'),
(289, 290, 166, '2014-07-01 22:37:51', '2014-07-01 22:37:51'),
(290, 291, 166, '2014-07-01 22:37:51', '2014-07-01 22:37:51'),
(291, 292, 166, '2014-07-01 22:37:51', '2014-07-01 22:37:51'),
(292, 293, 167, '2014-07-01 22:44:38', '2014-07-01 22:44:38'),
(293, 294, 167, '2014-07-01 22:44:38', '2014-07-01 22:44:38'),
(294, 295, 167, '2014-07-01 22:44:38', '2014-07-01 22:44:38'),
(295, 296, 167, '2014-07-01 22:44:38', '2014-07-01 22:44:38'),
(296, 297, 168, '2014-07-01 22:48:29', '2014-07-01 22:48:29'),
(297, 298, 168, '2014-07-01 22:48:29', '2014-07-01 22:48:29'),
(298, 299, 169, '2014-07-01 22:53:31', '2014-07-01 22:53:31'),
(299, 300, 169, '2014-07-01 22:53:31', '2014-07-01 22:53:31'),
(300, 301, 169, '2014-07-01 22:53:31', '2014-07-01 22:53:31'),
(301, 302, 170, '2014-07-01 22:58:37', '2014-07-01 22:58:37'),
(302, 303, 170, '2014-07-01 22:58:37', '2014-07-01 22:58:37'),
(303, 304, 170, '2014-07-01 22:58:37', '2014-07-01 22:58:37'),
(304, 305, 171, '2014-07-01 23:05:15', '2014-07-01 23:05:15'),
(305, 306, 171, '2014-07-01 23:05:15', '2014-07-01 23:05:15'),
(306, 307, 171, '2014-07-01 23:05:15', '2014-07-01 23:05:15'),
(307, 308, 172, '2014-07-01 23:11:13', '2014-07-01 23:11:13'),
(308, 309, 172, '2014-07-01 23:11:13', '2014-07-01 23:11:13'),
(309, 310, 172, '2014-07-01 23:11:13', '2014-07-01 23:11:13'),
(310, 311, 173, '2014-07-01 23:15:54', '2014-07-01 23:15:54'),
(311, 312, 173, '2014-07-01 23:15:54', '2014-07-01 23:15:54'),
(312, 313, 173, '2014-07-01 23:15:54', '2014-07-01 23:15:54'),
(313, 314, 174, '2014-07-01 23:21:04', '2014-07-01 23:21:04'),
(314, 315, 174, '2014-07-01 23:21:04', '2014-07-01 23:21:04'),
(315, 316, 174, '2014-07-01 23:21:04', '2014-07-01 23:21:04'),
(316, 317, 175, '2014-07-01 23:24:06', '2014-07-01 23:24:06'),
(317, 318, 175, '2014-07-01 23:24:06', '2014-07-01 23:24:06'),
(318, 319, 176, '2014-07-01 23:30:20', '2014-07-01 23:30:20'),
(319, 320, 176, '2014-07-01 23:30:20', '2014-07-01 23:30:20'),
(320, 321, 176, '2014-07-01 23:30:20', '2014-07-01 23:30:20'),
(321, 322, 177, '2014-07-01 23:33:49', '2014-07-01 23:33:49'),
(322, 323, 177, '2014-07-01 23:33:49', '2014-07-01 23:33:49'),
(323, 324, 178, '2014-07-05 21:46:42', '2014-07-05 21:46:42'),
(324, 325, 178, '2014-07-05 21:46:42', '2014-07-05 21:46:42'),
(325, 326, 179, '2014-07-05 21:54:42', '2014-07-05 21:54:42'),
(326, 327, 179, '2014-07-05 21:54:42', '2014-07-05 21:54:42'),
(327, 328, 179, '2014-07-05 21:54:42', '2014-07-05 21:54:42'),
(328, 329, 179, '2014-07-05 21:54:42', '2014-07-05 21:54:42'),
(329, 330, 180, '2014-07-05 22:00:20', '2014-07-05 22:00:20'),
(330, 331, 180, '2014-07-05 22:00:20', '2014-07-05 22:00:20'),
(331, 332, 180, '2014-07-05 22:00:20', '2014-07-05 22:00:20'),
(332, 333, 181, '2014-07-05 22:05:59', '2014-07-05 22:05:59'),
(333, 334, 181, '2014-07-05 22:05:59', '2014-07-05 22:05:59'),
(334, 335, 181, '2014-07-05 22:05:59', '2014-07-05 22:05:59'),
(335, 336, 182, '2014-07-05 22:10:51', '2014-07-05 22:10:51'),
(336, 337, 182, '2014-07-05 22:10:51', '2014-07-05 22:10:51'),
(337, 338, 183, '2014-07-05 22:17:58', '2014-07-05 22:17:58'),
(338, 339, 183, '2014-07-05 22:17:58', '2014-07-05 22:17:58'),
(339, 340, 183, '2014-07-05 22:17:58', '2014-07-05 22:17:58'),
(340, 341, 183, '2014-07-05 22:17:58', '2014-07-05 22:17:58'),
(341, 342, 184, '2014-07-06 12:29:08', '2014-07-06 12:29:08'),
(342, 343, 184, '2014-07-06 12:29:08', '2014-07-06 12:29:08'),
(343, 344, 184, '2014-07-06 12:29:08', '2014-07-06 12:29:08'),
(344, 345, 185, '2014-07-06 12:44:56', '2014-07-06 12:44:56'),
(345, 346, 185, '2014-07-06 12:44:56', '2014-07-06 12:44:56'),
(346, 347, 186, '2014-07-06 12:50:13', '2014-07-06 12:50:13'),
(347, 348, 186, '2014-07-06 12:50:13', '2014-07-06 12:50:13'),
(348, 349, 186, '2014-07-06 12:50:13', '2014-07-06 12:50:13'),
(349, 350, 187, '2014-07-06 12:54:50', '2014-07-06 12:54:50'),
(350, 351, 187, '2014-07-06 12:54:50', '2014-07-06 12:54:50'),
(351, 352, 187, '2014-07-06 12:54:50', '2014-07-06 12:54:50'),
(354, 353, 190, '2014-07-06 13:01:20', '2014-07-06 13:01:20'),
(355, 354, 190, '2014-07-06 13:01:20', '2014-07-06 13:01:20'),
(356, 355, 190, '2014-07-06 13:01:20', '2014-07-06 13:01:20'),
(357, 356, 191, '2014-07-06 13:04:16', '2014-07-06 13:04:16'),
(358, 357, 191, '2014-07-06 13:07:51', '2014-07-06 13:07:51'),
(359, 358, 191, '2014-07-06 13:07:51', '2014-07-06 13:07:51'),
(360, 359, 192, '2014-07-06 13:13:01', '2014-07-06 13:13:01'),
(361, 360, 192, '2014-07-06 13:13:01', '2014-07-06 13:13:01'),
(362, 361, 192, '2014-07-06 13:13:01', '2014-07-06 13:13:01'),
(363, 362, 193, '2014-07-06 13:17:59', '2014-07-06 13:17:59'),
(364, 363, 193, '2014-07-06 13:17:59', '2014-07-06 13:17:59'),
(365, 364, 193, '2014-07-06 13:17:59', '2014-07-06 13:17:59'),
(366, 365, 194, '2014-07-06 13:26:03', '2014-07-06 13:26:03'),
(367, 366, 194, '2014-07-06 13:26:03', '2014-07-06 13:26:03'),
(368, 367, 194, '2014-07-06 13:26:03', '2014-07-06 13:26:03'),
(369, 368, 194, '2014-07-06 13:26:03', '2014-07-06 13:26:03'),
(370, 369, 194, '2014-07-06 13:26:03', '2014-07-06 13:26:03'),
(371, 370, 195, '2014-07-06 13:34:44', '2014-07-06 13:34:44'),
(372, 371, 195, '2014-07-06 13:34:44', '2014-07-06 13:34:44'),
(373, 372, 196, '2014-07-06 13:43:25', '2014-07-06 13:43:25'),
(374, 373, 196, '2014-07-06 13:43:25', '2014-07-06 13:43:25'),
(375, 374, 196, '2014-07-06 13:43:25', '2014-07-06 13:43:25'),
(376, 375, 196, '2014-07-06 13:43:25', '2014-07-06 13:43:25'),
(377, 376, 197, '2014-07-06 13:47:36', '2014-07-06 13:47:36'),
(378, 377, 197, '2014-07-06 13:47:36', '2014-07-06 13:47:36'),
(379, 378, 197, '2014-07-06 13:47:36', '2014-07-06 13:47:36'),
(380, 379, 197, '2014-07-06 13:47:36', '2014-07-06 13:47:36'),
(381, 380, 198, '2014-07-06 13:52:50', '2014-07-06 13:52:50'),
(382, 381, 198, '2014-07-06 13:52:50', '2014-07-06 13:52:50'),
(383, 383, 199, '2014-07-06 17:55:32', '2014-07-06 17:55:32'),
(384, 384, 199, '2014-07-06 17:55:32', '2014-07-06 17:55:32'),
(385, 385, 200, '2014-07-06 18:00:04', '2014-07-06 18:00:04'),
(386, 386, 200, '2014-07-06 18:00:04', '2014-07-06 18:00:04'),
(387, 387, 201, '2014-07-06 18:06:00', '2014-07-06 18:06:00'),
(388, 388, 201, '2014-07-06 18:06:00', '2014-07-06 18:06:00'),
(389, 389, 202, '2014-07-06 18:09:33', '2014-07-06 18:09:33'),
(390, 390, 202, '2014-07-06 18:09:33', '2014-07-06 18:09:33'),
(391, 391, 203, '2014-07-06 18:19:37', '2014-07-06 18:19:37'),
(392, 392, 203, '2014-07-06 18:19:37', '2014-07-06 18:19:37'),
(393, 393, 204, '2014-07-06 18:29:22', '2014-07-06 18:29:22'),
(394, 394, 204, '2014-07-06 18:29:22', '2014-07-06 18:29:22'),
(395, 395, 204, '2014-07-06 18:29:22', '2014-07-06 18:29:22'),
(396, 396, 205, '2014-07-06 18:34:23', '2014-07-06 18:34:23'),
(397, 397, 205, '2014-07-06 18:34:23', '2014-07-06 18:34:23'),
(398, 398, 206, '2014-07-06 18:39:57', '2014-07-06 18:39:57'),
(399, 399, 206, '2014-07-06 18:39:57', '2014-07-06 18:39:57'),
(400, 400, 206, '2014-07-06 18:39:57', '2014-07-06 18:39:57'),
(401, 401, 206, '2014-07-06 18:39:57', '2014-07-06 18:39:57'),
(402, 402, 207, '2014-07-06 18:44:05', '2014-07-06 18:44:05'),
(403, 403, 207, '2014-07-06 18:44:05', '2014-07-06 18:44:05'),
(404, 404, 208, '2014-07-06 18:49:49', '2014-07-06 18:49:49'),
(405, 405, 208, '2014-07-06 18:49:49', '2014-07-06 18:49:49'),
(406, 406, 208, '2014-07-06 18:49:49', '2014-07-06 18:49:49'),
(407, 407, 208, '2014-07-06 18:49:49', '2014-07-06 18:49:49'),
(408, 408, 209, '2014-07-06 18:53:11', '2014-07-06 18:53:11'),
(409, 409, 209, '2014-07-06 18:53:11', '2014-07-06 18:53:11'),
(410, 410, 210, '2014-07-06 18:55:42', '2014-07-06 18:55:42'),
(411, 411, 210, '2014-07-06 18:55:42', '2014-07-06 18:55:42'),
(412, 412, 211, '2014-07-06 18:59:56', '2014-07-06 18:59:56'),
(413, 413, 211, '2014-07-06 18:59:56', '2014-07-06 18:59:56'),
(414, 414, 212, '2014-07-08 18:53:43', '2014-07-08 18:53:43'),
(415, 5, 228, '2014-07-21 20:45:38', '2014-07-21 20:45:38'),
(418, 5, 247, '2014-07-22 16:55:17', '2014-07-22 16:55:17'),
(428, 13, 247, '2014-09-14 10:47:13', '2014-09-14 10:47:13'),
(429, 223, 248, '2014-09-14 22:27:06', '2014-09-14 22:27:06'),
(430, 223, 253, '2014-09-17 20:59:40', '2014-09-17 20:59:40'),
(431, 13, 253, '2014-09-17 20:59:40', '2014-09-17 20:59:40'),
(432, 223, 265, '2014-09-17 21:17:45', '2014-09-17 21:17:45'),
(433, 13, 265, '2014-09-17 21:17:45', '2014-09-17 21:17:45');

-- --------------------------------------------------------

--
-- Table structure for table `passanger_excursions`
--

CREATE TABLE IF NOT EXISTS `passanger_excursions` (
  `id` int(11) NOT NULL AUTO_INCREMENT,
  `passangerId` int(11) NOT NULL,
  `reservationId` int(11) NOT NULL,
  `excursion_id` int(11) NOT NULL,
  `num` int(11) NOT NULL,
  `created_at` datetime DEFAULT NULL,
  `updated_at` datetime DEFAULT NULL,
  PRIMARY KEY (`id`),
  KEY `passangerId` (`passangerId`,`reservationId`,`excursion_id`),
  KEY `excursionIDfK` (`excursion_id`),
  KEY `ReservationIdFK` (`reservationId`)
) ENGINE=InnoDB  DEFAULT CHARSET=utf16 AUTO_INCREMENT=6 ;

--
-- Dumping data for table `passanger_excursions`
--

INSERT INTO `passanger_excursions` (`id`, `passangerId`, `reservationId`, `excursion_id`, `num`, `created_at`, `updated_at`) VALUES
(1, 223, 253, 4, 1, '2014-09-17 20:59:40', '2014-09-17 20:59:40'),
(2, 13, 253, 5, 1, '2014-09-17 20:59:40', '2014-09-17 20:59:40'),
(3, 223, 265, 9, 1, '2014-09-17 21:17:45', '2014-09-18 00:27:08'),
(4, 13, 265, 9, 1, '2014-09-17 21:17:45', '2014-09-18 00:27:08'),
(5, 223, 265, 14, 1, '2014-09-18 00:27:08', '2014-09-18 00:27:08');

-- --------------------------------------------------------

--
-- Table structure for table `passanger_prices`
--

CREATE TABLE IF NOT EXISTS `passanger_prices` (
  `id` int(11) NOT NULL AUTO_INCREMENT,
  `passanger_id` int(11) NOT NULL,
  `reservation_id` int(11) NOT NULL,
  `price_item` varchar(50) COLLATE utf8_unicode_ci NOT NULL,
  `price_din` float NOT NULL,
  `price_eur` float NOT NULL,
  `num` int(11) NOT NULL,
  `created_at` datetime NOT NULL,
  `updated_at` datetime NOT NULL,
  PRIMARY KEY (`id`),
  KEY `passanger_id` (`passanger_id`),
  KEY `reservation_id` (`reservation_id`)
) ENGINE=InnoDB  DEFAULT CHARSET=utf8 COLLATE=utf8_unicode_ci AUTO_INCREMENT=46 ;

--
-- Dumping data for table `passanger_prices`
--

INSERT INTO `passanger_prices` (`id`, `passanger_id`, `reservation_id`, `price_item`, `price_din`, `price_eur`, `num`, `created_at`, `updated_at`) VALUES
(13, 5, 247, 'Smeštaj Adl', 0, 115, 1, '2014-07-22 16:55:17', '2014-09-14 11:06:21'),
(14, 13, 247, 'Smeštaj Adl', 0, 115, 1, '2014-09-14 10:47:13', '2014-09-14 11:06:21'),
(15, 381, 198, 'Doplata', 0, 20, 2, '2014-09-14 18:25:16', '2014-09-14 18:25:16'),
(16, 381, 198, 'Smeštaj Adl', 0, 259, 1, '2014-09-14 18:25:16', '2014-09-14 18:25:16'),
(17, 383, 199, 'Smeštaj Adl', 0, 235, 1, '2014-09-14 18:28:40', '2014-09-14 18:28:40'),
(18, 384, 199, 'Smeštaj Adl', 0, 235, 1, '2014-09-14 18:28:40', '2014-09-14 18:28:40'),
(19, 396, 205, 'Smeštaj Adl', 0, 569, 1, '2014-09-14 18:30:31', '2014-09-14 22:23:49'),
(20, 396, 205, 'Popust', 0, 50, 1, '2014-09-14 18:30:31', '2014-09-14 22:23:49'),
(21, 396, 205, 'Aero taxe', 0, 32, 1, '2014-09-14 18:30:32', '2014-09-14 22:23:49'),
(22, 396, 205, 'YQ taxe', 0, 29, 2, '2014-09-14 18:30:32', '2014-09-14 22:23:49'),
(23, 397, 205, 'Smeštaj Adl', 0, 569, 1, '2014-09-14 18:30:32', '2014-09-14 22:23:49'),
(28, 397, 205, 'Aero taxe', 0, 32, 1, '2014-09-14 22:23:49', '2014-09-14 22:23:49'),
(29, 223, 248, 'Smeštaj Adl', 0, 165, 1, '2014-09-14 22:27:06', '2014-09-14 22:27:06'),
(31, 223, 253, 'Smeštaj Adl', 0, 69, 1, '2014-09-17 20:59:40', '2014-09-17 20:59:40'),
(32, 13, 253, 'Smeštaj Adl', 0, 69, 1, '2014-09-17 20:59:40', '2014-09-17 20:59:40'),
(44, 223, 265, 'Smeštaj Adl', 0, 69, 1, '2014-09-17 21:17:45', '2014-09-18 00:27:08'),
(45, 13, 265, 'Smeštaj Adl', 0, 69, 1, '2014-09-17 21:17:45', '2014-09-18 00:27:08');

-- --------------------------------------------------------

--
-- Table structure for table `password_reminders`
--

CREATE TABLE IF NOT EXISTS `password_reminders` (
  `email` varchar(255) NOT NULL,
  `token` varchar(255) NOT NULL,
  `created_at` timestamp NOT NULL DEFAULT CURRENT_TIMESTAMP ON UPDATE CURRENT_TIMESTAMP,
  KEY `email` (`email`,`token`)
) ENGINE=InnoDB DEFAULT CHARSET=utf8;

--
-- Dumping data for table `password_reminders`
--

INSERT INTO `password_reminders` (`email`, `token`, `created_at`) VALUES
('andjelko85@gmail.com', '7abb9642ef372533ce0e13122fc08fddd9bd85a3', '2014-05-16 22:26:48'),
('andjelko85@gmail.com', '6002395b330066f0c56b9706f15476757cd3e95f', '2014-05-16 22:27:11'),
('andjelko85@gmail.com', 'cca6c5e5b595fd10c82900433ae2e373cf99bc1f', '2014-06-06 09:51:53');

-- --------------------------------------------------------

--
-- Table structure for table `payments`
--

CREATE TABLE IF NOT EXISTS `payments` (
  `id` int(11) NOT NULL AUTO_INCREMENT,
  `payment_type` set('kes','cek','kartica','virman','interno') COLLATE utf8_unicode_ci NOT NULL DEFAULT 'kes',
  `card_type` varchar(20) COLLATE utf8_unicode_ci DEFAULT NULL,
  `passanger_id` int(11) NOT NULL,
  `reservation_id` int(11) NOT NULL,
  `date` date NOT NULL,
  `exchange_rate` decimal(7,2) NOT NULL,
  `amount_din` decimal(11,2) DEFAULT NULL,
  `amount_eur_din` decimal(11,2) DEFAULT NULL,
  `payment_method` text COLLATE utf8_unicode_ci,
  `description` text COLLATE utf8_unicode_ci,
  `fiscal_slip` varchar(30) COLLATE utf8_unicode_ci NOT NULL,
  `status` int(1) NOT NULL DEFAULT '1',
  `created_at` datetime NOT NULL,
  `updated_at` datetime NOT NULL,
  PRIMARY KEY (`id`)
) ENGINE=InnoDB  DEFAULT CHARSET=utf8 COLLATE=utf8_unicode_ci AUTO_INCREMENT=89 ;

--
-- Dumping data for table `payments`
--

INSERT INTO `payments` (`id`, `payment_type`, `card_type`, `passanger_id`, `reservation_id`, `date`, `exchange_rate`, `amount_din`, `amount_eur_din`, `payment_method`, `description`, `fiscal_slip`, `status`, `created_at`, `updated_at`) VALUES
(18, 'kes', '', 126, 103, '2014-05-08', '118.42', '7500.00', '1500.38', NULL, '', '301', 1, '2014-06-11 19:19:44', '2014-06-11 19:19:44'),
(19, 'kes', '', 127, 103, '2014-05-08', '118.42', '7500.00', '1500.38', NULL, '', '303', 1, '2014-06-11 19:21:10', '2014-06-11 19:21:10'),
(20, 'kes', '', 128, 103, '2014-06-10', '118.00', '0.00', '26550.00', NULL, '', '449', 1, '2014-06-11 19:23:06', '2014-06-11 19:23:06'),
(21, 'kes', '', 126, 103, '2014-06-10', '118.00', '0.00', '20364.44', NULL, '', '452', 1, '2014-06-11 19:23:49', '2014-06-11 19:23:49'),
(22, 'kes', '', 126, 103, '2014-06-11', '118.00', '0.00', '9.44', NULL, '', '', 1, '2014-06-11 19:26:41', '2014-06-11 19:26:41'),
(23, 'kes', '', 139, 110, '2014-06-18', '118.00', '0.00', '105964.00', NULL, '', '403', 1, '2014-06-18 16:57:31', '2014-06-18 16:57:31'),
(24, 'kes', '', 141, 111, '2014-06-18', '118.00', '0.00', '23364.00', NULL, '', '445', 1, '2014-06-18 17:10:22', '2014-06-18 17:10:22'),
(27, 'kes', '', 145, 113, '2014-06-19', '118.00', '0.00', '77172.00', NULL, '', '423', 1, '2014-06-19 15:53:58', '2014-06-19 15:53:58'),
(28, 'kes', '', 149, 114, '2014-06-20', '118.00', '7000.00', '54044.00', NULL, '', '505', 1, '2014-06-19 22:26:29', '2014-06-19 22:26:29'),
(29, 'kes', '', 151, 115, '2014-06-21', '118.00', '0.00', '44840.00', NULL, '', '538', 1, '2014-06-21 11:01:43', '2014-06-21 11:01:43'),
(30, 'kes', '', 153, 116, '2014-06-21', '118.00', '0.00', '58410.00', NULL, '', '529', 1, '2014-06-21 11:02:09', '2014-06-21 11:02:09'),
(31, 'kes', '', 156, 117, '2014-06-21', '118.00', '0.00', '54870.00', NULL, '', '434', 1, '2014-06-21 17:16:19', '2014-06-21 17:16:19'),
(32, 'kes', '', 5, 100, '2014-06-21', '118.00', '0.00', '13570.00', NULL, '', '', 1, '2014-06-21 17:18:23', '2014-06-21 17:18:23'),
(33, 'kes', '', 82, 99, '2014-06-21', '118.00', '0.00', '32804.00', NULL, '', '', 1, '2014-06-21 17:18:52', '2014-06-21 17:18:52'),
(34, 'kes', '', 120, 98, '2014-06-21', '118.00', '0.00', '17582.00', NULL, '', '', 1, '2014-06-21 17:19:09', '2014-06-21 17:19:09'),
(35, 'kes', '', 118, 97, '2014-06-21', '118.00', '0.00', '281784.00', NULL, '', '', 1, '2014-06-21 17:19:44', '2014-06-21 17:19:44'),
(36, 'kes', '', 115, 96, '2014-06-21', '118.00', '0.00', '31506.00', NULL, '', '', 1, '2014-06-21 17:20:02', '2014-06-21 17:20:02'),
(37, 'kes', '', 112, 95, '2014-06-21', '118.00', '0.00', '17346.00', NULL, '', '', 1, '2014-06-21 17:20:28', '2014-06-21 17:20:28'),
(38, 'kes', '', 110, 94, '2014-06-21', '118.00', '0.00', '10974.00', NULL, '', '', 1, '2014-06-21 17:20:55', '2014-06-21 17:20:55'),
(39, 'kes', '', 109, 93, '2014-06-21', '118.00', '0.00', '21004.00', NULL, '', '', 1, '2014-06-21 17:21:21', '2014-06-21 17:21:21'),
(40, 'kes', '', 106, 92, '2014-06-21', '118.00', '0.00', '0.00', NULL, '', '', 1, '2014-06-21 17:21:36', '2014-06-21 17:21:36'),
(41, 'kes', '', 106, 92, '2014-06-21', '118.00', '0.00', '118.00', NULL, '', '', 1, '2014-06-21 17:21:55', '2014-06-21 17:21:55'),
(42, 'kes', '', 104, 91, '2014-06-21', '118.00', '0.00', '22656.00', NULL, '', '', 1, '2014-06-21 17:22:19', '2014-06-21 17:22:19'),
(43, 'kes', '', 102, 90, '2014-06-21', '118.00', '0.00', '22656.00', NULL, '', '', 1, '2014-06-21 17:22:33', '2014-06-21 17:22:33'),
(44, 'kes', '', 100, 89, '2014-06-21', '118.00', '0.00', '52156.00', NULL, '', '', 1, '2014-06-21 17:22:46', '2014-06-21 17:22:46'),
(45, 'kes', '', 95, 87, '2014-06-21', '118.00', '0.00', '68204.00', NULL, '', '', 1, '2014-06-21 17:23:01', '2014-06-21 17:23:01'),
(46, 'kes', '', 97, 88, '2014-06-21', '118.00', '0.00', '41300.00', NULL, '', '', 1, '2014-06-21 17:23:16', '2014-06-21 17:23:16'),
(47, 'kes', '', 93, 85, '2014-06-21', '118.00', '0.00', '21712.00', NULL, '', '', 1, '2014-06-21 17:23:57', '2014-06-21 17:23:57'),
(48, 'kes', '', 91, 84, '2014-06-21', '118.00', '0.00', '21004.00', NULL, '', '', 1, '2014-06-21 17:24:11', '2014-06-21 17:24:11'),
(49, 'kes', '', 89, 83, '2014-06-21', '118.00', '0.00', '5310.00', NULL, '', '', 1, '2014-06-21 17:24:26', '2014-06-21 17:24:26'),
(50, 'kes', '', 89, 83, '2014-06-21', '118.00', '0.00', '0.00', NULL, '', '', 1, '2014-06-21 17:24:46', '2014-06-21 17:24:46'),
(51, 'kes', '', 86, 82, '2014-06-21', '118.00', '0.00', '17700.00', NULL, '', '', 1, '2014-06-21 17:25:07', '2014-06-21 17:25:07'),
(52, 'kes', '', 89, 83, '2014-06-21', '118.00', '0.00', '118.00', NULL, '', '444', 1, '2014-06-21 17:25:47', '2014-06-21 17:25:47'),
(53, 'kes', '', 84, 69, '2014-06-21', '118.00', '0.00', '21004.00', NULL, '', '', 1, '2014-06-21 17:26:13', '2014-06-21 17:26:13'),
(54, 'kes', '', 82, 68, '2014-06-21', '118.00', '0.00', '51684.00', NULL, '', '', 1, '2014-06-21 17:27:00', '2014-06-21 17:27:00'),
(55, 'kes', '', 80, 67, '2014-06-21', '118.00', '0.00', '30444.00', NULL, '', '', 1, '2014-06-21 17:27:14', '2014-06-21 17:27:14'),
(56, 'kes', '', 78, 66, '2014-06-21', '118.00', '0.00', '18880.00', NULL, '', '', 1, '2014-06-21 17:27:34', '2014-06-21 17:27:34'),
(57, 'kes', '', 76, 65, '2014-06-21', '118.00', '0.00', '16284.00', NULL, '', '', 1, '2014-06-21 17:28:04', '2014-06-21 17:28:04'),
(58, 'kes', '', 72, 63, '2014-06-21', '118.00', '0.00', '25724.00', NULL, '', '', 1, '2014-06-21 17:28:23', '2014-06-21 17:28:23'),
(59, 'kes', '', 74, 64, '2014-06-21', '118.00', '0.00', '15694.00', NULL, '', '', 1, '2014-06-21 17:28:42', '2014-06-21 17:28:42'),
(60, 'kes', '', 69, 62, '2014-06-21', '118.00', '0.00', '30444.00', NULL, '', '', 1, '2014-06-21 17:29:41', '2014-06-21 17:29:41'),
(61, 'kes', '', 69, 62, '2014-06-21', '118.00', '0.00', '118.00', NULL, '', '', 1, '2014-06-21 17:30:03', '2014-06-21 17:30:03'),
(62, 'kes', '', 69, 56, '2014-06-21', '118.00', '0.00', '34220.00', NULL, '', '', 1, '2014-06-21 17:30:21', '2014-06-21 17:30:21'),
(63, 'kes', '', 69, 56, '2014-06-21', '118.00', '0.00', '118.00', NULL, '', '', 1, '2014-06-21 17:30:36', '2014-06-21 17:30:36'),
(64, 'kes', '', 106, 92, '2014-06-21', '118.00', '0.00', '118.00', NULL, '', '', 1, '2014-06-21 17:32:52', '2014-06-21 17:32:52'),
(65, 'kes', '', 106, 92, '2014-06-21', '118.00', '6000.00', '0.00', NULL, '', '', 1, '2014-06-21 17:33:20', '2014-06-21 17:33:20'),
(66, 'kes', '', 67, 55, '2014-06-21', '118.00', '0.00', '11564.00', NULL, '', '', 1, '2014-06-21 17:34:32', '2014-06-21 17:34:32'),
(67, 'kes', '', 65, 54, '2014-06-21', '118.00', '0.00', '11564.00', NULL, '', '', 1, '2014-06-21 17:34:48', '2014-06-21 17:34:48'),
(68, 'kes', '', 63, 53, '2014-06-21', '118.00', '0.00', '18880.00', NULL, '', '', 1, '2014-06-21 17:35:44', '2014-06-21 17:35:44'),
(69, 'kes', '', 48, 52, '2014-06-21', '118.00', '0.00', '40710.00', NULL, '', '', 1, '2014-06-21 17:35:57', '2014-06-21 17:35:57'),
(70, 'kes', '', 42, 51, '2014-06-21', '118.00', '0.00', '70092.00', NULL, '', '', 1, '2014-06-21 17:36:10', '2014-06-21 17:36:10'),
(71, 'kes', '', 38, 49, '2014-06-21', '118.00', '0.00', '30444.00', NULL, '', '', 1, '2014-06-21 17:36:26', '2014-06-21 17:36:26'),
(72, 'kes', '', 63, 53, '2014-06-21', '118.00', '850.00', '0.00', NULL, '', '', 1, '2014-06-21 17:36:42', '2014-06-21 17:36:42'),
(73, 'kes', '', 41, 50, '2014-06-21', '118.00', '0.00', '30444.00', NULL, '', '', 1, '2014-06-21 17:36:59', '2014-06-21 17:36:59'),
(74, 'kes', '', 34, 48, '2014-06-21', '118.00', '0.00', '46728.00', NULL, '', '', 1, '2014-06-21 17:37:19', '2014-06-21 17:37:19'),
(75, 'kes', '', 19, 41, '2014-06-21', '118.00', '0.00', '27140.00', NULL, '', '', 1, '2014-06-21 17:37:33', '2014-06-21 17:37:33'),
(76, 'kes', '', 23, 42, '2014-06-21', '118.00', '0.00', '75048.00', NULL, '', '', 1, '2014-06-21 17:37:49', '2014-06-21 17:37:49'),
(77, 'kes', '', 28, 44, '2014-06-21', '118.00', '0.00', '46728.00', NULL, '', '', 1, '2014-06-21 17:38:06', '2014-06-21 17:38:06'),
(78, 'kes', '', 32, 47, '2014-06-21', '118.00', '0.00', '30444.00', NULL, '', '', 1, '2014-06-21 17:38:22', '2014-06-21 17:38:22'),
(79, 'kes', '', 13, 265, '2014-10-04', '121.00', '0.00', '22748.00', NULL, '', '', 1, '2014-10-04 12:24:50', '2014-10-26 18:03:25'),
(80, 'kes', '', 13, 253, '2014-10-19', '121.00', '0.00', '22748.00', NULL, '', '0123987456', 1, '2014-10-19 10:06:28', '2014-10-26 18:02:44'),
(81, 'kes', '', 223, 248, '2014-10-19', '121.00', '0.00', '19965.00', NULL, '', '321123', 1, '2014-10-19 12:20:26', '2014-10-26 18:01:41'),
(82, 'kes', '', 305, 171, '2014-10-25', '121.00', '0.00', '19965.00', NULL, '', '123', 2, '2014-10-25 13:25:20', '2014-10-26 18:13:14'),
(83, 'kes', '', 305, 171, '2014-10-25', '121.00', '0.00', '12100.00', NULL, '', '321', 2, '2014-10-25 13:26:50', '2014-10-26 18:11:40'),
(86, 'kes', '', 305, 171, '2014-10-25', '121.00', '0.00', '0.00', NULL, '', '', 2, '2014-10-25 13:47:08', '2014-10-25 14:55:33'),
(87, 'kes', '', 306, 171, '2014-10-25', '121.00', '0.00', '6050.00', NULL, '', '', 2, '2014-10-25 14:14:18', '2014-10-26 18:00:36'),
(88, 'kes', '', 381, 198, '2014-10-26', '121.00', '0.00', '12100.00', NULL, '', '987321', 2, '2014-10-26 18:40:14', '2014-10-26 20:28:23');

-- --------------------------------------------------------

--
-- Table structure for table `reservations`
--

CREATE TABLE IF NOT EXISTS `reservations` (
  `id` int(11) NOT NULL AUTO_INCREMENT,
  `reservation_number` varchar(25) COLLATE utf8_unicode_ci NOT NULL,
  `travel_deal_id` int(11) NOT NULL,
  `reservation_date` timestamp NOT NULL DEFAULT CURRENT_TIMESTAMP,
  `start_date` date NOT NULL,
  `end_date` date NOT NULL,
  `travel_date` date NOT NULL,
  `nights_num` int(2) NOT NULL,
  `passanger_id` int(11) NOT NULL,
  `price_total_din` decimal(12,2) DEFAULT NULL,
  `price_total_eur` decimal(12,2) DEFAULT NULL,
  `status` varchar(25) COLLATE utf8_unicode_ci NOT NULL,
  `discount` decimal(12,2) DEFAULT NULL,
  `discounter_name` varchar(20) COLLATE utf8_unicode_ci DEFAULT NULL,
  `clock_index` int(2) DEFAULT NULL,
  `note` text COLLATE utf8_unicode_ci,
  `note_internal` text COLLATE utf8_unicode_ci,
  `user` varchar(120) COLLATE utf8_unicode_ci DEFAULT NULL,
  `created_at` datetime NOT NULL,
  `updated_at` datetime NOT NULL,
  `internal` tinyint(1) NOT NULL,
  PRIMARY KEY (`id`),
  UNIQUE KEY `reservation_number` (`reservation_number`),
  KEY `rsrv_pass_id_ind` (`passanger_id`),
  KEY `travel_deal_id` (`travel_deal_id`)
) ENGINE=InnoDB  DEFAULT CHARSET=utf8 COLLATE=utf8_unicode_ci AUTO_INCREMENT=266 ;

--
-- Dumping data for table `reservations`
--

INSERT INTO `reservations` (`id`, `reservation_number`, `travel_deal_id`, `reservation_date`, `start_date`, `end_date`, `travel_date`, `nights_num`, `passanger_id`, `price_total_din`, `price_total_eur`, `status`, `discount`, `discounter_name`, `clock_index`, `note`, `note_internal`, `user`, `created_at`, `updated_at`, `internal`) VALUES
(41, '137/2014', 21, '2014-05-30 13:42:15', '2014-05-29', '2014-06-10', '2014-05-28', 10, 19, '0.00', '230.00', 'Realizovana', '0.00', '', 0, '', '', 'Milan Miladinović', '2014-05-30 13:42:15', '2014-05-30 13:42:15', 0),
(42, '130/2014', 22, '2014-05-30 16:03:16', '2014-05-21', '2014-05-27', '2014-05-20', 4, 23, '0.00', '636.00', 'Realizovana', '0.00', '', 0, '', 'nemamo proviziju', 'Milan Miladinović', '2014-05-30 16:03:16', '2014-05-30 16:03:16', 0),
(44, '158/2014', 22, '2014-05-30 22:36:15', '2014-05-21', '2014-05-27', '2014-05-21', 4, 28, '0.00', '396.00', 'Realizovana', '0.00', '', 0, '', 'nema zarade', 'Milan Miladinović', '2014-05-30 22:36:15', '2014-05-30 22:36:15', 0),
(47, '166/2014', 24, '2014-05-30 22:52:39', '2014-05-21', '2014-05-27', '2014-05-21', 4, 32, '0.00', '258.00', 'Realizovana', '0.00', '', 0, '', '30e zarada', 'Milan Miladinović', '2014-05-30 22:52:39', '2014-05-30 22:52:39', 0),
(48, '134/2014', 22, '2014-05-30 23:07:17', '2014-05-21', '2014-05-27', '2014-05-21', 4, 34, '0.00', '396.00', 'Realizovana', '0.00', '', 0, '', 'nema zarade', 'Milan Miladinović', '2014-05-30 23:07:17', '2014-05-30 23:07:17', 0),
(49, '136/2014', 24, '2014-05-30 23:14:54', '2014-05-21', '2014-05-27', '2014-05-21', 4, 38, '0.00', '258.00', 'Realizovana', '0.00', '', 0, '', '30 eura zarada', 'Milan Miladinović', '2014-05-30 23:14:53', '2014-05-30 23:14:53', 0),
(50, '124/2014', 24, '2014-05-30 23:20:46', '2014-05-21', '2014-05-27', '2014-05-21', 4, 40, '0.00', '258.00', 'Realizovana', '0.00', '', 0, '', '30e zarada', 'Milan Miladinović', '2014-05-30 23:20:46', '2014-05-30 23:20:46', 0),
(51, '135/2014', 22, '2014-05-30 23:30:32', '2014-05-21', '2014-05-27', '2014-05-21', 4, 42, '0.00', '594.00', 'Realizovana', '0.00', '', 0, '', 'nema zarade', 'Milan Miladinović', '2014-05-30 23:30:32', '2014-05-30 23:30:32', 0),
(52, '112/2014', 26, '2014-05-30 23:44:31', '2014-05-27', '2014-06-08', '2014-05-27', 10, 48, '0.00', '345.00', 'Realizovana', '0.00', '', 0, '', 'zarada 34.50e', 'Milan Miladinović', '2014-05-30 23:44:31', '2014-05-30 23:44:31', 0),
(53, '175/2014', 27, '2014-06-01 20:15:48', '2014-05-27', '2014-06-06', '2014-05-26', 10, 63, '850.00', '160.00', 'Realizovana', '0.00', '', 0, '', 'zarada 16e', 'Milan Miladinović', '2014-06-01 20:15:48', '2014-06-01 20:15:48', 0),
(54, '154/2014', 30, '2014-06-01 20:44:12', '2014-05-01', '2014-05-04', '2014-05-01', 3, 65, '0.00', '98.00', 'Realizovana', '0.00', '', 0, '', 'zarada 9.8e', 'Milan Miladinović', '2014-06-01 20:44:12', '2014-06-01 20:44:12', 0),
(55, '159/2014', 31, '2014-06-01 20:57:28', '2014-05-01', '2014-05-04', '2014-05-01', 3, 67, '0.00', '98.00', 'Realizovana', '0.00', '', 0, '', 'zarada 1.2e, preprodali Kiky travel', 'Milan Miladinović', '2014-06-01 20:57:28', '2014-06-01 20:57:28', 0),
(56, '163/2014', 32, '2014-06-01 21:13:34', '2014-04-30', '2014-05-05', '2014-04-30', 3, 69, '0.00', '290.00', 'Realizovana', '0.00', '', 0, '', 'storno!!!', 'Milan Miladinović', '2014-06-01 21:13:34', '2014-06-01 21:13:34', 0),
(62, '164/2014', 33, '2014-06-01 21:27:52', '2014-04-30', '2014-05-05', '2014-04-30', 3, 69, '0.00', '258.00', 'Realizovana', '0.00', '', 0, '', 'ide umesto storno 163/2014. \r\nzarada 25.8e', 'Milan Miladinović', '2014-06-01 21:27:52', '2014-06-01 21:27:52', 0),
(63, '143/2014', 34, '2014-06-01 21:44:20', '2014-04-30', '2014-05-03', '2014-04-30', 2, 72, '0.00', '218.00', 'Realizovana', '0.00', '', 0, '', 'zarada 21.80e', 'Milan Miladinović', '2014-06-01 21:44:20', '2014-06-01 21:44:20', 0),
(64, '156/2014', 35, '2014-06-01 21:51:49', '2014-04-30', '2014-05-03', '2014-04-30', 2, 74, '0.00', '133.00', 'Realizovana', '0.00', '', 0, '', 'zarada 13.8e', 'Milan Miladinović', '2014-06-01 21:51:49', '2014-06-01 21:51:49', 0),
(65, '81/2014', 35, '2014-06-01 21:59:14', '2014-04-30', '2014-05-03', '2014-04-30', 2, 76, '0.00', '138.00', 'Realizovana', '0.00', '', 0, '', 'zarada 13.8e', 'Milan Miladinović', '2014-06-01 21:59:14', '2014-06-01 21:59:14', 0),
(66, '161/2014', 36, '2014-06-01 22:08:42', '2014-04-30', '2014-05-04', '2014-04-30', 3, 78, '0.00', '160.00', 'Realizovana', '40.00', 'Kinez', 0, '', 'nema zarade', 'Milan Miladinović', '2014-06-01 22:08:42', '2014-06-01 22:08:42', 0),
(67, '160/2014', 37, '2014-06-01 22:15:17', '2014-04-30', '2014-05-05', '2014-04-30', 3, 80, '0.00', '258.00', 'Realizovana', '0.00', '', 0, '', 'zarada 25.8e', 'Milan Miladinović', '2014-06-01 22:15:17', '2014-06-01 22:15:17', 0),
(68, '151/2014', 38, '2014-06-01 22:27:21', '2014-04-30', '2014-05-05', '2014-04-30', 3, 82, '0.00', '438.00', 'Realizovana', '0.00', '', 0, '', 'zarada 41.8e', 'Milan Miladinović', '2014-06-01 22:27:21', '2014-06-01 22:27:21', 0),
(69, '155/2014', 39, '2014-06-01 22:35:38', '2014-04-30', '2014-05-04', '2014-04-30', 2, 84, '0.00', '178.00', 'Realizovana', '0.00', '', 0, '', 'zarada 17.80e', 'Milan Miladinović', '2014-06-01 22:35:38', '2014-06-01 22:35:38', 0),
(82, '12/2014', 40, '2014-06-01 22:47:18', '2014-04-30', '2014-05-04', '2014-04-30', 3, 86, '0.00', '150.00', 'Realizovana', '20.00', 'Radiči', 0, '', 'nema zarade', 'Milan Miladinović', '2014-06-01 22:47:18', '2014-06-01 22:47:18', 0),
(83, '157/2014', 43, '2014-06-01 23:01:59', '2014-04-26', '2014-04-27', '2014-04-26', 0, 89, '0.00', '45.98', 'Realizovana', '0.00', '', 0, '', 'zarada 4.6e', 'Milan Miladinović', '2014-06-01 23:01:59', '2014-06-01 23:01:59', 0),
(84, '85/2014', 44, '2014-06-01 23:20:23', '2014-04-30', '2014-05-04', '2014-04-30', 2, 91, '0.00', '178.00', 'Realizovana', '0.00', '', 0, '', 'zarada 17.8e', 'Milan Miladinović', '2014-06-01 23:20:23', '2014-06-01 23:20:23', 0),
(85, '86/2014', 44, '2014-06-01 23:25:58', '2014-04-30', '2014-05-04', '2014-04-30', 2, 93, '0.00', '184.00', 'Realizovana', '0.00', '', 0, '', 'zarada 18.4e', 'Milan Miladinović', '2014-06-01 23:25:58', '2014-06-01 23:25:58', 0),
(87, '11/2014', 45, '2014-06-01 23:35:44', '2014-04-30', '2014-05-06', '2014-04-30', 5, 95, '0.00', '578.00', 'Realizovana', '0.00', '', 0, '', 'zarada 40e', 'Milan Miladinović', '2014-06-01 23:35:44', '2014-06-01 23:35:44', 0),
(88, '02/2014', 46, '2014-06-01 23:56:41', '2014-02-01', '2014-02-08', '2014-02-01', 7, 97, '0.00', '350.00', 'Realizovana', '0.00', '', 0, '', 'zarada 24e', 'Milan Miladinović', '2014-06-01 23:56:41', '2014-06-01 23:56:41', 0),
(89, '03/2014', 47, '2014-06-02 00:07:27', '2014-02-15', '2014-02-22', '2014-02-15', 7, 100, '0.00', '442.00', 'Realizovana', '0.00', '', 0, '', 'zarada 2838 din.', 'Milan Miladinović', '2014-06-02 00:07:27', '2014-06-02 00:07:27', 0),
(90, '4/2014', 48, '2014-06-02 00:15:58', '2014-02-14', '2014-02-18', '2014-02-14', 2, 102, '0.00', '192.00', 'Realizovana', '0.00', '', 0, '', 'zarada 17.8e', 'Milan Miladinović', '2014-06-02 00:15:58', '2014-06-02 00:15:58', 0),
(91, '7/2014', 49, '2014-06-02 00:21:24', '2014-02-14', '2014-02-18', '2014-02-14', 2, 104, '0.00', '192.00', 'Realizovana', '0.00', '', 0, '', 'nema zarade, minus', 'Milan Miladinović', '2014-06-02 00:21:24', '2014-06-02 00:21:24', 0),
(92, '8/2014', 50, '2014-06-02 00:30:11', '2014-02-14', '2014-02-16', '2014-02-14', 2, 106, '6000.00', '0.00', 'Realizovana', '0.00', '', 0, '', 'zarada 600 din', 'Milan Miladinović', '2014-06-02 00:30:11', '2014-06-02 00:30:11', 0),
(93, '1/2014', 52, '2014-06-02 00:36:56', '2014-03-06', '2014-03-10', '2014-03-06', 2, 109, '0.00', '178.00', 'Realizovana', '0.00', '', 0, '', 'zarada 17.8e', 'Milan Miladinović', '2014-06-02 00:36:56', '2014-06-02 00:36:56', 0),
(94, '', 53, '2014-06-02 07:27:22', '2014-03-07', '2014-03-09', '2014-03-07', 1, 110, '0.00', '93.00', 'Realizovana', '0.00', '', 0, '', 'zarada 9.8e', 'Milan Miladinović', '2014-06-02 07:27:22', '2014-06-07 08:20:45', 0),
(95, '14/2014', 54, '2014-06-02 07:37:13', '2014-03-07', '2014-03-09', '2014-03-07', 1, 112, '0.00', '147.00', 'Realizovana', '0.00', '', 0, '', 'zarada 14.7e', 'Milan Miladinović', '2014-06-02 07:37:13', '2014-06-02 07:37:13', 0),
(96, '162/2014', 55, '2014-06-02 07:49:16', '2014-04-30', '2014-05-04', '2014-04-30', 2, 115, '0.00', '267.00', 'Realizovana', '0.00', '', 0, '', 'zarada 26.7', 'Milan Miladinović', '2014-06-02 07:49:16', '2014-06-02 07:49:16', 0),
(97, '107/2014', 56, '2014-06-02 07:59:35', '2014-03-31', '2014-04-05', '2014-03-31', 5, 118, '0.00', '2388.00', 'Realizovana', '0.00', '', 0, '', 'zarada 200e', 'Milan Miladinović', '2014-06-02 07:59:35', '2014-06-02 07:59:35', 0),
(98, '106/2014', 57, '2014-06-02 08:09:36', '2014-03-25', '2014-03-30', '2014-03-25', 4, 120, '0.00', '149.00', 'Realizovana', '0.00', '', 0, '', 'zarada 1406 din.', 'Milan Miladinović', '2014-06-02 08:09:36', '2014-06-02 08:09:36', 0),
(99, '139/2014', 58, '2014-06-02 08:17:00', '0000-00-00', '0000-00-00', '0000-00-00', 3, 82, '0.00', '278.00', 'Realizovana', '0.00', '', 0, '', 'zarada 27.80', 'Milan Miladinović', '2014-06-02 08:17:00', '2014-06-10 23:25:37', 0),
(100, '14-1/2014', 21, '2014-06-07 10:25:36', '2014-01-08', '2014-01-12', '2014-01-12', 9, 18, '0.00', '115.00', 'Realizovana', '0.00', '', 15, '', '', 'Milan Miladinović', '2014-06-07 10:25:36', '2014-06-11 16:10:35', 1),
(103, '174/2014', 59, '2014-06-11 19:12:17', '2014-06-16', '2014-06-26', '2014-06-15', 10, 126, '15000.00', '423.00', 'Realizovana', '0.00', '', 0, '', '', 'Zorana Radović', '2014-06-11 19:12:17', '2014-06-11 19:12:17', 0),
(104, '120/2014', 67, '2014-06-15 20:20:45', '2014-07-08', '2014-07-18', '2014-07-07', 9, 134, '0.00', '447.00', 'Aktivna', '0.00', '', 0, '', '', 'Zorana Radović', '2014-06-15 20:20:45', '2014-06-15 20:20:45', 0),
(106, '110/2014', 66, '2014-06-17 14:00:18', '2014-07-08', '2014-07-16', '2014-07-07', 9, 132, '0.00', '338.00', 'Aktivna', '0.00', '', 0, '', '', 'Zorana Radović', '2014-06-17 13:59:52', '2014-06-17 13:59:52', 0),
(110, '192/2014', 70, '2014-06-18 16:55:57', '2014-06-12', '2014-06-22', '2014-06-12', 9, 139, '0.00', '898.00', 'Aktivna', '0.00', '', 0, '', '', 'Milan Miladinović', '2014-06-18 16:55:57', '2014-06-18 16:55:57', 0),
(111, '204/2014', 71, '2014-06-18 17:09:47', '2014-06-11', '2014-06-16', '2014-06-10', 5, 141, '0.00', '198.00', 'Aktivna', '0.00', '', 0, '', '', 'Milan Miladinović', '2014-06-18 17:09:47', '2014-06-18 17:09:47', 0),
(112, '202/2014', 72, '2014-06-18 17:26:44', '2014-06-16', '2014-06-26', '2014-06-25', 10, 143, '7000.00', '230.00', 'Aktivna', '0.00', '', 0, '', '', 'Milan Miladinović', '2014-06-18 17:26:44', '2014-06-18 17:26:44', 0),
(113, '172/2014', 73, '2014-06-18 21:54:14', '2014-06-15', '2014-06-29', '2014-06-15', 14, 145, '0.00', '654.00', 'Aktivna', '0.00', '', 0, '', '', 'Milan Miladinović', '2014-06-18 21:54:14', '2014-06-19 15:52:59', 0),
(114, '150/2014', 74, '2014-06-19 22:25:50', '2014-06-18', '2014-06-30', '2014-06-18', 10, 149, '7000.00', '458.00', 'Aktivna', '0.00', '', 0, '', '', 'Milan Miladinović', '2014-06-19 22:25:50', '2014-06-19 22:25:50', 0),
(115, '198/2014', 75, '2014-06-21 10:46:08', '2014-06-22', '2014-07-02', '2014-07-21', 10, 151, '0.00', '380.00', 'Aktivna', '50.00', 'RADIČI', 0, '', '', 'Milan Miladinović', '2014-06-21 10:46:08', '2014-06-21 10:46:08', 0),
(116, '199/2014', 76, '2014-06-21 11:00:51', '2014-06-22', '2014-07-02', '2014-06-21', 10, 153, '0.00', '495.00', 'Aktivna', '0.00', '', 0, '', '', 'Milan Miladinović', '2014-06-21 11:00:51', '2014-06-21 11:00:51', 0),
(117, '149/2014', 81, '2014-06-21 17:15:53', '2014-06-22', '2014-07-02', '2014-06-21', 10, 156, '0.00', '465.00', 'Aktivna', '0.00', '', 0, '', '', 'Milan Miladinović', '2014-06-21 17:15:53', '2014-06-21 17:15:53', 0),
(118, '105/2014', 66, '2014-06-29 23:05:10', '2014-07-07', '2014-07-16', '2014-07-07', 9, 159, '0.00', '338.00', 'Aktivna', '0.00', '', 0, '', '', 'Milan Miladinović', '2014-06-29 23:05:10', '2014-06-29 23:05:10', 0),
(121, '93/2014', 69, '2014-06-29 23:28:48', '2014-07-07', '2014-07-18', '2014-07-07', 9, 167, '0.00', '338.00', 'Aktivna', '0.00', '', 0, '', '', 'Milan Miladinović', '2014-06-29 23:28:48', '2014-06-29 23:28:48', 0),
(122, '116/2014', 84, '2014-06-29 23:34:08', '2014-07-16', '2014-07-27', '2014-07-16', 9, 169, '0.00', '438.00', 'Aktivna', '0.00', '', 0, '', '', 'Milan Miladinović', '2014-06-29 23:34:08', '2014-06-29 23:34:08', 0),
(123, '55/2014', 67, '2014-06-29 23:40:48', '2014-07-16', '2014-07-27', '2014-07-16', 9, 171, '0.00', '507.00', 'Aktivna', '0.00', '', 0, '', '', 'Milan Miladinović', '2014-06-29 23:40:48', '2014-06-29 23:40:48', 0),
(124, '75/2014', 67, '2014-06-29 23:48:05', '2014-07-16', '2014-07-27', '2014-07-16', 9, 174, '0.00', '597.00', 'Aktivna', '0.00', '', 0, 'JELENA I MILA KORISTE USLUGU POLUPANSIONA.', '', 'Milan Miladinović', '2014-06-29 23:48:05', '2014-06-29 23:48:05', 0),
(125, '77/2014', 67, '2014-06-29 23:55:01', '2014-07-16', '2014-07-27', '2014-07-16', 9, 177, '0.00', '642.00', 'Aktivna', '0.00', '', 0, 'SVE TRI KORISTE USLUGU POLUPANSION.', '', 'Milan Miladinović', '2014-06-29 23:55:01', '2014-06-29 23:55:01', 0),
(126, '200/2014', 66, '2014-06-29 23:59:57', '2014-07-16', '2014-07-27', '2014-07-16', 9, 180, '0.00', '340.00', 'Aktivna', '69.00', 'KINEZ', 0, '', '', 'Milan Miladinović', '2014-06-29 23:59:57', '2014-06-29 23:59:57', 0),
(127, '114/2014', 67, '2014-06-30 00:07:39', '2014-07-16', '2014-07-27', '2014-07-16', 9, 182, '0.00', '537.00', 'Aktivna', '0.00', '', 0, '', '', 'Milan Miladinović', '2014-06-30 00:07:39', '2014-06-30 00:07:39', 0),
(128, '117/2014', 84, '2014-06-30 00:12:34', '2014-07-16', '2014-07-27', '2014-07-16', 9, 185, '0.00', '438.00', 'Aktivna', '0.00', '', 0, '', '', 'Milan Miladinović', '2014-06-30 00:12:34', '2014-06-30 00:12:34', 0),
(129, '119/2014', 85, '2014-06-30 00:18:14', '2014-07-16', '2014-07-27', '2014-07-16', 9, 187, '0.00', '597.00', 'Aktivna', '0.00', '', 0, '', '', 'Milan Miladinović', '2014-06-30 00:18:14', '2014-06-30 00:18:14', 0),
(130, '57/2014', 66, '2014-06-30 00:23:42', '2014-07-16', '2014-07-27', '2014-07-16', 9, 189, '0.00', '378.00', 'Aktivna', '0.00', '', 0, '', '', 'Milan Miladinović', '2014-06-30 00:23:42', '2014-06-30 00:23:42', 0),
(131, '78/2014', 67, '2014-06-30 00:29:46', '2014-07-16', '2014-07-27', '2014-07-16', 9, 191, '0.00', '597.00', 'Aktivna', '0.00', '', 0, '', '', 'Milan Miladinović', '2014-06-30 00:29:46', '2014-06-30 00:29:46', 0),
(132, '56/2014', 67, '2014-06-30 00:36:30', '2014-07-16', '2014-07-27', '2014-07-16', 9, 194, '0.00', '507.00', 'Aktivna', '0.00', '', 0, '', '', 'Milan Miladinović', '2014-06-30 00:36:30', '2014-06-30 00:36:30', 0),
(133, '76/2014', 67, '2014-06-30 00:41:58', '2014-07-16', '2014-07-27', '2014-07-16', 9, 197, '0.00', '642.00', 'Aktivna', '0.00', '', 0, '', '', 'Milan Miladinović', '2014-06-30 00:41:58', '2014-06-30 00:41:58', 0),
(134, '126/2014', 84, '2014-06-30 01:00:10', '2014-07-16', '2014-07-27', '2014-07-16', 9, 200, '0.00', '438.00', 'Aktivna', '0.00', '', 0, '', '', 'Milan Miladinović', '2014-06-30 01:00:10', '2014-06-30 01:00:10', 0),
(135, '118/2014', 84, '2014-06-30 01:04:04', '2014-07-16', '2014-07-27', '2014-07-16', 9, 202, '0.00', '438.00', 'Aktivna', '0.00', '', 0, '', '', 'Milan Miladinović', '2014-06-30 01:04:04', '2014-06-30 01:04:04', 0),
(136, '113/2014', 67, '2014-06-30 01:07:53', '2014-07-16', '2014-07-27', '2014-07-16', 9, 204, '0.00', '537.00', 'Aktivna', '0.00', '', 0, '', '', 'Milan Miladinović', '2014-06-30 01:07:53', '2014-06-30 01:07:53', 0),
(137, '24/2014', 66, '2014-06-30 01:12:06', '2014-07-16', '2014-07-27', '2014-07-16', 9, 207, '0.00', '378.00', 'Aktivna', '0.00', '', 0, '', '', 'Milan Miladinović', '2014-06-30 01:12:06', '2014-06-30 01:12:06', 0),
(138, '21-1/2014', 67, '2014-06-30 01:17:27', '2014-07-16', '2014-07-27', '2014-07-16', 9, 209, '0.00', '507.00', 'Aktivna', '0.00', '', 0, '', '', 'Milan Miladinović', '2014-06-30 01:17:27', '2014-06-30 01:17:27', 0),
(139, '79/2014', 66, '2014-06-30 01:21:31', '2014-07-16', '2014-07-27', '2014-07-16', 9, 212, '0.00', '378.00', 'Aktivna', '0.00', '', 0, '', '', 'Milan Miladinović', '2014-06-30 01:21:31', '2014-06-30 01:21:31', 0),
(140, '44/2014', 69, '2014-06-30 01:26:10', '2014-07-16', '2014-07-27', '2014-07-16', 9, 214, '0.00', '378.00', 'Aktivna', '0.00', '', 0, '', '', 'Milan Miladinović', '2014-06-30 01:26:10', '2014-06-30 01:26:10', 0),
(141, '237/2014', 67, '2014-06-30 01:30:33', '2014-07-25', '2014-08-05', '2014-07-25', 9, 216, '0.00', '732.00', 'Aktivna', '0.00', '', 0, '', '', 'Milan Miladinović', '2014-06-30 01:30:33', '2014-06-30 01:30:33', 0),
(142, '205/2014', 67, '2014-06-30 01:35:48', '2014-07-25', '2014-08-05', '2014-07-25', 9, 219, '0.00', '597.00', 'Aktivna', '0.00', '', 0, '', '', 'Milan Miladinović', '2014-06-30 01:35:48', '2014-06-30 01:35:48', 0),
(143, '82/2014', 67, '2014-06-30 01:41:26', '2014-07-25', '2014-08-05', '2014-07-25', 9, 222, '0.00', '507.00', 'Aktivna', '0.00', '', 0, '', '', 'Milan Miladinović', '2014-06-30 01:41:26', '2014-06-30 01:41:26', 0),
(144, '30/2014', 67, '2014-06-30 01:46:41', '1970-01-01', '2014-08-05', '2014-07-25', 9, 225, '0.00', '507.00', 'Aktivna', '0.00', '', 0, '', '', 'Milan Miladinović', '2014-06-30 01:46:41', '2014-06-30 01:46:41', 0),
(145, '141/2014', 85, '2014-06-30 01:51:23', '2014-07-25', '2014-08-05', '2014-07-25', 9, 228, '0.00', '597.00', 'Aktivna', '0.00', '', 0, '', '', 'Milan Miladinović', '2014-06-30 01:51:23', '2014-06-30 01:51:23', 0),
(146, '91/2014', 67, '2014-06-30 01:55:28', '2014-07-25', '2014-08-05', '2014-07-25', 9, 231, '0.00', '507.00', 'Aktivna', '0.00', '', 0, '', '', 'Milan Miladinović', '2014-06-30 01:55:28', '2014-06-30 01:55:28', 0),
(147, '13/2014', 66, '2014-06-30 01:59:22', '2014-07-25', '2014-08-05', '2014-07-25', 9, 234, '0.00', '378.00', 'Aktivna', '0.00', '', 0, '', '', 'Milan Miladinović', '2014-06-30 01:59:22', '2014-06-30 01:59:22', 0),
(148, '34/2014', 66, '2014-06-30 02:03:48', '2014-07-25', '2014-08-05', '2014-07-25', 9, 236, '0.00', '378.00', 'Aktivna', '0.00', '', 0, '', '', 'Milan Miladinović', '2014-06-30 02:03:48', '2014-06-30 02:03:48', 0),
(150, '221/2014', 86, '2014-07-01 20:33:46', '2014-07-19', '2014-07-31', '2014-07-19', 10, 240, '0.00', '796.00', 'Aktivna', '0.00', '', 0, '', '', 'Anita Spasic', '2014-07-01 20:33:46', '2014-07-01 20:33:46', 0),
(151, '80/2014', 87, '2014-07-01 20:58:22', '2014-07-19', '2014-07-31', '2014-07-19', 10, 244, '0.00', '507.00', 'Aktivna', '0.00', '', 0, 'SOJANOVIĆ MILICA IDE GRATIS, NAGRADNO PUTOVANJE.', '', 'Milan Miladinović', '2014-07-01 20:58:22', '2014-07-01 20:58:22', 0),
(152, '188/2014', 88, '2014-07-01 20:58:30', '2014-07-19', '2014-07-31', '2014-07-19', 10, 247, '0.00', '418.00', 'Aktivna', '0.00', '', 0, '', '', 'Anita Spasic', '2014-07-01 20:58:30', '2014-07-01 20:58:30', 0),
(153, '214/2014', 94, '2014-07-01 21:07:31', '2014-07-19', '2014-07-31', '2014-07-19', 10, 252, '0.00', '418.00', 'Aktivna', '0.00', '', 0, '', '', 'Anita Spasic', '2014-07-01 21:07:31', '2014-07-01 21:07:31', 0),
(154, '125/2014', 89, '2014-07-01 21:08:08', '2014-07-19', '2014-07-31', '2014-07-19', 10, 250, '0.00', '796.00', 'Aktivna', '0.00', '', 0, '', '', 'Milan Miladinović', '2014-07-01 21:08:08', '2014-07-01 21:25:26', 0),
(155, '207/2014', 96, '2014-07-01 21:16:44', '2014-07-19', '2014-07-31', '2014-07-19', 10, 256, '0.00', '418.00', 'Aktivna', '10.00', 'Radiči', 0, '', '', 'Milan Miladinović', '2014-07-01 21:16:44', '2014-07-01 21:16:44', 0),
(156, '245/2014', 97, '2014-07-01 21:24:54', '2014-07-19', '2014-07-31', '2014-07-19', 10, 258, '0.00', '465.00', 'Aktivna', '0.00', '', 0, '', '', 'Milan Miladinović', '2014-07-01 21:24:54', '2014-07-01 21:24:54', 0),
(157, '208/2014', 95, '2014-07-01 21:31:34', '2014-07-19', '2014-07-31', '2014-07-19', 10, 261, '0.00', '418.00', 'Aktivna', '0.00', '', 0, '', 'PROMOTERKA JELENA MILANOVIĆ', 'Milan Miladinović', '2014-07-01 21:31:34', '2014-07-01 21:31:34', 0),
(159, '127/2014', 98, '2014-07-01 21:40:50', '2014-07-19', '2014-07-31', '2014-07-19', 10, 264, '0.00', '876.00', 'Aktivna', '0.00', '', 0, '', '', 'Milan Miladinović', '2014-07-01 21:40:50', '2014-07-01 21:40:50', 0),
(160, '128/2014', 89, '2014-07-01 21:47:04', '2014-07-19', '2014-07-31', '2014-07-19', 10, 268, '0.00', '836.00', 'Aktivna', '0.00', '', 0, '', '', 'Milan Miladinović', '2014-07-01 21:47:04', '2014-07-01 21:47:04', 0),
(161, '52/2014', 99, '2014-07-01 21:55:58', '2014-07-19', '2014-07-31', '2014-07-19', 10, 272, '0.00', '676.00', 'Aktivna', '0.00', '', 0, '', '', 'Milan Miladinović', '2014-07-01 21:55:58', '2014-07-01 21:55:58', 0),
(162, '88/2014', 100, '2014-07-01 22:04:29', '2014-07-19', '2014-07-31', '2014-07-19', 10, 276, '0.00', '390.00', 'Aktivna', '0.00', '', 0, '', '', 'Milan Miladinović', '2014-07-01 22:04:29', '2014-07-01 22:04:29', 0),
(163, '73/2014', 87, '2014-07-01 22:13:12', '2014-07-19', '2014-07-31', '2014-07-19', 10, 278, '0.00', '706.00', 'Aktivna', '0.00', '', 0, '', '', 'Milan Miladinović', '2014-07-01 22:13:12', '2014-07-01 22:13:12', 0),
(164, '49/2014', 99, '2014-07-01 22:21:27', '2014-07-19', '2014-07-31', '2014-07-19', 10, 282, '0.00', '676.00', 'Aktivna', '0.00', '', 0, '', '', 'Milan Miladinović', '2014-07-01 22:21:27', '2014-07-01 22:21:27', 0),
(165, '70/2014', 101, '2014-07-01 22:29:57', '2014-07-19', '2014-07-31', '2014-07-19', 10, 286, '0.00', '477.00', 'Aktivna', '0.00', '', 0, '', '', 'Milan Miladinović', '2014-07-01 22:29:57', '2014-07-01 22:29:57', 0),
(166, '50/2014', 99, '2014-07-01 22:37:51', '2014-07-19', '2014-07-31', '2014-07-19', 10, 289, '0.00', '676.00', 'Aktivna', '0.00', '', 0, '', '', 'Milan Miladinović', '2014-07-01 22:37:51', '2014-07-01 22:37:51', 0),
(167, '51/2014', 99, '2014-07-01 22:44:38', '2014-07-19', '2014-07-31', '2014-07-19', 10, 293, '0.00', '676.00', 'Aktivna', '0.00', '', 0, '', '', 'Milan Miladinović', '2014-07-01 22:44:38', '2014-07-01 22:44:38', 0),
(168, '87/2014', 100, '2014-07-01 22:48:29', '2014-07-19', '2014-07-31', '2014-07-19', 10, 297, '0.00', '390.00', 'Aktivna', '0.00', '', 0, '', '', 'Milan Miladinović', '2014-07-01 22:48:29', '2014-07-01 22:48:29', 0),
(169, '72/2014', 97, '2014-07-01 22:53:31', '2014-07-19', '2014-07-31', '2014-07-19', 10, 299, '0.00', '465.00', 'Aktivna', '0.00', '', 0, '', '', 'Milan Miladinović', '2014-07-01 22:53:31', '2014-07-01 22:53:31', 0),
(170, '33/2014', 97, '2014-07-01 22:58:37', '2014-07-19', '2014-07-31', '2014-07-19', 10, 302, '0.00', '465.00', 'Aktivna', '0.00', '', 0, '', '', 'Milan Miladinović', '2014-07-01 22:58:37', '2014-07-01 22:58:37', 0),
(171, '17/2014', 97, '2014-07-01 23:05:15', '2014-07-29', '2014-08-10', '2014-07-29', 10, 305, '0.00', '465.00', 'Aktivna', '0.00', '', 0, '', '', 'Milan Miladinović', '2014-07-01 23:05:15', '2014-07-01 23:05:15', 0),
(172, '140/2014', 97, '2014-07-01 23:11:13', '2014-07-29', '2014-08-10', '2014-07-29', 10, 308, '0.00', '412.50', 'Aktivna', '0.00', '', 0, 'STEVANOVIĆ NIKOLA IDE GRATIS. DOBIO U 1/4 GRATIS ALI POSTO IDU U 1/3 PLAĆA POLA CENE.', '', 'Milan Miladinović', '2014-07-01 23:11:13', '2014-07-01 23:11:13', 0),
(173, '132/2014', 99, '2014-07-01 23:15:54', '2014-07-29', '2014-08-10', '2014-07-29', 10, 311, '0.00', '567.00', 'Aktivna', '0.00', '', 0, '', '', 'Milan Miladinović', '2014-07-01 23:15:54', '2014-07-01 23:15:54', 0),
(174, '18/2014', 97, '2014-07-01 23:21:04', '2014-07-29', '2014-08-10', '2014-07-29', 10, 314, '0.00', '465.00', 'Aktivna', '0.00', '', 0, '', '', 'Milan Miladinović', '2014-07-01 23:21:04', '2014-07-01 23:21:04', 0),
(175, '178/2014', 88, '2014-07-01 23:24:06', '2014-07-29', '2014-08-10', '2014-07-29', 10, 317, '0.00', '418.00', 'Aktivna', '0.00', '', 0, '', '', 'Milan Miladinović', '2014-07-01 23:24:06', '2014-07-01 23:24:06', 0),
(176, '16/2014', 97, '2014-07-01 23:30:20', '2014-07-29', '2014-08-10', '2014-07-29', 10, 319, '0.00', '465.00', 'Aktivna', '0.00', '', 0, '', '', 'Milan Miladinović', '2014-07-01 23:30:20', '2014-07-01 23:30:20', 0),
(177, '25/2014', 100, '2014-07-01 23:33:49', '2014-07-29', '2014-08-10', '2014-07-29', 10, 322, '0.00', '390.00', 'Aktivna', '0.00', '', 0, '', '', 'Milan Miladinović', '2014-07-01 23:33:49', '2014-07-01 23:33:49', 0),
(178, '181/2014', 102, '2014-07-05 21:46:42', '2014-07-11', '2014-07-22', '2014-07-11', 9, 324, '0.00', '239.00', 'Aktivna', '239.00', 'RADIČI', 0, '', 'PROMOCIJA IRSKI', 'Milan Miladinović', '2014-07-05 21:46:42', '2014-07-05 21:46:42', 0),
(179, '58/2014', 103, '2014-07-05 21:54:42', '2014-07-18', '2014-07-29', '2014-07-18', 9, 326, '0.00', '596.00', 'Aktivna', '0.00', '', 0, '', '', 'Milan Miladinović', '2014-07-05 21:54:42', '2014-07-05 21:54:42', 0),
(180, '65/2014', 104, '2014-07-05 22:00:20', '2014-07-18', '2014-07-29', '2014-07-18', 9, 330, '0.00', '447.00', 'Aktivna', '0.00', '', 0, '', '', 'Milan Miladinović', '2014-07-05 22:00:20', '2014-07-05 22:00:20', 0),
(181, '20/2014', 105, '2014-07-05 22:05:59', '2014-07-18', '2014-07-29', '2014-07-18', 9, 333, '0.00', '447.00', 'Aktivna', '0.00', '', 0, '', '', 'Milan Miladinović', '2014-07-05 22:05:59', '2014-07-05 22:05:59', 0),
(182, '60/2014', 106, '2014-07-05 22:10:51', '2014-07-20', '2014-07-31', '2014-07-20', 9, 336, '0.00', '458.00', 'Aktivna', '0.00', '', 0, '', '', 'Milan Miladinović', '2014-07-05 22:10:51', '2014-07-05 22:10:51', 0),
(183, '47/2014', 107, '2014-07-05 22:17:58', '2014-07-20', '2014-07-31', '2014-07-20', 9, 338, '0.00', '836.00', 'Aktivna', '0.00', '', 0, '', '', 'Milan Miladinović', '2014-07-05 22:17:58', '2014-07-05 22:17:58', 0),
(184, '59/2014', 108, '2014-07-06 12:29:08', '2014-07-20', '2014-07-31', '2014-07-20', 9, 342, '0.00', '627.00', 'Aktivna', '0.00', '', 0, '', '', 'Milan Miladinović', '2014-07-06 12:29:08', '2014-07-06 12:29:08', 0),
(185, '90/2014', 109, '2014-07-06 12:44:56', '2014-07-20', '2014-07-31', '2014-07-20', 9, 345, '0.00', '458.00', 'Aktivna', '0.00', '', 0, '', '', 'Milan Miladinović', '2014-07-06 12:44:56', '2014-07-06 12:44:56', 0),
(186, '28/2014', 110, '2014-07-06 12:50:13', '2014-07-20', '2014-07-31', '2014-07-20', 9, 347, '0.00', '627.00', 'Aktivna', '0.00', '', 0, '', '', 'Milan Miladinović', '2014-07-06 12:50:13', '2014-07-06 12:50:13', 0),
(187, '41/2014', 108, '2014-07-06 12:54:50', '2014-07-20', '2014-07-31', '2014-07-20', 9, 350, '0.00', '627.00', 'Aktivna', '0.00', '', 0, '', '', 'Milan Miladinović', '2014-07-06 12:54:50', '2014-07-06 12:54:50', 0),
(190, '83/2014', 111, '2014-07-06 13:01:20', '2014-07-27', '2014-08-07', '2014-07-27', 9, 353, '0.00', '447.00', 'Aktivna', '10.00', 'KINEZ', 0, '', 'KINEZ MIRKU ODOBRIO POPUST OD 10E', 'Milan Miladinović', '2014-07-06 13:01:20', '2014-07-06 13:01:20', 0),
(191, '84/2014', 111, '2014-07-06 13:04:16', '2014-07-27', '2014-08-07', '2014-07-27', 9, 356, '0.00', '447.00', 'Aktivna', '0.00', '', 0, '', '', 'Milan Miladinović', '2014-07-06 13:04:16', '2014-07-06 13:07:51', 0),
(192, '74/2014', 110, '2014-07-06 13:13:01', '2014-07-29', '2014-08-09', '2014-07-29', 9, 359, '0.00', '627.00', 'Aktivna', '0.00', '', 0, '', '', 'Milan Miladinović', '2014-07-06 13:13:01', '2014-07-06 13:13:01', 0),
(193, '38/2014', 112, '2014-07-06 13:17:59', '2014-07-29', '2014-08-09', '2014-07-29', 9, 362, '0.00', '627.00', 'Aktivna', '0.00', '', 0, '', '', 'Milan Miladinović', '2014-07-06 13:17:59', '2014-07-06 13:17:59', 0),
(194, '89/2014', 113, '2014-07-06 13:26:03', '2014-07-29', '2014-08-09', '2014-07-29', 9, 365, '0.00', '1095.00', 'Aktivna', '0.00', '', 0, '', '', 'Milan Miladinović', '2014-07-06 13:26:03', '2014-07-06 13:26:03', 0),
(195, '37/2014', 102, '2014-07-06 13:34:44', '2014-07-29', '2014-08-09', '2014-07-29', 9, 370, '0.00', '458.00', 'Aktivna', '0.00', '', 0, '', '', 'Milan Miladinović', '2014-07-06 13:34:44', '2014-07-06 13:34:44', 0),
(196, '96/2014', 114, '2014-07-06 13:43:25', '2014-07-29', '2014-08-09', '2014-07-29', 9, 372, '0.00', '836.00', 'Aktivna', '0.00', '', 0, '', '', 'Milan Miladinović', '2014-07-06 13:43:25', '2014-07-06 13:43:25', 0),
(197, '138/2014', 107, '2014-07-06 13:47:36', '2014-07-29', '2014-08-09', '2014-07-29', 9, 376, '0.00', '876.00', 'Aktivna', '0.00', '', 0, '', '', 'Milan Miladinović', '2014-07-06 13:47:36', '2014-07-06 13:47:36', 0),
(198, '39/2014', 115, '2014-07-06 13:52:50', '2014-07-29', '2014-08-09', '2014-07-29', 9, 380, '0.00', '458.00', 'Aktivna', '0.00', '', 0, '', '', 'Milan Miladinović', '2014-07-06 13:52:50', '2014-09-14 18:25:16', 0),
(199, '206/2014', 116, '2014-07-06 17:55:32', '2014-07-08', '2014-07-20', '2014-07-08', 10, 383, '0.00', '470.00', 'Aktivna', '0.00', '', 0, '', 'NESKE ODOBRIO ODLOŽENO PLAĆANJE', 'Milan Miladinović', '2014-07-06 17:55:32', '2014-09-14 18:28:40', 0),
(200, '269/2014', 117, '2014-07-06 18:00:04', '2014-07-08', '2014-07-18', '2014-07-08', 10, 385, '0.00', '280.00', 'Aktivna', '0.00', '', 0, '', '', 'Milan Miladinović', '2014-07-06 18:00:04', '2014-07-06 18:00:04', 0),
(201, '274/2014', 120, '2014-07-06 18:06:00', '2014-07-11', '2014-07-21', '2014-07-10', 10, 387, '7000.00', '378.00', 'Aktivna', '0.00', '', 0, '', 'NEŠKE ODOBRIO ODLOŽENO PLAĆANJE', 'Milan Miladinović', '2014-07-06 18:06:00', '2014-07-06 18:06:00', 0),
(202, '197/2014', 121, '2014-07-06 18:09:33', '2014-07-11', '2014-07-21', '2014-07-10', 10, 389, '0.00', '280.00', 'Aktivna', '0.00', '', 0, '', '', 'Milan Miladinović', '2014-07-06 18:09:33', '2014-07-06 18:09:33', 0),
(203, '229/2014', 122, '2014-07-06 18:19:37', '2014-07-11', '2014-07-21', '2014-07-10', 9, 391, '0.00', '658.00', 'Aktivna', '0.00', '', 0, '', '', 'Milan Miladinović', '2014-07-06 18:19:37', '2014-07-06 18:19:37', 0),
(204, '182/2014', 123, '2014-07-06 18:29:22', '2014-07-11', '2014-07-21', '2014-07-10', 10, 393, '0.00', '435.00', 'Aktivna', '0.00', '', 0, '', '', 'Milan Miladinović', '2014-07-06 18:29:22', '2014-07-06 18:29:22', 0),
(205, '101/2014', 124, '2014-07-06 18:34:23', '2014-07-12', '2014-07-22', '2014-07-12', 10, 396, '0.00', '1210.00', 'Aktivna', '0.00', '', 0, '', '', 'Milan Miladinović', '2014-07-06 18:34:23', '2014-09-14 22:23:49', 0),
(206, '170/2014', 125, '2014-07-06 18:39:57', '2014-07-13', '2014-07-27', '2014-07-12', 14, 398, '0.00', '1064.00', 'Aktivna', '0.00', '', 0, '', '', 'Milan Miladinović', '2014-07-06 18:39:57', '2014-07-06 18:39:57', 0),
(207, '216/2014', 126, '2014-07-06 18:44:05', '2014-07-15', '2014-07-26', '2014-07-15', 10, 402, '0.00', '390.00', 'Aktivna', '0.00', '', 0, '', '', 'Milan Miladinović', '2014-07-06 18:44:05', '2014-07-06 18:44:05', 0),
(208, '244/2014', 127, '2014-07-06 18:49:49', '2014-07-15', '2014-07-26', '2014-07-15', 10, 404, '0.00', '718.20', 'Aktivna', '0.00', '', 0, '', '', 'Milan Miladinović', '2014-07-06 18:49:49', '2014-07-06 18:49:49', 0),
(209, '215/2014', 128, '2014-07-06 18:53:11', '2014-07-15', '2014-07-26', '2014-07-15', 10, 408, '0.00', '390.00', 'Aktivna', '0.00', '', 0, '', '', 'Milan Miladinović', '2014-07-06 18:53:11', '2014-07-06 18:53:11', 0),
(210, '219/2014VA', 128, '2014-07-06 18:55:42', '2014-07-15', '2014-07-26', '2014-07-15', 10, 410, '0.00', '390.00', 'Aktivna', '0.00', '', 0, '', '', 'Milan Miladinović', '2014-07-06 18:55:42', '2014-07-06 18:55:42', 0),
(211, '250/2014', 129, '2014-07-06 18:59:56', '2014-07-15', '2014-07-25', '2014-07-14', 10, 412, '0.00', '440.00', 'Aktivna', '0.00', '', 0, '', '', 'Milan Miladinović', '2014-07-06 18:59:56', '2014-07-06 18:59:56', 0),
(212, '280/2014', 130, '2014-07-08 18:53:43', '2014-07-16', '2014-07-23', '2014-07-16', 7, 414, '0.00', '508.00', 'Aktivna', '0.00', '', 0, '', '', 'Milan Miladinović', '2014-07-08 18:53:43', '2014-07-08 18:53:43', 0),
(228, '5555555555', 26, '2014-07-21 20:45:38', '2014-07-21', '2014-07-25', '2014-07-21', 4, 5, '0.00', '69.00', 'Aktivna', '0.00', '', 0, '', '', 'Sanja Bogdanovic-Dinic', '2014-07-21 20:45:38', '2014-07-21 20:45:38', 0),
(247, '000111122222', 21, '2014-07-22 16:55:17', '2014-07-23', '2014-07-26', '2014-07-22', 3, 5, '0.00', '230.00', 'Aktivna', '0.00', '', 0, '', '', 'Sanja Bogdanovic-Dinic', '2014-07-22 16:55:17', '2014-09-14 11:06:21', 0),
(248, '14-3/2014', 81, '2014-09-14 22:27:06', '2014-09-15', '2014-09-17', '2014-09-14', 2, 223, '0.00', '165.00', 'Aktivna', '0.00', '', 0, '', '', 'Sanja Bogdanovic-Dinic', '2014-09-14 22:27:06', '2014-09-14 22:27:06', 1),
(253, '66666667788', 26, '2014-09-17 20:59:40', '2014-09-17', '2014-09-17', '2014-09-17', 1, 223, '0.00', '188.00', 'Aktivna', '0.00', '', 0, '', '', 'Sanja Bogdanovic-Dinic', '2014-09-17 20:59:40', '2014-09-17 20:59:40', 0),
(265, '66666667799', 26, '2014-09-17 21:17:45', '2014-09-17', '2014-09-17', '2014-09-17', 1, 223, '0.00', '188.00', 'Aktivna', '0.00', '', 0, '', '', 'Sanja Bogdanovic-Dinic', '2014-09-17 21:17:45', '2014-09-18 00:27:08', 0);

-- --------------------------------------------------------

--
-- Table structure for table `reservations_log`
--

CREATE TABLE IF NOT EXISTS `reservations_log` (
  `id` int(11) NOT NULL AUTO_INCREMENT,
  `reservation_id` int(11) NOT NULL,
  `user_id` varchar(16) NOT NULL,
  `updated_at` datetime NOT NULL,
  `created_at` datetime NOT NULL,
  PRIMARY KEY (`id`),
  KEY `reservation_id` (`reservation_id`,`user_id`),
  KEY `user_id` (`user_id`)
) ENGINE=InnoDB  DEFAULT CHARSET=utf8 AUTO_INCREMENT=60 ;

--
-- Dumping data for table `reservations_log`
--

INSERT INTO `reservations_log` (`id`, `reservation_id`, `user_id`, `updated_at`, `created_at`) VALUES
(1, 94, 'andjelko', '2014-06-07 08:09:45', '2014-06-07 08:09:45'),
(2, 94, 'andjelko', '2014-06-07 08:18:05', '2014-06-07 08:18:05'),
(3, 94, 'andjelko', '2014-06-07 08:19:39', '2014-06-07 08:19:39'),
(4, 94, 'andjelko', '2014-06-07 08:20:45', '2014-06-07 08:20:45'),
(5, 100, 'sanja', '2014-06-10 18:32:38', '2014-06-10 18:32:38'),
(6, 100, 'sanja', '2014-06-10 18:35:37', '2014-06-10 18:35:37'),
(7, 100, 'sanja', '2014-06-10 18:51:43', '2014-06-10 18:51:43'),
(8, 100, 'sanja', '2014-06-10 18:53:30', '2014-06-10 18:53:30'),
(9, 100, 'sanja', '2014-06-10 18:54:17', '2014-06-10 18:54:17'),
(10, 100, 'sanja', '2014-06-10 19:11:04', '2014-06-10 19:11:04'),
(11, 100, 'sanja', '2014-06-10 19:11:14', '2014-06-10 19:11:14'),
(12, 100, 'sanja', '2014-06-10 19:13:57', '2014-06-10 19:13:57'),
(13, 100, 'sanja', '2014-06-10 19:16:06', '2014-06-10 19:16:06'),
(14, 100, 'sanja', '2014-06-10 19:22:27', '2014-06-10 19:22:27'),
(15, 100, 'sanja', '2014-06-10 19:23:13', '2014-06-10 19:23:13'),
(16, 100, 'sanja', '2014-06-10 19:26:26', '2014-06-10 19:26:26'),
(17, 100, 'sanja', '2014-06-10 19:29:27', '2014-06-10 19:29:27'),
(18, 100, 'sanja', '2014-06-10 19:29:38', '2014-06-10 19:29:38'),
(19, 100, 'sanja', '2014-06-10 19:30:00', '2014-06-10 19:30:00'),
(20, 100, 'sanja', '2014-06-10 19:33:08', '2014-06-10 19:33:08'),
(21, 100, 'sanja', '2014-06-10 20:17:30', '2014-06-10 20:17:30'),
(22, 100, 'sanja', '2014-06-10 20:18:16', '2014-06-10 20:18:16'),
(23, 100, 'sanja', '2014-06-10 20:28:26', '2014-06-10 20:28:26'),
(24, 100, 'sanja', '2014-06-10 20:29:33', '2014-06-10 20:29:33'),
(25, 100, 'sanja', '2014-06-10 20:31:02', '2014-06-10 20:31:02'),
(26, 100, 'sanja', '2014-06-10 20:34:18', '2014-06-10 20:34:18'),
(27, 100, 'sanja', '2014-06-10 22:55:39', '2014-06-10 22:55:39'),
(28, 100, 'sanja', '2014-06-10 22:56:34', '2014-06-10 22:56:34'),
(29, 100, 'sanja', '2014-06-10 23:02:28', '2014-06-10 23:02:28'),
(30, 100, 'sanja', '2014-06-10 23:03:01', '2014-06-10 23:03:01'),
(31, 100, 'sanja', '2014-06-10 23:06:32', '2014-06-10 23:06:32'),
(32, 100, 'sanja', '2014-06-10 23:07:33', '2014-06-10 23:07:33'),
(33, 100, 'sanja', '2014-06-10 23:13:57', '2014-06-10 23:13:57'),
(34, 100, 'sanja', '2014-06-10 23:24:02', '2014-06-10 23:24:02'),
(35, 99, 'sanja', '2014-06-10 23:25:37', '2014-06-10 23:25:37'),
(36, 100, 'sanja', '2014-06-10 23:38:37', '2014-06-10 23:38:37'),
(37, 100, 'sanja', '2014-06-10 23:43:49', '2014-06-10 23:43:49'),
(38, 100, 'sanja', '2014-06-10 23:51:16', '2014-06-10 23:51:16'),
(39, 100, 'sanja', '2014-06-11 00:07:48', '2014-06-11 00:07:48'),
(40, 100, 'sanja', '2014-06-11 00:08:33', '2014-06-11 00:08:33'),
(41, 100, 'andjelko', '2014-06-11 07:52:45', '2014-06-11 07:52:45'),
(42, 100, 'andjelko', '2014-06-11 07:55:40', '2014-06-11 07:55:40'),
(43, 100, 'sanja', '2014-06-11 16:01:53', '2014-06-11 16:01:53'),
(44, 100, 'sanja', '2014-06-11 16:02:45', '2014-06-11 16:02:45'),
(45, 100, 'sanja', '2014-06-11 16:10:35', '2014-06-11 16:10:35'),
(46, 113, 'Kinez', '2014-06-19 15:52:59', '2014-06-19 15:52:59'),
(47, 154, 'Kinez', '2014-07-01 21:25:26', '2014-07-01 21:25:26'),
(48, 191, 'Kinez', '2014-07-06 13:07:51', '2014-07-06 13:07:51'),
(49, 247, 'sanja', '2014-09-14 10:47:13', '2014-09-14 10:47:13'),
(50, 247, 'sanja', '2014-09-14 11:06:21', '2014-09-14 11:06:21'),
(51, 198, 'sanja', '2014-09-14 18:25:16', '2014-09-14 18:25:16'),
(52, 199, 'sanja', '2014-09-14 18:28:40', '2014-09-14 18:28:40'),
(53, 205, 'sanja', '2014-09-14 18:30:32', '2014-09-14 18:30:32'),
(54, 205, 'sanja', '2014-09-14 18:31:50', '2014-09-14 18:31:50'),
(55, 205, 'sanja', '2014-09-14 18:33:01', '2014-09-14 18:33:01'),
(56, 205, 'sanja', '2014-09-14 18:38:32', '2014-09-14 18:38:32'),
(57, 205, 'sanja', '2014-09-14 22:19:56', '2014-09-14 22:19:56'),
(58, 205, 'sanja', '2014-09-14 22:23:49', '2014-09-14 22:23:49'),
(59, 265, 'sanja', '2014-09-18 00:27:08', '2014-09-18 00:27:08');

-- --------------------------------------------------------

--
-- Table structure for table `reservation_excursion`
--

CREATE TABLE IF NOT EXISTS `reservation_excursion` (
  `destinationId` int(11) NOT NULL,
  `excursionId` int(11) NOT NULL,
  `created_at` datetime NOT NULL,
  `updated_at` datetime NOT NULL,
  `id` int(11) NOT NULL AUTO_INCREMENT,
  `reservationId` int(11) NOT NULL,
  `num` int(11) NOT NULL DEFAULT '1',
  PRIMARY KEY (`id`),
  KEY `destinationId` (`destinationId`,`excursionId`,`id`),
  KEY `reservationId` (`reservationId`),
  KEY `ExcID` (`excursionId`)
) ENGINE=InnoDB  DEFAULT CHARSET=utf8 COLLATE=utf8_unicode_ci AUTO_INCREMENT=8 ;

--
-- Dumping data for table `reservation_excursion`
--

INSERT INTO `reservation_excursion` (`destinationId`, `excursionId`, `created_at`, `updated_at`, `id`, `reservationId`, `num`) VALUES
(28, 3, '2014-09-17 20:59:40', '2014-09-17 20:59:40', 2, 253, 2),
(28, 9, '2014-09-17 21:17:45', '2014-09-18 00:27:08', 6, 265, 2),
(28, 14, '2014-09-18 00:27:08', '2014-09-18 00:27:08', 7, 265, 1);

-- --------------------------------------------------------

--
-- Table structure for table `reservation_numbers`
--

CREATE TABLE IF NOT EXISTS `reservation_numbers` (
  `id` int(11) NOT NULL AUTO_INCREMENT,
  `year` int(11) NOT NULL,
  `number` int(11) NOT NULL,
  `internalNum` int(11) NOT NULL,
  `created_at` datetime NOT NULL,
  `updated_at` datetime NOT NULL,
  PRIMARY KEY (`id`),
  KEY `id` (`id`)
) ENGINE=InnoDB  DEFAULT CHARSET=utf8 COLLATE=utf8_unicode_ci AUTO_INCREMENT=2 ;

--
-- Dumping data for table `reservation_numbers`
--

INSERT INTO `reservation_numbers` (`id`, `year`, `number`, `internalNum`, `created_at`, `updated_at`) VALUES
(1, 2014, 14, 4, '0000-00-00 00:00:00', '2014-09-14 22:27:06');

-- --------------------------------------------------------

--
-- Table structure for table `reservation_prices`
--

CREATE TABLE IF NOT EXISTS `reservation_prices` (
  `id` int(11) NOT NULL AUTO_INCREMENT,
  `priceItem` varchar(50) COLLATE utf8_unicode_ci NOT NULL,
  `priceDin` float NOT NULL,
  `priceEur` float NOT NULL,
  `num` int(11) DEFAULT '1',
  `reservationId` int(11) NOT NULL,
  `created_at` datetime NOT NULL,
  `updated_at` datetime NOT NULL,
  PRIMARY KEY (`id`),
  KEY `id` (`id`,`reservationId`)
) ENGINE=InnoDB  DEFAULT CHARSET=utf8 COLLATE=utf8_unicode_ci AUTO_INCREMENT=483 ;

--
-- Dumping data for table `reservation_prices`
--

INSERT INTO `reservation_prices` (`id`, `priceItem`, `priceDin`, `priceEur`, `num`, `reservationId`, `created_at`, `updated_at`) VALUES
(76, 'Smeštaj Adl', 0, 115, 2, 41, '2014-05-30 13:42:15', '2014-05-30 13:42:15'),
(77, 'Smeštaj Adl', 0, 129, 4, 42, '2014-05-30 16:03:16', '2014-05-30 16:03:16'),
(78, 'Popust', 0, -30, 4, 42, '2014-05-30 16:03:16', '2014-05-30 16:03:16'),
(81, 'Smeštaj Adl', 0, 129, 4, 44, '2014-05-30 22:36:15', '2014-05-30 22:36:15'),
(82, 'Popust', 0, 30, 4, 44, '2014-05-30 22:36:15', '2014-05-30 22:36:15'),
(87, 'Smeštaj Adl', 0, 189, 2, 47, '2014-05-30 22:52:39', '2014-05-30 22:52:39'),
(88, 'Popust', 0, 60, 2, 47, '2014-05-30 22:52:39', '2014-05-30 22:52:39'),
(89, 'Smeštaj Adl', 0, 129, 4, 48, '2014-05-30 23:07:17', '2014-05-30 23:07:17'),
(90, 'Smeštaj Chld', 0, 0, 1, 48, '2014-05-30 23:07:17', '2014-05-30 23:07:17'),
(91, 'Prevoz Adl', 0, 0, 1, 48, '2014-05-30 23:07:17', '2014-05-30 23:07:17'),
(92, 'Prevoz Chld', 0, 0, 1, 48, '2014-05-30 23:07:17', '2014-05-30 23:07:17'),
(93, 'Popust', 0, 30, 4, 48, '2014-05-30 23:07:17', '2014-05-30 23:07:17'),
(94, 'Doplata', 0, 0, 1, 48, '2014-05-30 23:07:17', '2014-05-30 23:07:17'),
(95, 'Smeštaj Adl', 0, 189, 2, 49, '2014-05-30 23:14:54', '2014-05-30 23:14:54'),
(96, 'Popust', 0, 60, 2, 49, '2014-05-30 23:14:54', '2014-05-30 23:14:54'),
(97, 'Smeštaj Adl', 0, 189, 2, 50, '2014-05-30 23:20:47', '2014-05-30 23:20:47'),
(98, 'Popust', 0, 60, 2, 50, '2014-05-30 23:20:47', '2014-05-30 23:20:47'),
(99, 'Smeštaj Adl', 0, 129, 6, 51, '2014-05-30 23:30:32', '2014-05-30 23:30:32'),
(100, 'Popust', 0, 30, 6, 51, '2014-05-30 23:30:32', '2014-05-30 23:30:32'),
(101, 'Smeštaj Adl', 0, 69, 5, 52, '2014-05-30 23:44:31', '2014-05-30 23:44:31'),
(102, 'Smeštaj Adl', 0, 80, 2, 53, '2014-06-01 20:15:48', '2014-06-01 20:15:48'),
(103, 'Doplata', 850, 0, 1, 53, '2014-06-01 20:15:48', '2014-06-01 20:15:48'),
(104, 'Smeštaj Adl', 0, 49, 2, 54, '2014-06-01 20:44:12', '2014-06-01 20:44:12'),
(105, 'Smeštaj Adl', 0, 49, 2, 55, '2014-06-01 20:57:28', '2014-06-01 20:57:28'),
(106, 'Smeštaj Adl', 0, 145, 2, 56, '2014-06-01 21:13:34', '2014-06-01 21:13:34'),
(107, 'Smeštaj Adl', 0, 129, 2, 62, '2014-06-01 21:27:52', '2014-06-01 21:27:52'),
(108, 'Smeštaj Adl', 0, 109, 2, 63, '2014-06-01 21:44:20', '2014-06-01 21:44:20'),
(109, 'Smeštaj Adl', 0, 69, 2, 64, '2014-06-01 21:51:49', '2014-06-01 21:51:49'),
(110, 'Popust', 0, 5, 1, 64, '2014-06-01 21:51:49', '2014-06-01 21:51:49'),
(111, 'Smeštaj Adl', 0, 69, 2, 65, '2014-06-01 21:59:14', '2014-06-01 21:59:14'),
(112, 'Smeštaj Adl', 0, 35, 2, 66, '2014-06-01 22:08:43', '2014-06-01 22:08:43'),
(113, 'Prevoz Adl', 0, 55, 2, 66, '2014-06-01 22:08:43', '2014-06-01 22:08:43'),
(114, 'Popust', 0, 20, 2, 66, '2014-06-01 22:08:43', '2014-06-01 22:08:43'),
(115, 'Doplata', 0, 10, 2, 66, '2014-06-01 22:08:43', '2014-06-01 22:08:43'),
(116, 'Smeštaj Adl', 0, 129, 2, 67, '2014-06-01 22:15:17', '2014-06-01 22:15:17'),
(117, 'Smeštaj Adl', 0, 209, 2, 68, '2014-06-01 22:27:21', '2014-06-01 22:27:21'),
(118, 'Smeštaj Chld', 0, 0, 1, 68, '2014-06-01 22:27:22', '2014-06-01 22:27:22'),
(119, 'Prevoz Adl', 0, 0, 1, 68, '2014-06-01 22:27:22', '2014-06-01 22:27:22'),
(120, 'Prevoz Chld', 0, 0, 1, 68, '2014-06-01 22:27:22', '2014-06-01 22:27:22'),
(121, 'Popust', 0, 0, 1, 68, '2014-06-01 22:27:22', '2014-06-01 22:27:22'),
(122, 'Doplata', 0, 20, 1, 68, '2014-06-01 22:27:22', '2014-06-01 22:27:22'),
(123, 'Smeštaj Adl', 0, 89, 2, 69, '2014-06-01 22:35:38', '2014-06-01 22:35:38'),
(124, 'Smeštaj Adl', 0, 45, 3, 82, '2014-06-01 22:47:18', '2014-06-01 22:47:18'),
(125, 'Popust', 0, 20, 3, 82, '2014-06-01 22:47:18', '2014-06-01 22:47:18'),
(126, 'Doplata', 0, 25, 3, 82, '2014-06-01 22:47:18', '2014-06-01 22:47:18'),
(127, 'Smeštaj Adl', 0, 22.99, 2, 83, '2014-06-01 23:01:59', '2014-06-01 23:01:59'),
(128, 'Smeštaj Chld', 0, 0, 1, 83, '2014-06-01 23:01:59', '2014-06-01 23:01:59'),
(129, 'Prevoz Adl', 0, 0, 1, 83, '2014-06-01 23:01:59', '2014-06-01 23:01:59'),
(130, 'Prevoz Chld', 0, 0, 1, 83, '2014-06-01 23:01:59', '2014-06-01 23:01:59'),
(131, 'Popust', 0, 0, 1, 83, '2014-06-01 23:01:59', '2014-06-01 23:01:59'),
(132, 'Doplata', 0, 0, 1, 83, '2014-06-01 23:01:59', '2014-06-01 23:01:59'),
(133, 'Smeštaj Adl', 0, 89, 2, 84, '2014-06-01 23:20:23', '2014-06-01 23:20:23'),
(134, 'Smeštaj Adl', 0, 89, 1, 85, '2014-06-01 23:25:58', '2014-06-01 23:25:58'),
(135, 'Smeštaj Chld', 0, 85, 1, 85, '2014-06-01 23:25:58', '2014-06-01 23:25:58'),
(136, 'Doplata', 0, 10, 1, 85, '2014-06-01 23:25:58', '2014-06-01 23:25:58'),
(137, 'Smeštaj Adl', 0, 289, 2, 87, '2014-06-01 23:35:44', '2014-06-01 23:35:44'),
(138, 'Smeštaj Adl', 0, 160, 2, 88, '2014-06-01 23:56:41', '2014-06-01 23:56:41'),
(139, 'Doplata', 0, 10, 2, 88, '2014-06-01 23:56:41', '2014-06-01 23:56:41'),
(140, 'Doplata za boravišnu taksu', 0, 5, 2, 88, '2014-06-01 23:56:41', '2014-06-01 23:56:41'),
(141, 'Smeštaj Adl', 0, 150, 2, 89, '2014-06-02 00:07:27', '2014-06-02 00:07:27'),
(142, 'Doplata', 0, 56, 2, 89, '2014-06-02 00:07:27', '2014-06-02 00:07:27'),
(143, 'Usluge inopartnera', 0, 10, 2, 89, '2014-06-02 00:07:27', '2014-06-02 00:07:27'),
(144, 'Boravišna taksa', 0, 5, 2, 89, '2014-06-02 00:07:27', '2014-06-02 00:07:27'),
(145, 'Smeštaj Adl', 0, 89, 2, 90, '2014-06-02 00:15:58', '2014-06-02 00:15:58'),
(146, 'Doplata', 0, 7, 2, 90, '2014-06-02 00:15:58', '2014-06-02 00:15:58'),
(147, 'Smeštaj Adl', 0, 89, 2, 91, '2014-06-02 00:21:24', '2014-06-02 00:21:24'),
(148, 'Doplata', 0, 7, 2, 91, '2014-06-02 00:21:24', '2014-06-02 00:21:24'),
(149, 'Smeštaj Adl', 6000, 0, 1, 92, '2014-06-02 00:30:11', '2014-06-02 00:30:11'),
(150, 'Smeštaj Adl', 0, 79, 2, 93, '2014-06-02 00:36:56', '2014-06-02 00:36:56'),
(151, 'Doplata', 0, 10, 2, 93, '2014-06-02 00:36:56', '2014-06-02 00:36:56'),
(152, 'Smeštaj Adl', 0, 49, 2, 94, '2014-06-02 07:27:22', '2014-06-02 07:27:22'),
(153, 'Popust', 0, 5, 1, 94, '2014-06-02 07:27:22', '2014-06-02 07:27:22'),
(154, 'Smeštaj Adl', 0, 49, 3, 95, '2014-06-02 07:37:13', '2014-06-02 07:37:13'),
(155, 'Smeštaj Adl', 0, 89, 3, 96, '2014-06-02 07:49:16', '2014-06-02 07:49:16'),
(156, 'Smeštaj Adl', 0, 1059, 2, 97, '2014-06-02 07:59:35', '2014-06-02 07:59:35'),
(157, 'Doplata', 0, 135, 2, 97, '2014-06-02 07:59:35', '2014-06-02 07:59:35'),
(158, 'Smeštaj Adl', 0, 119, 1, 98, '2014-06-02 08:09:36', '2014-06-02 08:09:36'),
(159, 'Doplata', 0, 30, 1, 98, '2014-06-02 08:09:36', '2014-06-02 08:09:36'),
(160, 'Smeštaj Adl', 0, 139, 2, 99, '2014-06-02 08:17:00', '2014-06-10 23:25:37'),
(161, 'Smeštaj Chld', 0, 0, 1, 99, '2014-06-02 08:17:00', '2014-06-10 23:25:37'),
(162, 'Prevoz Adl', 0, 0, 1, 99, '2014-06-02 08:17:00', '2014-06-10 23:25:37'),
(163, 'Prevoz Chld', 0, 0, 1, 99, '2014-06-02 08:17:00', '2014-06-10 23:25:37'),
(164, 'Popust', 0, 0, 1, 99, '2014-06-02 08:17:00', '2014-06-10 23:25:37'),
(165, 'Doplata', 0, 0, 1, 99, '2014-06-02 08:17:00', '2014-06-10 23:25:37'),
(166, 'Smeštaj Adl', 3456, 115, 2, 100, '2014-06-07 10:25:36', '2014-06-11 16:10:35'),
(185, 'Smeštaj Adl', 3500, 135, 3, 103, '2014-06-11 19:12:17', '2014-06-11 19:12:17'),
(186, 'Popust', 0, 40, 5, 103, '2014-06-11 19:12:17', '2014-06-11 19:12:17'),
(187, 'Popust', 2500, 100, 1, 103, '2014-06-11 19:12:17', '2014-06-11 19:12:17'),
(188, 'Smeštaj Adl', 3500, 159, 2, 103, '2014-06-11 19:12:17', '2014-06-11 19:12:17'),
(189, 'Smeštaj Adl', 0, 199, 3, 104, '2014-06-15 20:20:45', '2014-06-15 20:20:45'),
(190, 'Popust', 0, 50, 3, 104, '2014-06-15 20:20:45', '2014-06-15 20:20:45'),
(191, 'Smeštaj Adl', 0, 199, 2, 106, '2014-06-17 14:02:00', '2014-06-17 14:02:00'),
(192, 'Popust', 0, 50, 2, 106, '2014-06-17 14:02:01', '2014-06-17 14:02:01'),
(193, 'Doplata', 0, 20, 2, 106, '2014-06-17 14:02:02', '2014-06-17 14:02:02'),
(194, 'Smeštaj Adl', 0, 373, 2, 110, '2014-06-18 16:55:57', '2014-06-18 16:55:57'),
(195, 'Doplata', 0, 76, 2, 110, '2014-06-18 16:55:57', '2014-06-18 16:55:57'),
(196, 'Smeštaj Adl', 0, 99, 2, 111, '2014-06-18 17:09:47', '2014-06-18 17:09:47'),
(197, 'Smeštaj Adl', 0, 115, 2, 112, '2014-06-18 17:26:44', '2014-06-18 17:26:44'),
(198, 'Smeštaj Adl', 3500, 0, 2, 112, '2014-06-18 17:26:44', '2014-06-18 17:26:44'),
(199, 'Smeštaj Adl', 0, 654, 1, 113, '2014-06-18 21:54:14', '2014-06-19 15:52:59'),
(205, 'Smeštaj Adl', 3500, 239, 2, 114, '2014-06-19 22:25:50', '2014-06-19 22:25:50'),
(206, 'Popust', 0, 10, 2, 114, '2014-06-19 22:25:50', '2014-06-19 22:25:50'),
(207, 'Smeštaj Adl', 0, 215, 2, 115, '2014-06-21 10:46:08', '2014-06-21 10:46:08'),
(208, 'Popust', 0, 50, 1, 115, '2014-06-21 10:46:08', '2014-06-21 10:46:08'),
(209, 'Smeštaj Adl', 0, 165, 3, 116, '2014-06-21 11:00:51', '2014-06-21 11:00:51'),
(210, 'Smeštaj Adl', 0, 165, 3, 117, '2014-06-21 17:15:53', '2014-06-21 17:15:53'),
(211, 'Popust', 0, 10, 3, 117, '2014-06-21 17:15:53', '2014-06-21 17:15:53'),
(212, 'Smeštaj Adl', 0, 199, 2, 118, '2014-06-29 23:05:10', '2014-06-29 23:05:10'),
(213, 'Popust', 0, 50, 2, 118, '2014-06-29 23:05:10', '2014-06-29 23:05:10'),
(214, 'Doplata', 0, 20, 2, 118, '2014-06-29 23:05:10', '2014-06-29 23:05:10'),
(215, 'Smeštaj Adl', 0, 199, 2, 121, '2014-06-29 23:28:48', '2014-06-29 23:28:48'),
(216, 'Popust', 0, 50, 2, 121, '2014-06-29 23:28:48', '2014-06-29 23:28:48'),
(217, 'Doplata', 0, 20, 2, 121, '2014-06-29 23:28:48', '2014-06-29 23:28:48'),
(218, 'Smeštaj Adl', 0, 249, 2, 122, '2014-06-29 23:34:08', '2014-06-29 23:34:08'),
(219, 'Popust', 0, 50, 2, 122, '2014-06-29 23:34:08', '2014-06-29 23:34:08'),
(220, 'Doplata', 0, 20, 2, 122, '2014-06-29 23:34:08', '2014-06-29 23:34:08'),
(221, 'Smeštaj Adl', 0, 219, 3, 123, '2014-06-29 23:40:48', '2014-06-29 23:40:48'),
(222, 'Popust', 0, 50, 3, 123, '2014-06-29 23:40:48', '2014-06-29 23:40:48'),
(223, 'Smeštaj Adl', 0, 219, 3, 124, '2014-06-29 23:48:05', '2014-06-29 23:48:05'),
(224, 'Popust', 0, 50, 3, 124, '2014-06-29 23:48:05', '2014-06-29 23:48:05'),
(225, 'Doplata PP', 0, 45, 2, 124, '2014-06-29 23:48:05', '2014-06-29 23:48:05'),
(226, 'Smeštaj Adl', 0, 219, 3, 125, '2014-06-29 23:55:01', '2014-06-29 23:55:01'),
(227, 'Popust', 0, 50, 3, 125, '2014-06-29 23:55:01', '2014-06-29 23:55:01'),
(228, 'Doplata PP', 0, 45, 3, 125, '2014-06-29 23:55:01', '2014-06-29 23:55:01'),
(229, 'Smeštaj Adl', 0, 219, 2, 126, '2014-06-29 23:59:57', '2014-06-29 23:59:57'),
(230, 'Popust', 0, 69, 2, 126, '2014-06-29 23:59:57', '2014-06-29 23:59:57'),
(231, 'Doplata', 0, 20, 2, 126, '2014-06-29 23:59:57', '2014-06-29 23:59:57'),
(232, 'Smeštaj Adl', 0, 219, 3, 127, '2014-06-30 00:07:39', '2014-06-30 00:07:39'),
(233, 'Popust', 0, 40, 3, 127, '2014-06-30 00:07:39', '2014-06-30 00:07:39'),
(234, 'Smeštaj Adl', 0, 249, 2, 128, '2014-06-30 00:12:34', '2014-06-30 00:12:34'),
(235, 'Popust', 0, 50, 2, 128, '2014-06-30 00:12:34', '2014-06-30 00:12:34'),
(236, 'Doplata', 0, 20, 2, 128, '2014-06-30 00:12:34', '2014-06-30 00:12:34'),
(237, 'Smeštaj Adl', 0, 249, 3, 129, '2014-06-30 00:18:14', '2014-06-30 00:18:14'),
(238, 'Popust', 0, 50, 3, 129, '2014-06-30 00:18:14', '2014-06-30 00:18:14'),
(239, 'Smeštaj Adl', 0, 219, 2, 130, '2014-06-30 00:23:42', '2014-06-30 00:23:42'),
(240, 'Popust', 0, 50, 2, 130, '2014-06-30 00:23:42', '2014-06-30 00:23:42'),
(241, 'Doplata', 0, 20, 2, 130, '2014-06-30 00:23:42', '2014-06-30 00:23:42'),
(242, 'Smeštaj Adl', 0, 219, 3, 131, '2014-06-30 00:29:46', '2014-06-30 00:29:46'),
(243, 'Popust', 0, 50, 3, 131, '2014-06-30 00:29:46', '2014-06-30 00:29:46'),
(244, 'Doplata PP', 0, 45, 2, 131, '2014-06-30 00:29:46', '2014-06-30 00:29:46'),
(245, 'Smeštaj Adl', 0, 219, 3, 132, '2014-06-30 00:36:30', '2014-06-30 00:36:30'),
(246, 'Popust', 0, 50, 3, 132, '2014-06-30 00:36:30', '2014-06-30 00:36:30'),
(247, 'Smeštaj Adl', 0, 219, 3, 133, '2014-06-30 00:41:58', '2014-06-30 00:41:58'),
(248, 'Popust', 0, 50, 3, 133, '2014-06-30 00:41:58', '2014-06-30 00:41:58'),
(249, 'Doplata PP', 0, 45, 3, 133, '2014-06-30 00:41:58', '2014-06-30 00:41:58'),
(250, 'Smeštaj Adl', 0, 249, 2, 134, '2014-06-30 01:00:10', '2014-06-30 01:00:10'),
(251, 'Popust', 0, 50, 2, 134, '2014-06-30 01:00:10', '2014-06-30 01:00:10'),
(252, 'Doplata', 0, 20, 2, 134, '2014-06-30 01:00:10', '2014-06-30 01:00:10'),
(253, 'Smeštaj Adl', 0, 249, 2, 135, '2014-06-30 01:04:04', '2014-06-30 01:04:04'),
(254, 'Popust', 0, 50, 2, 135, '2014-06-30 01:04:04', '2014-06-30 01:04:04'),
(255, 'Doplata', 0, 20, 2, 135, '2014-06-30 01:04:04', '2014-06-30 01:04:04'),
(256, 'Smeštaj Adl', 0, 219, 3, 136, '2014-06-30 01:07:53', '2014-06-30 01:07:53'),
(257, 'Popust', 0, 40, 3, 136, '2014-06-30 01:07:53', '2014-06-30 01:07:53'),
(258, 'Smeštaj Adl', 0, 219, 2, 137, '2014-06-30 01:12:06', '2014-06-30 01:12:06'),
(259, 'Popust', 0, 50, 2, 137, '2014-06-30 01:12:06', '2014-06-30 01:12:06'),
(260, 'Doplata', 0, 20, 2, 137, '2014-06-30 01:12:06', '2014-06-30 01:12:06'),
(261, 'Smeštaj Adl', 0, 219, 3, 138, '2014-06-30 01:17:27', '2014-06-30 01:17:27'),
(262, 'Popust', 0, 50, 3, 138, '2014-06-30 01:17:27', '2014-06-30 01:17:27'),
(263, 'Smeštaj Adl', 0, 219, 2, 139, '2014-06-30 01:21:31', '2014-06-30 01:21:31'),
(264, 'Popust', 0, 50, 2, 139, '2014-06-30 01:21:31', '2014-06-30 01:21:31'),
(265, 'Doplata', 0, 20, 2, 139, '2014-06-30 01:21:31', '2014-06-30 01:21:31'),
(266, 'Smeštaj Adl', 0, 219, 2, 140, '2014-06-30 01:26:10', '2014-06-30 01:26:10'),
(267, 'Popust', 0, 50, 2, 140, '2014-06-30 01:26:10', '2014-06-30 01:26:10'),
(268, 'Doplata', 0, 20, 2, 140, '2014-06-30 01:26:10', '2014-06-30 01:26:10'),
(269, 'Smeštaj Adl', 0, 219, 3, 141, '2014-06-30 01:30:33', '2014-06-30 01:30:33'),
(270, 'Smeštaj Chld', 0, 0, 1, 141, '2014-06-30 01:30:33', '2014-06-30 01:30:33'),
(271, 'Prevoz Adl', 0, 0, 1, 141, '2014-06-30 01:30:33', '2014-06-30 01:30:33'),
(272, 'Prevoz Chld', 0, 0, 1, 141, '2014-06-30 01:30:33', '2014-06-30 01:30:33'),
(273, 'Popust', 0, 20, 3, 141, '2014-06-30 01:30:33', '2014-06-30 01:30:33'),
(274, 'Doplata PP', 0, 45, 3, 141, '2014-06-30 01:30:33', '2014-06-30 01:30:33'),
(275, 'Smeštaj Adl', 0, 219, 3, 142, '2014-06-30 01:35:48', '2014-06-30 01:35:48'),
(276, 'Popust', 0, 20, 3, 142, '2014-06-30 01:35:48', '2014-06-30 01:35:48'),
(277, 'Smeštaj Adl', 0, 219, 3, 143, '2014-06-30 01:41:26', '2014-06-30 01:41:26'),
(278, 'Popust', 0, 50, 3, 143, '2014-06-30 01:41:26', '2014-06-30 01:41:26'),
(279, 'Smeštaj Adl', 0, 219, 3, 144, '2014-06-30 01:46:41', '2014-06-30 01:46:41'),
(280, 'Popust', 0, 50, 3, 144, '2014-06-30 01:46:41', '2014-06-30 01:46:41'),
(281, 'Smeštaj Adl', 0, 249, 3, 145, '2014-06-30 01:51:23', '2014-06-30 01:51:23'),
(282, 'Popust', 0, 50, 3, 145, '2014-06-30 01:51:23', '2014-06-30 01:51:23'),
(283, 'Smeštaj Adl', 0, 219, 3, 146, '2014-06-30 01:55:28', '2014-06-30 01:55:28'),
(284, 'Popust', 0, 50, 3, 146, '2014-06-30 01:55:28', '2014-06-30 01:55:28'),
(285, 'Smeštaj Adl', 0, 219, 2, 147, '2014-06-30 01:59:22', '2014-06-30 01:59:22'),
(286, 'Popust', 0, 50, 2, 147, '2014-06-30 01:59:22', '2014-06-30 01:59:22'),
(287, 'Doplata', 0, 20, 2, 147, '2014-06-30 01:59:22', '2014-06-30 01:59:22'),
(288, 'Smeštaj Adl', 0, 219, 2, 148, '2014-06-30 02:03:48', '2014-06-30 02:03:48'),
(289, 'Popust', 0, 50, 2, 148, '2014-06-30 02:03:48', '2014-06-30 02:03:48'),
(290, 'Doplata', 0, 20, 2, 148, '2014-06-30 02:03:48', '2014-06-30 02:03:48'),
(294, 'Smeštaj Adl', 0, 219, 4, 150, '2014-07-01 20:33:46', '2014-07-01 20:33:46'),
(295, 'Popust', 0, 20, 4, 150, '2014-07-01 20:33:46', '2014-07-01 20:33:46'),
(296, 'Smeštaj Adl', 0, 219, 3, 151, '2014-07-01 20:58:22', '2014-07-01 20:58:22'),
(297, 'Popust', 0, 50, 3, 151, '2014-07-01 20:58:22', '2014-07-01 20:58:22'),
(298, 'Smeštaj Adl', 0, 229, 2, 152, '2014-07-01 20:58:30', '2014-07-01 20:58:30'),
(299, 'Popust', 0, 20, 2, 152, '2014-07-01 20:58:30', '2014-07-01 20:58:30'),
(300, 'Smeštaj Adl', 0, 229, 2, 153, '2014-07-01 21:07:31', '2014-07-01 21:07:31'),
(301, 'Popust', 0, 20, 2, 153, '2014-07-01 21:07:31', '2014-07-01 21:07:31'),
(302, 'Smeštaj Adl', 0, 249, 4, 154, '2014-07-01 21:08:08', '2014-07-01 21:25:26'),
(303, 'Popust', 0, 50, 4, 154, '2014-07-01 21:08:08', '2014-07-01 21:25:26'),
(304, 'Smeštaj Adl', 0, 239, 2, 155, '2014-07-01 21:16:44', '2014-07-01 21:16:44'),
(305, 'Popust', 0, 20, 2, 155, '2014-07-01 21:16:44', '2014-07-01 21:16:44'),
(306, 'Popust 1', 0, -10, 2, 155, '2014-07-01 21:16:44', '2014-07-01 21:16:44'),
(307, 'Smeštaj Adl', 0, 205, 3, 156, '2014-07-01 21:24:54', '2014-07-01 21:24:54'),
(308, 'Popust', 0, 50, 3, 156, '2014-07-01 21:24:54', '2014-07-01 21:24:54'),
(309, 'Smeštaj Adl', 0, 239, 2, 157, '2014-07-01 21:31:34', '2014-07-01 21:31:34'),
(310, 'Popust', 0, 20, 2, 157, '2014-07-01 21:31:34', '2014-07-01 21:31:34'),
(311, 'Popust 1', 0, -10, 2, 157, '2014-07-01 21:31:34', '2014-07-01 21:31:34'),
(312, 'Smeštaj Adl', 0, 259, 4, 159, '2014-07-01 21:40:50', '2014-07-01 21:40:50'),
(313, 'Popust', 0, 40, 4, 159, '2014-07-01 21:40:50', '2014-07-01 21:40:50'),
(314, 'Smeštaj Adl', 0, 249, 4, 160, '2014-07-01 21:47:04', '2014-07-01 21:47:04'),
(315, 'Popust', 0, 40, 4, 160, '2014-07-01 21:47:04', '2014-07-01 21:47:04'),
(316, 'Smeštaj Adl', 0, 219, 4, 161, '2014-07-01 21:55:58', '2014-07-01 21:55:58'),
(317, 'Popust', 0, 50, 4, 161, '2014-07-01 21:55:58', '2014-07-01 21:55:58'),
(318, 'Smeštaj Adl', 0, 245, 2, 162, '2014-07-01 22:04:29', '2014-07-01 22:04:29'),
(319, 'Popust', 0, 50, 2, 162, '2014-07-01 22:04:29', '2014-07-01 22:04:29'),
(320, 'Smeštaj Adl', 0, 219, 4, 163, '2014-07-01 22:13:12', '2014-07-01 22:13:12'),
(321, 'Popust', 0, 50, 3, 163, '2014-07-01 22:13:12', '2014-07-01 22:13:12'),
(322, 'Popust', 0, 20, 1, 163, '2014-07-01 22:13:12', '2014-07-01 22:13:12'),
(323, 'Smeštaj Adl', 0, 219, 4, 164, '2014-07-01 22:21:27', '2014-07-01 22:21:27'),
(324, 'Popust', 0, 50, 4, 164, '2014-07-01 22:21:27', '2014-07-01 22:21:27'),
(325, 'Smeštaj Adl', 0, 209, 3, 165, '2014-07-01 22:29:57', '2014-07-01 22:29:57'),
(326, 'Popust', 0, 50, 3, 165, '2014-07-01 22:29:57', '2014-07-01 22:29:57'),
(327, 'Smeštaj Adl', 0, 219, 4, 166, '2014-07-01 22:37:51', '2014-07-01 22:37:51'),
(328, 'Popust', 0, 50, 4, 166, '2014-07-01 22:37:51', '2014-07-01 22:37:51'),
(329, 'Smeštaj Adl', 0, 219, 4, 167, '2014-07-01 22:44:38', '2014-07-01 22:44:38'),
(330, 'Popust', 0, 50, 4, 167, '2014-07-01 22:44:38', '2014-07-01 22:44:38'),
(331, 'Smeštaj Adl', 0, 245, 2, 168, '2014-07-01 22:48:29', '2014-07-01 22:48:29'),
(332, 'Popust', 0, 50, 2, 168, '2014-07-01 22:48:29', '2014-07-01 22:48:29'),
(333, 'Smeštaj Adl', 0, 205, 3, 169, '2014-07-01 22:53:31', '2014-07-01 22:53:31'),
(334, 'Popust', 0, 50, 3, 169, '2014-07-01 22:53:31', '2014-07-01 22:53:31'),
(335, 'Smeštaj Adl', 0, 205, 3, 170, '2014-07-01 22:58:37', '2014-07-01 22:58:37'),
(336, 'Popust', 0, 50, 3, 170, '2014-07-01 22:58:37', '2014-07-01 22:58:37'),
(337, 'Smeštaj Adl', 0, 205, 3, 171, '2014-07-01 23:05:15', '2014-07-01 23:05:15'),
(338, 'Popust', 0, 50, 3, 171, '2014-07-01 23:05:15', '2014-07-01 23:05:15'),
(339, 'Smeštaj Adl', 0, 205, 3, 172, '2014-07-01 23:11:13', '2014-07-01 23:11:13'),
(340, 'Popust', 0, 202.5, 1, 172, '2014-07-01 23:11:13', '2014-07-01 23:11:13'),
(341, 'Smeštaj Adl', 0, 229, 3, 173, '2014-07-01 23:15:54', '2014-07-01 23:15:54'),
(342, 'Popust', 0, 40, 3, 173, '2014-07-01 23:15:54', '2014-07-01 23:15:54'),
(343, 'Smeštaj Adl', 0, 205, 3, 174, '2014-07-01 23:21:04', '2014-07-01 23:21:04'),
(344, 'Popust', 0, 50, 3, 174, '2014-07-01 23:21:04', '2014-07-01 23:21:04'),
(345, 'Smeštaj Adl', 0, 209, 2, 175, '2014-07-01 23:24:06', '2014-07-01 23:24:06'),
(346, 'Smeštaj Chld', 0, 0, 1, 175, '2014-07-01 23:24:06', '2014-07-01 23:24:06'),
(347, 'Prevoz Adl', 0, 0, 1, 175, '2014-07-01 23:24:06', '2014-07-01 23:24:06'),
(348, 'Prevoz Chld', 0, 0, 1, 175, '2014-07-01 23:24:06', '2014-07-01 23:24:06'),
(349, 'Popust', 0, 0, 1, 175, '2014-07-01 23:24:06', '2014-07-01 23:24:06'),
(350, 'Doplata', 0, 0, 1, 175, '2014-07-01 23:24:06', '2014-07-01 23:24:06'),
(351, 'Smeštaj Adl', 0, 205, 3, 176, '2014-07-01 23:30:20', '2014-07-01 23:30:20'),
(352, 'Popust', 0, 50, 3, 176, '2014-07-01 23:30:20', '2014-07-01 23:30:20'),
(353, 'Smeštaj Adl', 0, 245, 2, 177, '2014-07-01 23:33:49', '2014-07-01 23:33:49'),
(354, 'Popust', 0, 50, 2, 177, '2014-07-01 23:33:49', '2014-07-01 23:33:49'),
(355, 'Smeštaj Adl', 0, 239, 2, 178, '2014-07-05 21:46:42', '2014-07-05 21:46:42'),
(356, 'Popust', 0, 239, 1, 178, '2014-07-05 21:46:42', '2014-07-05 21:46:42'),
(357, 'Smeštaj Adl', 0, 199, 4, 179, '2014-07-05 21:54:42', '2014-07-05 21:54:42'),
(358, 'Popust', 0, 50, 4, 179, '2014-07-05 21:54:42', '2014-07-05 21:54:42'),
(359, 'Smeštaj Adl', 0, 199, 3, 180, '2014-07-05 22:00:20', '2014-07-05 22:00:20'),
(360, 'Popust', 0, 50, 3, 180, '2014-07-05 22:00:20', '2014-07-05 22:00:20'),
(361, 'Smeštaj Adl', 0, 199, 3, 181, '2014-07-05 22:05:59', '2014-07-05 22:05:59'),
(362, 'Popust', 0, 50, 3, 181, '2014-07-05 22:05:59', '2014-07-05 22:05:59'),
(363, 'Smeštaj Adl', 0, 259, 2, 182, '2014-07-05 22:10:51', '2014-07-05 22:10:51'),
(364, 'Popust', 0, 50, 2, 182, '2014-07-05 22:10:51', '2014-07-05 22:10:51'),
(365, 'Doplata', 0, 20, 2, 182, '2014-07-05 22:10:51', '2014-07-05 22:10:51'),
(366, 'Smeštaj Adl', 0, 259, 4, 183, '2014-07-05 22:17:58', '2014-07-05 22:17:58'),
(367, 'Popust', 0, 50, 4, 183, '2014-07-05 22:17:58', '2014-07-05 22:17:58'),
(368, 'Smeštaj Adl', 0, 259, 3, 184, '2014-07-06 12:29:08', '2014-07-06 12:29:08'),
(369, 'Popust', 0, 50, 3, 184, '2014-07-06 12:29:08', '2014-07-06 12:29:08'),
(370, 'Smeštaj Adl', 0, 259, 2, 185, '2014-07-06 12:44:56', '2014-07-06 12:44:56'),
(371, 'Popust', 0, 50, 2, 185, '2014-07-06 12:44:56', '2014-07-06 12:44:56'),
(372, 'Doplata', 0, 20, 2, 185, '2014-07-06 12:44:56', '2014-07-06 12:44:56'),
(373, 'Smeštaj Adl', 0, 259, 3, 186, '2014-07-06 12:50:13', '2014-07-06 12:50:13'),
(374, 'Popust', 0, 50, 3, 186, '2014-07-06 12:50:13', '2014-07-06 12:50:13'),
(375, 'Smeštaj Adl', 0, 259, 3, 187, '2014-07-06 12:54:50', '2014-07-06 12:54:50'),
(376, 'Popust', 0, 50, 3, 187, '2014-07-06 12:54:50', '2014-07-06 12:54:50'),
(383, 'Smeštaj Adl', 0, 199, 3, 190, '2014-07-06 13:01:20', '2014-07-06 13:01:20'),
(384, 'Smeštaj Chld', 0, 0, 1, 190, '2014-07-06 13:01:20', '2014-07-06 13:01:20'),
(385, 'Prevoz Adl', 0, 0, 1, 190, '2014-07-06 13:01:20', '2014-07-06 13:01:20'),
(386, 'Prevoz Chld', 0, 0, 1, 190, '2014-07-06 13:01:20', '2014-07-06 13:01:20'),
(387, 'Popust', 0, 50, 3, 190, '2014-07-06 13:01:20', '2014-07-06 13:01:20'),
(388, 'Doplata', 0, 0, 1, 190, '2014-07-06 13:01:20', '2014-07-06 13:01:20'),
(389, 'Smeštaj Adl', 0, 199, 3, 191, '2014-07-06 13:04:16', '2014-07-06 13:07:51'),
(390, 'Popust', 0, 50, 3, 191, '2014-07-06 13:04:16', '2014-07-06 13:07:51'),
(391, 'Smeštaj Adl', 0, 259, 3, 192, '2014-07-06 13:13:01', '2014-07-06 13:13:01'),
(392, 'Popust', 0, 50, 3, 192, '2014-07-06 13:13:01', '2014-07-06 13:13:01'),
(393, 'Smeštaj Adl', 0, 259, 3, 193, '2014-07-06 13:17:59', '2014-07-06 13:17:59'),
(394, 'Popust', 0, 50, 3, 193, '2014-07-06 13:17:59', '2014-07-06 13:17:59'),
(395, 'Smeštaj Adl', 0, 259, 5, 194, '2014-07-06 13:26:03', '2014-07-06 13:26:03'),
(396, 'Popust 2', 0, 40, 1, 194, '2014-07-06 13:26:03', '2014-07-06 13:26:03'),
(397, 'Popust 1', 0, 50, 4, 194, '2014-07-06 13:26:03', '2014-07-06 13:26:03'),
(398, 'Doplata', 0, 20, 2, 194, '2014-07-06 13:26:03', '2014-07-06 13:26:03'),
(399, 'Smeštaj Adl', 0, 259, 2, 195, '2014-07-06 13:34:44', '2014-07-06 13:34:44'),
(400, 'Popust', 0, 50, 2, 195, '2014-07-06 13:34:44', '2014-07-06 13:34:44'),
(401, 'Doplata', 0, 20, 2, 195, '2014-07-06 13:34:44', '2014-07-06 13:34:44'),
(402, 'Smeštaj Adl', 0, 259, 4, 196, '2014-07-06 13:43:25', '2014-07-06 13:43:25'),
(403, 'Popust', 0, 50, 4, 196, '2014-07-06 13:43:25', '2014-07-06 13:43:25'),
(404, 'Smeštaj Adl', 0, 259, 4, 197, '2014-07-06 13:47:36', '2014-07-06 13:47:36'),
(405, 'Popust', 0, 40, 4, 197, '2014-07-06 13:47:36', '2014-07-06 13:47:36'),
(406, 'Smeštaj Adl', 0, 259, 2, 198, '2014-07-06 13:52:50', '2014-09-14 18:25:16'),
(407, 'Popust', 0, 50, 2, 198, '2014-07-06 13:52:50', '2014-09-14 18:25:16'),
(408, 'Doplata', 0, 20, 2, 198, '2014-07-06 13:52:50', '2014-09-14 18:25:16'),
(409, 'Smeštaj Adl', 0, 235, 2, 199, '2014-07-06 17:55:32', '2014-09-14 18:28:40'),
(410, 'Smeštaj Adl', 0, 140, 2, 200, '2014-07-06 18:00:04', '2014-07-06 18:00:04'),
(411, 'Smeštaj Adl', 0, 169, 2, 201, '2014-07-06 18:06:00', '2014-07-06 18:06:00'),
(412, 'Prevoz Adl', 3500, 0, 2, 201, '2014-07-06 18:06:00', '2014-07-06 18:06:00'),
(413, 'Trajekt', 0, 20, 2, 201, '2014-07-06 18:06:00', '2014-07-06 18:06:00'),
(414, 'Smeštaj Adl', 0, 105, 2, 202, '2014-07-06 18:09:33', '2014-07-06 18:09:33'),
(415, 'Prevoz Adl', 0, 35, 2, 202, '2014-07-06 18:09:33', '2014-07-06 18:09:33'),
(416, 'Smeštaj Adl', 0, 299, 2, 203, '2014-07-06 18:19:37', '2014-07-06 18:19:37'),
(417, 'Doplata', 0, 30, 2, 203, '2014-07-06 18:19:37', '2014-07-06 18:19:37'),
(418, 'Smeštaj Adl', 0, 475, 1, 204, '2014-07-06 18:29:22', '2014-07-06 18:29:22'),
(419, 'Popust', 0, 40, 1, 204, '2014-07-06 18:29:22', '2014-07-06 18:29:22'),
(420, 'Smeštaj Adl', 0, 569, 2, 205, '2014-07-06 18:34:23', '2014-09-14 22:23:49'),
(421, 'Popust', 0, 50, 1, 205, '2014-07-06 18:34:23', '2014-09-14 22:23:49'),
(422, 'Aero taxe', 0, 32, 2, 205, '2014-07-06 18:34:23', '2014-09-14 22:23:49'),
(423, 'YQ taxe', 0, 29, 2, 205, '2014-07-06 18:34:23', '2014-09-14 22:23:49'),
(424, 'Smeštaj Adl', 0, 1120, 1, 206, '2014-07-06 18:39:57', '2014-07-06 18:39:57'),
(425, 'Popust', 0, 56, 1, 206, '2014-07-06 18:39:57', '2014-07-06 18:39:57'),
(426, 'Smeštaj Adl', 0, 195, 2, 207, '2014-07-06 18:44:05', '2014-07-06 18:44:05'),
(427, 'Smeštaj Adl', 0, 189, 3, 208, '2014-07-06 18:49:49', '2014-07-06 18:49:49'),
(428, 'Smeštaj AdL', 0, 151.2, 1, 208, '2014-07-06 18:49:49', '2014-07-06 18:49:49'),
(429, 'Smeštaj Adl', 0, 195, 2, 209, '2014-07-06 18:53:11', '2014-07-06 18:53:11'),
(430, 'Smeštaj Adl', 0, 195, 2, 210, '2014-07-06 18:55:42', '2014-07-06 18:55:42'),
(431, 'Smeštaj Adl', 0, 220, 2, 211, '2014-07-06 18:59:56', '2014-07-06 18:59:56'),
(432, 'Popust', 0, 10, 2, 211, '2014-07-06 18:59:56', '2014-07-06 18:59:56'),
(433, 'Doplata', 0, 10, 2, 211, '2014-07-06 18:59:56', '2014-07-06 18:59:56'),
(434, 'Smeštaj Adl', 0, 419, 1, 212, '2014-07-08 18:53:43', '2014-07-08 18:53:43'),
(435, 'Doplata', 0, 89, 1, 212, '2014-07-08 18:53:43', '2014-07-08 18:53:43'),
(436, 'Smeštaj Adl', 0, 69, 1, 228, '2014-07-21 20:45:38', '2014-07-21 20:45:38'),
(459, 'Smeštaj Adl', 0, 115, 2, 247, '2014-07-22 16:55:17', '2014-09-14 11:06:21'),
(460, 'Smeštaj Adl', 0, 165, 1, 248, '2014-09-14 22:27:06', '2014-09-14 22:27:06'),
(462, 'Smeštaj Adl', 0, 69, 2, 253, '2014-09-17 20:59:40', '2014-09-17 20:59:40'),
(482, 'Smeštaj Adl', 0, 69, 2, 265, '2014-09-17 21:17:45', '2014-09-18 00:27:08');

-- --------------------------------------------------------

--
-- Table structure for table `travel_deals`
--

CREATE TABLE IF NOT EXISTS `travel_deals` (
  `id` int(11) NOT NULL AUTO_INCREMENT,
  `category_id` int(11) NOT NULL,
  `organizer_id` int(9) NOT NULL,
  `destination_id` int(11) NOT NULL,
  `transportation` varchar(30) COLLATE utf8_unicode_ci DEFAULT NULL,
  `service` varchar(20) COLLATE utf8_unicode_ci NOT NULL,
  `price_din` decimal(11,2) DEFAULT NULL,
  `price_eur` decimal(11,2) DEFAULT NULL,
  `created_at` datetime NOT NULL,
  `updated_at` datetime NOT NULL,
  `accomodation_unit_id` int(11) DEFAULT NULL,
  PRIMARY KEY (`id`),
  KEY `travel_deal_cat_id_ind` (`category_id`),
  KEY `travel_deal_org_id_ind` (`organizer_id`),
  KEY `travel_deal_dest_id_ind` (`destination_id`),
  KEY `accomodation_unit_id` (`accomodation_unit_id`)
) ENGINE=InnoDB  DEFAULT CHARSET=utf8 COLLATE=utf8_unicode_ci AUTO_INCREMENT=131 ;

--
-- Dumping data for table `travel_deals`
--

INSERT INTO `travel_deals` (`id`, `category_id`, `organizer_id`, `destination_id`, `transportation`, `service`, `price_din`, `price_eur`, `created_at`, `updated_at`, `accomodation_unit_id`) VALUES
(21, 15, 101031973, 27, 'Bus Niš', 'NA', '0.00', '115.00', '2014-05-30 13:09:06', '2014-05-30 13:09:06', 37),
(22, 19, 103721228, 25, 'Bus Nis', 'NA', '0.00', '129.00', '2014-05-30 14:24:10', '2014-05-31 20:38:36', 34),
(24, 21, 103721228, 25, 'Bus Beograd', 'NA', '0.00', '189.00', '2014-05-30 22:45:21', '2014-05-30 22:45:21', 38),
(26, 15, 101031973, 28, 'Bus Niš', 'NA', '0.00', '69.00', '2014-05-30 23:36:33', '2014-05-31 20:59:51', 39),
(27, 15, 101208890, 29, 'bus Niš', 'NA', '0.00', '80.00', '2014-06-01 20:08:23', '2014-06-01 20:08:23', 40),
(30, 23, 104945185, 30, 'bus', 'NA', '0.00', '49.00', '2014-06-01 20:38:20', '2014-06-01 20:38:20', 41),
(31, 23, 104945185, 30, 'bus Leskovac', 'NA', '0.00', '49.00', '2014-06-01 20:51:11', '2014-06-01 20:51:11', 42),
(32, 23, 101175477, 31, '', 'ND', '0.00', '145.00', '2014-06-01 21:08:16', '2014-06-01 21:08:16', 43),
(33, 23, 104945185, 31, 'bus Niš', 'ND', '0.00', '129.00', '2014-06-01 21:24:42', '2014-06-01 21:24:42', 43),
(34, 23, 107098366, 32, 'bus Niš', 'ND', '0.00', '109.00', '2014-06-01 21:38:47', '2014-06-01 21:38:47', 44),
(35, 23, 104945185, 33, 'bus Niš', 'ND', '0.00', '69.00', '2014-06-01 21:47:36', '2014-06-01 21:47:36', 45),
(36, 24, 103721228, 21, 'bus Niš', 'NA', '0.00', '35.00', '2014-06-01 22:02:34', '2014-06-01 22:02:34', 46),
(37, 23, 104945185, 31, 'bus Niš', 'ND', '0.00', '129.00', '2014-06-01 22:10:50', '2014-06-01 22:10:50', 43),
(38, 23, 101175477, 34, 'bus Niš', 'ND', '0.00', '209.00', '2014-06-01 22:23:10', '2014-06-01 22:23:10', 47),
(39, 23, 104952939, 35, 'bus Niš', 'ND', '0.00', '89.00', '2014-06-01 22:30:01', '2014-06-01 22:30:01', 48),
(40, 24, 103721228, 21, 'Sopstveni', 'NA', '0.00', '45.00', '2014-06-01 22:41:38', '2014-06-01 22:41:38', 49),
(43, 25, 104945185, 36, 'bus Niš', 'prevoz', '0.00', '22.99', '2014-06-01 22:58:14', '2014-06-01 22:58:14', 53),
(44, 23, 103225917, 35, 'Bus Beograd', 'ND', '0.00', '89.00', '2014-06-01 23:12:01', '2014-06-01 23:12:01', 48),
(45, 23, 104229626, 37, 'Bus Beograd', 'ND', '0.00', '289.00', '2014-06-01 23:32:00', '2014-06-01 23:32:00', 54),
(46, 26, 106627548, 38, 'Sopstveni', 'PP', '0.00', '160.00', '2014-06-01 23:50:04', '2014-06-01 23:50:04', 56),
(47, 26, 105424321, 38, 'Sopstveni', 'HB', '0.00', '150.00', '2014-06-02 00:02:16', '2014-06-02 00:02:16', 57),
(48, 27, 107098366, 35, 'bus Niš', 'ND', '0.00', '89.00', '2014-06-02 00:10:36', '2014-06-02 00:10:36', 48),
(49, 27, 100247919, 35, 'Bus Beograd', 'BB', '0.00', '89.00', '2014-06-02 00:17:48', '2014-06-02 00:17:48', 48),
(50, 27, 107947473, 39, 'Sopstveni', 'ND', '6000.00', '0.00', '2014-06-02 00:24:44', '2014-06-02 00:24:44', 58),
(52, 28, 104945185, 35, 'bus Niš', 'ND', '0.00', '79.00', '2014-06-02 00:34:50', '2014-06-02 00:34:50', 48),
(53, 28, 104945185, 40, 'bus Niš', 'BB', '0.00', '49.00', '2014-06-02 07:23:32', '2014-06-02 07:23:32', 59),
(54, 28, 135436457, 33, 'bus Niš', 'ND', '0.00', '49.00', '2014-06-02 07:32:21', '2014-06-02 07:32:21', 60),
(55, 23, 104952939, 35, 'Bus Beograd', 'ND', '0.00', '89.00', '2014-06-02 07:43:10', '2014-06-02 07:43:10', 61),
(56, 16, 104587418, 42, 'Avio Beograd', 'PP', '0.00', '1059.00', '2014-06-02 07:54:11', '2014-06-02 07:54:11', 62),
(57, 16, 105121841, 31, 'Bus Beograd', 'ND', '0.00', '119.00', '2014-06-02 08:06:34', '2014-06-02 08:06:34', 63),
(58, 16, 103225917, 31, 'bus Niš', 'ND', '0.00', '139.00', '2014-06-02 08:13:25', '2014-06-02 08:13:25', 65),
(59, 15, 104229626, 44, 'SOPSTVENI', 'NA', '3500.00', '135.00', '2014-06-11 18:56:05', '2014-06-11 18:56:05', 67),
(66, 29, 103721228, 26, 'BUS', 'ND', '0.00', '199.00', '2014-06-13 21:39:49', '2014-06-13 21:39:49', 69),
(67, 29, 103721228, 26, 'BUS', 'ND', '0.00', '199.00', '2014-06-15 20:15:28', '2014-06-15 20:15:28', 70),
(69, 29, 103721228, 26, 'BUS', 'ND', '0.00', '199.00', '2014-06-15 20:26:04', '2014-06-15 20:26:04', 69),
(70, 15, 107502133, 45, 'AVIO - BEOGRAD', 'ALL INCLUSIVE', '0.00', '373.00', '2014-06-18 16:51:58', '2014-06-18 16:51:58', 71),
(71, 15, 104233719, 27, 'bus Niš', 'NA', '0.00', '99.00', '2014-06-18 17:06:57', '2014-06-18 17:06:57', 72),
(72, 15, 104229626, 44, 'bus Niš', 'NA', '0.00', '115.00', '2014-06-18 17:21:35', '2014-06-18 17:21:35', 73),
(73, 15, 106627548, 46, 'SOPSTVENI', 'PP', '0.00', '163.00', '2014-06-18 21:48:42', '2014-06-18 21:48:42', 74),
(74, 15, 104229626, 26, 'bus Niš', 'ND', '3500.00', '239.00', '2014-06-19 22:21:01', '2014-06-19 22:21:01', 75),
(75, 15, 105504900, 47, 'bus Niš', 'NA', '0.00', '215.00', '2014-06-21 10:42:45', '2014-06-21 10:42:45', 76),
(76, 15, 105504900, 47, 'bus Niš', 'NA', '0.00', '165.00', '2014-06-21 10:57:49', '2014-06-21 10:57:49', 77),
(81, 15, 108166962, 27, 'bus Niš', 'NA', '0.00', '165.00', '2014-06-21 17:10:40', '2014-06-21 17:10:40', 78),
(83, 15, 107947473, 48, 'Bus Nis', 'NA', '16000.00', '80.00', '2014-06-21 17:39:14', '2014-06-21 17:39:14', 80),
(84, 29, 103721228, 26, 'bus Niš', 'PP', '0.00', '249.00', '2014-06-29 23:31:39', '2014-06-29 23:31:39', 81),
(85, 29, 103721228, 26, 'bus Niš', 'PP', '0.00', '249.00', '2014-06-30 00:14:47', '2014-06-30 00:14:47', 82),
(86, 29, 103721228, 22, 'Bus Nis', 'NA', '0.00', '219.00', '2014-07-01 20:21:02', '2014-07-01 20:21:02', 83),
(87, 29, 103721228, 49, 'bus Niš', 'NA', '0.00', '219.00', '2014-07-01 20:42:55', '2014-07-01 20:42:55', 84),
(88, 29, 103721228, 49, 'BUS NIŠ', 'NA', '0.00', '229.00', '2014-07-01 20:51:07', '2014-07-01 20:51:07', 85),
(89, 29, 103721228, 49, 'bus Niš', 'NA', '0.00', '249.00', '2014-07-01 21:01:24', '2014-07-01 21:01:24', 87),
(94, 29, 103721228, 49, 'BUS NIŠ', 'NA', '0.00', '229.00', '2014-07-01 21:04:06', '2014-07-01 21:04:06', 88),
(95, 29, 103721228, 49, 'BUS NIŠ', 'NA', '0.00', '239.00', '2014-07-01 21:10:44', '2014-07-01 21:10:44', 89),
(96, 29, 103721228, 49, 'bus Niš', 'NA', '0.00', '239.00', '2014-07-01 21:10:48', '2014-07-01 21:10:48', 90),
(97, 29, 103721228, 49, 'SOPSTVENI', 'NA', '0.00', '205.00', '2014-07-01 21:21:48', '2014-07-01 21:21:48', 91),
(98, 29, 103721228, 49, 'bus Niš', 'NA', '0.00', '259.00', '2014-07-01 21:33:49', '2014-07-01 21:33:49', 92),
(99, 29, 103721228, 22, 'bus Niš', 'NA', '0.00', '219.00', '2014-07-01 21:50:12', '2014-07-01 21:50:12', 93),
(100, 29, 103721228, 49, 'bus Niš', 'NA', '0.00', '245.00', '2014-07-01 22:01:25', '2014-07-01 22:01:25', 94),
(101, 29, 103721228, 22, 'bus Niš', 'NA', '0.00', '209.00', '2014-07-01 22:25:32', '2014-07-01 22:25:32', 95),
(102, 29, 103721228, 50, 'bus Niš', 'NA', '0.00', '239.00', '2014-07-05 21:43:01', '2014-07-05 21:43:01', 96),
(103, 29, 103721228, 51, 'bus Niš', 'NA', '0.00', '199.00', '2014-07-05 21:49:40', '2014-07-05 21:49:40', 97),
(104, 29, 103721228, 24, 'bus Niš', 'NA', '0.00', '199.00', '2014-07-05 21:56:35', '2014-07-05 21:56:35', 98),
(105, 29, 103721228, 24, 'bus Niš', 'NA', '0.00', '199.00', '2014-07-05 22:02:26', '2014-07-05 22:02:26', 99),
(106, 29, 103721228, 50, 'bus Niš', 'NA', '0.00', '259.00', '2014-07-05 22:07:56', '2014-07-05 22:07:56', 100),
(107, 29, 103721228, 50, 'bus Niš', 'NA', '0.00', '259.00', '2014-07-05 22:12:22', '2014-07-05 22:12:22', 101),
(108, 29, 103721228, 50, 'bus Niš', 'NA', '0.00', '259.00', '2014-07-06 12:25:21', '2014-07-06 12:25:21', 102),
(109, 15, 103721228, 50, 'bus Niš', 'NA', '0.00', '259.00', '2014-07-06 12:41:57', '2014-07-06 12:41:57', 104),
(110, 29, 103721228, 50, 'bus Niš', 'NA', '0.00', '259.00', '2014-07-06 12:46:57', '2014-07-06 12:46:57', 105),
(111, 29, 103721228, 24, 'bus Niš', 'NA', '0.00', '199.00', '2014-07-06 12:56:40', '2014-07-06 12:56:40', 106),
(112, 29, 103721228, 50, 'bus Niš', 'NA', '0.00', '259.00', '2014-07-06 13:15:30', '2014-07-06 13:15:30', 107),
(113, 29, 103721228, 50, 'bus Niš', 'NA', '0.00', '259.00', '2014-07-06 13:20:17', '2014-07-06 13:20:17', 108),
(114, 29, 103721228, 50, 'bus Niš', 'NA', '0.00', '259.00', '2014-07-06 13:39:37', '2014-07-06 13:39:37', 109),
(115, 29, 103721228, 50, 'bus Niš', 'NA', '0.00', '259.00', '2014-07-06 13:50:12', '2014-07-06 13:50:12', 111),
(116, 15, 101031973, 26, 'bus Niš', 'PP', '0.00', '235.00', '2014-07-06 17:53:01', '2014-07-06 17:53:01', 112),
(117, 15, 108166962, 52, 'bus Niš', 'NA', '0.00', '140.00', '2014-07-06 17:57:19', '2014-07-06 17:57:19', 113),
(120, 15, 104229626, 53, 'bus Niš', 'NA', '0.00', '169.00', '2014-07-06 18:02:08', '2014-07-06 18:02:08', 114),
(121, 15, 104233719, 54, 'bus Niš', 'NA', '0.00', '105.00', '2014-07-06 18:07:35', '2014-07-06 18:07:35', 115),
(122, 15, 106603127, 55, 'bus Niš', 'NA', '0.00', '299.00', '2014-07-06 18:17:23', '2014-07-06 18:17:23', 116),
(123, 15, 100526441, 56, 'SOPSTVENI', 'NA', '0.00', '475.00', '2014-07-06 18:22:59', '2014-07-06 18:22:59', 117),
(124, 15, 104518987, 57, 'AVIO', 'ALL', '0.00', '569.00', '2014-07-06 18:31:23', '2014-07-06 18:31:23', 118),
(125, 15, 106627548, 58, 'SOPSTVENI', 'FB', '0.00', '1120.00', '2014-07-06 18:36:18', '2014-07-06 18:36:18', 119),
(126, 22, 101208890, 29, 'bus Niš', 'NA', '0.00', '195.00', '2014-07-06 18:41:56', '2014-07-06 18:41:56', 120),
(127, 15, 101208890, 22, 'bus Niš', 'NA', '0.00', '189.00', '2014-07-06 18:45:34', '2014-07-06 18:45:34', 121),
(128, 15, 101208890, 22, 'bus Niš', 'NA', '0.00', '195.00', '2014-07-06 18:51:14', '2014-07-06 18:51:14', 120),
(129, 15, 108166962, 28, 'bus Niš', 'NA', '0.00', '220.00', '2014-07-06 18:57:11', '2014-07-06 18:57:11', 122),
(130, 15, 102776379, 59, 'AVIO BEOGRAD', 'PP', '0.00', '419.00', '2014-07-08 18:50:48', '2014-07-08 18:50:48', 123);

-- --------------------------------------------------------

--
-- Table structure for table `users`
--

CREATE TABLE IF NOT EXISTS `users` (
  `username` varchar(16) COLLATE utf8_unicode_ci NOT NULL,
  `password` varchar(128) COLLATE utf8_unicode_ci NOT NULL,
  `role_id` int(11) NOT NULL,
  `name` varchar(16) COLLATE utf8_unicode_ci NOT NULL,
  `surname` varchar(32) COLLATE utf8_unicode_ci NOT NULL,
  `email` varchar(30) COLLATE utf8_unicode_ci NOT NULL,
  `created_at` datetime NOT NULL,
  `updated_at` datetime NOT NULL,
  `remember_token` varchar(150) COLLATE utf8_unicode_ci NOT NULL,
  PRIMARY KEY (`username`),
  UNIQUE KEY `email` (`email`)
) ENGINE=InnoDB DEFAULT CHARSET=utf8 COLLATE=utf8_unicode_ci;

--
-- Dumping data for table `users`
--

INSERT INTO `users` (`username`, `password`, `role_id`, `name`, `surname`, `email`, `created_at`, `updated_at`, `remember_token`) VALUES
('andjelko', '$2y$10$OFPZkn5kMdMuciBU3wnSMe/..aMl3P60JV8FZBoe2bcMmEHZKVdl2', 1, 'Marko', 'Anđelković', 'andjelko85@gmail.com', '2014-05-20 10:20:55', '2014-06-06 12:48:15', 'M9hjxAOsGb1xvwDow20h3tAmfo0eXiF7nxHf7khJisBk8Mt6Lj2mD4GfR8Bd'),
('Anita', '$2y$10$6dblzOyGTEUGLr295IqAEeHklqrKaLB28TkDT9TM5zGxK/PGBB33e', 0, 'Anita', 'Spasic', 'anita7spasic@gmail.com', '2014-07-01 20:14:08', '2014-07-01 21:40:59', 'wrrnVBryIkT4tv5TSPSZiqeggMCKX1RSBQqNyzu3VBeyI6MNew1qI5th6Og0'),
('Kinez', '$2y$10$QbthuY1toB8UKiQ72H8.9OtUoYZaqyvws.0O.5/9XaVAKKXhXlVBO', 1, 'Milan', 'Miladinović', 'milan@clocktravel.rs', '2014-05-28 22:32:57', '2014-07-08 18:54:41', 'WX1iiNFUs3yI6otZ5HblhDbaUPzHCXuEwi0qtYZG6GBf3FvHFA43P4yfoGFL'),
('sanja', '$2y$10$HAlBz4NSD/1P.vKOgAwQe.SiZoHDk03KYv3SjTWR7tVgSX6tG7yTe', 1, 'Sanja', 'Bogdanovic-Dinic', 'sanjurak@gmail.com', '2014-05-21 11:59:37', '2014-06-17 14:41:25', 'e6hcqL3u0ep94wlZAWxU9ElUcdAP1EFzOKkcPpAgFiXKHz3KPXKdZrepgroG'),
('saska', '$2y$10$dOmz15QRvnanyIapESLI0Of2cz7aT4w6eoHt1Opd5rpsPMcC3W3H.', 0, 'Saška', 'Petrović', 'sasaska@hotmail.com', '2014-06-11 18:25:04', '2014-06-11 18:25:04', ''),
('zorana', '$2y$10$04L9mHAZ4c1Nn48vGtIVn.NpnkO.UyHi6z5X9UiY3CToWxZptROvW', 0, 'Zorana', 'Radović', 'zoranaradovic@hotmail.com', '2014-06-11 18:24:14', '2014-06-20 13:41:48', 'HSFIgHODhRSBzmswVpZc3TGC1K1grohB3njsaIrE8x0nI987200l8mQwaRk5');

--
-- Constraints for dumped tables
--

--
-- Constraints for table `accomodations`
--
ALTER TABLE `accomodations`
  ADD CONSTRAINT `accomodations_ibfk_1` FOREIGN KEY (`destination_id`) REFERENCES `destinations` (`id`);

--
-- Constraints for table `accomodation_units`
--
ALTER TABLE `accomodation_units`
  ADD CONSTRAINT `accidfk` FOREIGN KEY (`accommodations_id`) REFERENCES `accomodations` (`id`);

--
-- Constraints for table `excursion_payments`
--
ALTER TABLE `excursion_payments`
  ADD CONSTRAINT `exc_paym_rsrv_id` FOREIGN KEY (`reservation_id`) REFERENCES `reservations` (`id`),
  ADD CONSTRAINT `exc_paym_psg_id` FOREIGN KEY (`passanger_id`) REFERENCES `passanger` (`id`);

--
-- Constraints for table `passangers`
--
ALTER TABLE `passangers`
  ADD CONSTRAINT `passangers_ibfk_1` FOREIGN KEY (`reservation_id`) REFERENCES `reservations` (`id`),
  ADD CONSTRAINT `passangers_ibfk_2` FOREIGN KEY (`passanger_id`) REFERENCES `passanger` (`id`);

--
-- Constraints for table `passanger_excursions`
--
ALTER TABLE `passanger_excursions`
  ADD CONSTRAINT `excursion_id` FOREIGN KEY (`excursion_id`) REFERENCES `excursion` (`id`),
  ADD CONSTRAINT `psg_exc` FOREIGN KEY (`passangerId`) REFERENCES `passanger` (`id`),
  ADD CONSTRAINT `reservation_id` FOREIGN KEY (`reservationId`) REFERENCES `reservations` (`id`);

--
-- Constraints for table `passanger_prices`
--
ALTER TABLE `passanger_prices`
  ADD CONSTRAINT `pp_passanger_id_fk` FOREIGN KEY (`passanger_id`) REFERENCES `passanger` (`id`) ON DELETE NO ACTION ON UPDATE CASCADE,
  ADD CONSTRAINT `pp_reservation_id_fk` FOREIGN KEY (`reservation_id`) REFERENCES `reservations` (`id`) ON DELETE CASCADE ON UPDATE CASCADE;

--
-- Constraints for table `reservations`
--
ALTER TABLE `reservations`
  ADD CONSTRAINT `reservations_ibfk_1` FOREIGN KEY (`passanger_id`) REFERENCES `passanger` (`id`),
  ADD CONSTRAINT `traveldealfk` FOREIGN KEY (`travel_deal_id`) REFERENCES `travel_deals` (`id`) ON UPDATE CASCADE;

--
-- Constraints for table `reservations_log`
--
ALTER TABLE `reservations_log`
  ADD CONSTRAINT `reservationLogFK` FOREIGN KEY (`reservation_id`) REFERENCES `reservations` (`id`);

--
-- Constraints for table `reservation_excursion`
--
ALTER TABLE `reservation_excursion`
  ADD CONSTRAINT `dest_exc_id` FOREIGN KEY (`destinationId`) REFERENCES `destinations` (`id`),
  ADD CONSTRAINT `exc_id` FOREIGN KEY (`excursionId`) REFERENCES `excursion` (`id`),
  ADD CONSTRAINT `res_exc_id` FOREIGN KEY (`reservationId`) REFERENCES `reservations` (`id`);

--
-- Constraints for table `travel_deals`
--
ALTER TABLE `travel_deals`
  ADD CONSTRAINT `accUnitsfk` FOREIGN KEY (`accomodation_unit_id`) REFERENCES `accomodation_units` (`id`),
  ADD CONSTRAINT `travel_deals_ibfk_1` FOREIGN KEY (`category_id`) REFERENCES `categories` (`id`),
  ADD CONSTRAINT `travel_deals_ibfk_2` FOREIGN KEY (`organizer_id`) REFERENCES `organizers` (`pib`),
  ADD CONSTRAINT `travel_deals_ibfk_3` FOREIGN KEY (`destination_id`) REFERENCES `destinations` (`id`);

/*!40101 SET CHARACTER_SET_CLIENT=@OLD_CHARACTER_SET_CLIENT */;
/*!40101 SET CHARACTER_SET_RESULTS=@OLD_CHARACTER_SET_RESULTS */;
/*!40101 SET COLLATION_CONNECTION=@OLD_COLLATION_CONNECTION */;
