-- phpMyAdmin SQL Dump
-- version 4.1.8
-- http://www.phpmyadmin.net
--
-- Host: localhost
-- Generation Time: Jun 21, 2014 at 04:57 PM
-- Server version: 5.5.37-cll
-- PHP Version: 5.4.23

SET SQL_MODE = "NO_AUTO_VALUE_ON_ZERO";
SET time_zone = "+00:00";


/*!40101 SET @OLD_CHARACTER_SET_CLIENT=@@CHARACTER_SET_CLIENT */;
/*!40101 SET @OLD_CHARACTER_SET_RESULTS=@@CHARACTER_SET_RESULTS */;
/*!40101 SET @OLD_COLLATION_CONNECTION=@@COLLATION_CONNECTION */;
/*!40101 SET NAMES utf8 */;

--
-- Database: `managecl_tourismo`
--

-- --------------------------------------------------------

--
-- Table structure for table `accomodations`
--

CREATE TABLE IF NOT EXISTS `accomodations` (
  `id` int(11) NOT NULL AUTO_INCREMENT,
  `type` varchar(20) COLLATE utf8_unicode_ci NOT NULL,
  `name` varchar(32) COLLATE utf8_unicode_ci NOT NULL,
  `destination_id` int(11) NOT NULL,
  `created_at` datetime NOT NULL,
  `updated_at` datetime NOT NULL,
  PRIMARY KEY (`id`),
  KEY `dst_id_ind` (`destination_id`)
) ENGINE=InnoDB  DEFAULT CHARSET=utf8 COLLATE=utf8_unicode_ci AUTO_INCREMENT=70 ;

--
-- Dumping data for table `accomodations`
--

INSERT INTO `accomodations` (`id`, `type`, `name`, `destination_id`, `created_at`, `updated_at`) VALUES
(29, 'STUDIO 1/2', 'ARHODISA', 21, '2014-05-15 20:54:14', '2014-05-15 20:55:04'),
(30, 'STUDIO 1/3', 'ARHODISA', 21, '2014-05-15 20:55:45', '2014-05-15 20:55:45'),
(31, 'APARTMAN', 'ALEXA', 21, '2014-05-15 20:59:08', '2014-05-15 20:59:08'),
(32, 'Hotel', 'NO NAME', 25, '2014-05-19 20:14:37', '2014-05-19 20:14:37'),
(33, 'Hotel', 'Katarina Alexsis', 22, '2014-05-20 23:09:50', '2014-05-20 23:09:50'),
(34, 'Vila', 'Athena', 23, '2014-05-22 09:22:06', '2014-05-22 09:22:06'),
(35, 'Vila', 'Maria Magda', 27, '2014-05-30 13:08:51', '2014-05-30 13:08:51'),
(36, 'Hotel', 'No Name', 25, '2014-05-30 22:45:01', '2014-05-30 22:45:01'),
(37, 'Duplex', 'Vila Tula', 28, '2014-05-30 23:36:02', '2014-05-30 23:36:02'),
(38, 'Vila', 'Pergola 3', 22, '2014-06-01 19:59:43', '2014-06-01 20:17:32'),
(39, 'Vila', 'Ginek', 30, '2014-06-01 20:35:51', '2014-06-01 20:44:44'),
(40, 'Vila', 'Liquid', 30, '2014-06-01 20:50:26', '2014-06-01 20:50:26'),
(41, 'Hotel 3*', 'No name', 31, '2014-06-01 21:07:38', '2014-06-01 21:07:38'),
(42, 'Hotel', 'No Name', 32, '2014-06-01 21:38:21', '2014-06-01 21:38:21'),
(43, 'Hotel', 'Aegeon', 33, '2014-06-01 21:47:00', '2014-06-01 21:47:00'),
(44, 'STD', 'No Name', 21, '2014-06-01 22:02:02', '2014-06-01 22:02:02'),
(45, 'Hotel', 'Days Inn Berlin City South', 34, '2014-06-01 22:22:36', '2014-06-01 22:22:36'),
(46, 'Hotel', 'No Name', 35, '2014-06-01 22:29:29', '2014-06-01 22:29:29'),
(47, 'STD', 'Pegassos', 21, '2014-06-01 22:41:15', '2014-06-01 22:41:15'),
(49, 'Izlet', 'Prema programu', 36, '2014-06-01 22:58:08', '2014-06-01 22:58:08'),
(50, 'Hotel', 'No Name', 37, '2014-06-01 23:30:59', '2014-06-01 23:30:59'),
(51, 'Hotel', 'Orphey hotel 4*', 38, '2014-06-01 23:49:12', '2014-06-01 23:49:12'),
(52, 'Hotel', 'St. George Ski and Spa', 38, '2014-06-02 00:01:36', '2014-06-02 00:01:36'),
(53, 'Vila', 'Atera', 39, '2014-06-02 00:24:12', '2014-06-02 00:24:12'),
(54, 'Hotel', 'Leonardo', 40, '2014-06-02 07:22:56', '2014-06-02 07:22:56'),
(55, 'Hotel', 'Metropilitan', 33, '2014-06-02 07:32:00', '2014-06-02 07:37:45'),
(56, 'Hotel 3*', 'No Name', 35, '2014-06-02 07:42:11', '2014-06-02 07:42:11'),
(57, 'Hotel', 'Movenpick Jumeriah Beach', 42, '2014-06-02 07:53:43', '2014-06-02 07:53:43'),
(58, 'Hotel', 'Slavija', 31, '2014-06-02 08:05:53', '2014-06-02 08:05:53'),
(59, 'Hotel', 'Slavija', 31, '2014-06-02 08:05:58', '2014-06-02 08:05:58'),
(60, 'VILA', 'VULA', 44, '2014-06-11 18:53:06', '2014-06-11 18:53:06'),
(62, 'Hotel', 'Coral Hill', 26, '2014-06-13 21:07:13', '2014-06-13 21:07:13'),
(63, 'HOTEL', 'ELYSEES', 45, '2014-06-18 16:50:04', '2014-06-18 16:50:04'),
(64, 'HOTEL', 'ALONI PALACE', 27, '2014-06-18 17:05:06', '2014-06-18 17:05:06'),
(65, 'VILA', 'GABRIEL', 44, '2014-06-18 17:21:16', '2014-06-18 17:21:16'),
(66, 'HOTEL', 'TORONEOS', 46, '2014-06-18 21:46:05', '2014-06-18 21:46:05'),
(67, 'HOTEL', 'CARINA', 26, '2014-06-19 22:20:38', '2014-06-19 22:20:38'),
(68, 'VILA', 'MARIA', 47, '2014-06-21 10:42:20', '2014-06-21 10:42:20'),
(69, 'VILA', 'MARIA', 47, '2014-06-21 10:57:34', '2014-06-21 10:57:34');

-- --------------------------------------------------------

--
-- Table structure for table `accomodation_units`
--

CREATE TABLE IF NOT EXISTS `accomodation_units` (
  `id` int(11) NOT NULL AUTO_INCREMENT,
  `name` varchar(12) COLLATE utf8_unicode_ci NOT NULL DEFAULT 'soba',
  `capacity` int(2) NOT NULL,
  `number` int(3) NOT NULL,
  `accommodations_id` int(11) NOT NULL,
  `created_at` datetime NOT NULL,
  `updated_at` datetime NOT NULL,
  PRIMARY KEY (`id`),
  KEY `accommodations_id` (`accommodations_id`)
) ENGINE=InnoDB  DEFAULT CHARSET=utf8 COLLATE=utf8_unicode_ci AUTO_INCREMENT=78 ;

--
-- Dumping data for table `accomodation_units`
--

INSERT INTO `accomodation_units` (`id`, `name`, `capacity`, `number`, `accommodations_id`, `created_at`, `updated_at`) VALUES
(31, 'STUDIO', 2, 3, 29, '2014-05-15 20:54:14', '2014-05-24 21:43:52'),
(32, 'STUDIO', 3, 4, 30, '2014-05-15 20:55:45', '2014-05-24 21:44:08'),
(33, 'APARTMAN', 3, 3, 31, '2014-05-15 20:59:08', '2014-05-24 21:44:23'),
(34, 'HOTEL', 3, 1, 32, '2014-05-19 20:14:37', '2014-05-24 21:44:36'),
(35, 'STUDIO', 4, 7, 33, '2014-05-20 23:09:50', '2014-05-24 21:44:51'),
(36, 'APARTMAN', 4, 1, 34, '2014-05-22 09:22:06', '2014-05-24 21:45:02'),
(37, 'STD', 2, 1, 35, '2014-05-30 13:08:51', '2014-05-30 13:08:51'),
(38, 'APP', 4, 1, 36, '2014-05-30 22:45:06', '2014-05-30 22:45:06'),
(39, 'Duplex 1/5', 5, 1, 37, '2014-05-30 23:36:03', '2014-05-30 23:36:03'),
(40, 'STD 1/2', 1, 1, 38, '2014-06-01 19:59:43', '2014-06-01 19:59:43'),
(41, 'STD 1/2', 2, 1, 39, '2014-06-01 20:35:51', '2014-06-01 20:44:59'),
(42, 'STD 1/2', 2, 1, 40, '2014-06-01 20:50:26', '2014-06-01 20:50:26'),
(43, 'Soba 1/2', 1, 1, 41, '2014-06-01 21:07:39', '2014-06-01 21:07:39'),
(44, 'Soba 1/2', 2, 1, 42, '2014-06-01 21:38:21', '2014-06-01 21:38:21'),
(45, 'Soba', 2, 1, 43, '2014-06-01 21:47:00', '2014-06-01 21:47:00'),
(46, 'STD 1/2', 2, 1, 44, '2014-06-01 22:02:02', '2014-06-01 22:02:02'),
(47, 'Soba', 2, 1, 45, '2014-06-01 22:22:37', '2014-06-01 22:22:37'),
(48, 'Soba', 2, 1, 46, '2014-06-01 22:29:30', '2014-06-01 22:29:30'),
(49, 'STD 1/3', 3, 1, 47, '2014-06-01 22:41:15', '2014-06-01 22:41:15'),
(51, 'Hotel', 3, 1, 32, '2014-06-01 22:55:15', '2014-06-01 22:55:15'),
(52, 'Hotel', 6, 1, 32, '2014-06-01 22:55:15', '2014-06-01 22:55:15'),
(53, 'Izlet', 0, 0, 49, '2014-06-01 22:58:08', '2014-06-01 22:58:08'),
(54, 'Soba - Cirih', 2, 1, 50, '2014-06-01 23:31:01', '2014-06-01 23:31:01'),
(55, 'Soba - Milan', 2, 1, 50, '2014-06-01 23:31:01', '2014-06-01 23:31:01'),
(56, 'Soba', 2, 1, 51, '2014-06-01 23:49:13', '2014-06-01 23:49:13'),
(57, 'Soba', 2, 1, 52, '2014-06-02 00:01:39', '2014-06-02 00:01:39'),
(58, 'Soba', 2, 1, 53, '2014-06-02 00:24:12', '2014-06-02 00:24:12'),
(59, 'Soba', 2, 1, 54, '2014-06-02 07:22:58', '2014-06-02 07:22:58'),
(60, 'Soba', 3, 1, 55, '2014-06-02 07:32:02', '2014-06-02 07:38:15'),
(61, 'Soba 1/3', 3, 1, 56, '2014-06-02 07:42:11', '2014-06-02 07:42:11'),
(62, 'Soba 1/2', 2, 1, 57, '2014-06-02 07:53:45', '2014-06-02 07:53:45'),
(63, 'Soba 1/1', 1, 1, 58, '2014-06-02 08:05:55', '2014-06-02 08:05:55'),
(64, 'Soba 1/1', 1, 1, 59, '2014-06-02 08:05:59', '2014-06-02 08:05:59'),
(65, 'Soba 1/2', 2, 1, 59, '2014-06-02 08:12:32', '2014-06-02 08:12:32'),
(66, 'STD', 2, 1, 60, '2014-06-11 18:53:07', '2014-06-11 18:53:07'),
(67, 'STD', 3, 1, 60, '2014-06-11 18:53:08', '2014-06-11 18:53:08'),
(69, 'Soba 1/2', 2, 1, 62, '2014-06-13 21:07:19', '2014-06-13 21:38:48'),
(70, 'Soba 1/3', 3, 1, 62, '2014-06-13 21:32:07', '2014-06-13 21:38:49'),
(71, 'SOBA 1/2', 2, 1, 63, '2014-06-18 16:50:04', '2014-06-18 16:50:04'),
(72, 'SOBA 1/2', 2, 1, 64, '2014-06-18 17:05:06', '2014-06-18 17:05:06'),
(73, 'APP 1/2', 2, 1, 65, '2014-06-18 17:21:16', '2014-06-18 17:21:16'),
(74, 'SOBA 1/4', 4, 1, 66, '2014-06-18 21:46:05', '2014-06-18 21:46:05'),
(75, 'SOBA 1/2', 2, 1, 67, '2014-06-19 22:20:38', '2014-06-19 22:20:38'),
(76, 'STD 1/2', 2, 1, 68, '2014-06-21 10:42:20', '2014-06-21 10:42:20'),
(77, 'STD 1/3', 3, 1, 69, '2014-06-21 10:57:34', '2014-06-21 10:57:34');

-- --------------------------------------------------------

--
-- Table structure for table `categories`
--

CREATE TABLE IF NOT EXISTS `categories` (
  `id` int(11) NOT NULL AUTO_INCREMENT,
  `name` varchar(32) COLLATE utf8_unicode_ci NOT NULL,
  `current` tinyint(1) NOT NULL DEFAULT '1',
  `created_at` datetime NOT NULL,
  `updated_at` datetime NOT NULL,
  PRIMARY KEY (`id`)
) ENGINE=InnoDB  DEFAULT CHARSET=utf8 COLLATE=utf8_unicode_ci AUTO_INCREMENT=30 ;

--
-- Dumping data for table `categories`
--

INSERT INTO `categories` (`id`, `name`, `current`, `created_at`, `updated_at`) VALUES
(14, '', 1, '2014-05-15 18:24:11', '2014-05-15 18:24:11'),
(15, 'Leto 2014', 1, '2014-05-16 08:59:03', '2014-05-16 08:59:03'),
(16, 'Prolece 2014', 1, '2014-05-18 21:17:26', '2014-05-18 21:17:26'),
(17, 'Espana break 2014', 1, '2014-05-19 20:12:15', '2014-05-19 20:12:15'),
(18, 'Jesen 2014', 1, '2014-05-23 00:22:48', '2014-05-23 00:22:48'),
(19, 'Espanja Break', 1, '2014-05-30 14:22:50', '2014-05-30 14:22:50'),
(20, 'Espana Break', 1, '2014-05-30 22:41:48', '2014-05-30 22:41:48'),
(21, 'Espana Break APP', 1, '2014-05-30 22:43:04', '2014-05-30 22:43:04'),
(22, 'Leto 2014', 1, '2014-05-30 23:33:11', '2014-05-30 23:33:11'),
(23, '1. maj', 1, '2014-06-01 20:31:52', '2014-06-01 20:31:52'),
(24, 'Spring Break 2014', 1, '2014-06-01 22:00:40', '2014-06-01 22:00:40'),
(25, 'Izlet', 1, '2014-06-01 22:50:28', '2014-06-01 22:50:28'),
(26, 'Zima 2014', 1, '2014-06-01 23:47:30', '2014-06-01 23:47:30'),
(27, 'Dan zaljubljenih', 1, '2014-06-02 00:09:46', '2014-06-02 00:09:46'),
(28, '8. mart', 1, '2014-06-02 00:31:22', '2014-06-02 00:31:22'),
(29, 'Leto za mlade', 1, '2014-06-13 21:04:16', '2014-06-13 21:04:16');

-- --------------------------------------------------------

--
-- Table structure for table `destinations`
--

CREATE TABLE IF NOT EXISTS `destinations` (
  `id` int(11) NOT NULL AUTO_INCREMENT,
  `country` varchar(30) COLLATE utf8_unicode_ci NOT NULL,
  `town` varchar(30) COLLATE utf8_unicode_ci NOT NULL,
  `description` text COLLATE utf8_unicode_ci,
  `updated_at` datetime DEFAULT NULL,
  `created_at` datetime NOT NULL,
  PRIMARY KEY (`id`)
) ENGINE=InnoDB  DEFAULT CHARSET=utf8 COLLATE=utf8_unicode_ci AUTO_INCREMENT=48 ;

--
-- Dumping data for table `destinations`
--

INSERT INTO `destinations` (`id`, `country`, `town`, `description`, `updated_at`, `created_at`) VALUES
(20, 'Grčka', 'Skiatos', 'Grčko ostrvo', '2014-05-30 13:51:18', '2014-05-15 18:30:12'),
(21, 'Grčka', 'Paralija', 'Olimpiska regija', '2014-05-15 18:30:14', '2014-05-15 18:30:14'),
(22, 'Grčka', 'Krf', 'Grčka ostrva', '2014-05-17 20:52:51', '2014-05-15 18:30:15'),
(23, 'Grčka', 'Lefkada', 'Grčka ostrva', '2014-05-15 18:33:21', '2014-05-15 18:30:22'),
(24, 'Grčka', 'Neos Marmaras', 'Halkidiki', '2014-05-15 18:33:46', '2014-05-15 18:30:23'),
(25, 'Španija', 'Ljoret de Mar', 'Studenti', '2014-05-30 13:51:44', '2014-05-19 20:13:29'),
(26, 'Turska', 'Kusadasi', 'Leto za mlade', '2014-05-30 13:52:17', '2014-05-28 22:23:31'),
(27, 'Grčka', 'Pefkohori', 'Halkidiki', '2014-05-30 13:50:32', '2014-05-30 13:07:51'),
(28, 'Grčka', 'Tasos', NULL, '2014-05-30 23:33:37', '2014-05-30 23:33:37'),
(29, 'Grčka', 'Krf', NULL, '2014-06-01 19:58:39', '2014-06-01 19:58:39'),
(30, 'Makedonija ', 'Ohrid', 'Jezero', '2014-06-02 07:20:54', '2014-06-01 20:30:10'),
(31, 'Češka', 'Prag', 'Zlatni Grad', '2014-06-02 07:21:11', '2014-06-01 21:06:04'),
(32, 'Austrija', 'Beč', NULL, '2014-06-01 21:37:21', '2014-06-01 21:37:21'),
(33, 'Grčka', 'Solun', NULL, '2014-06-01 21:46:14', '2014-06-01 21:46:14'),
(34, 'Nemačka', 'Berlin', NULL, '2014-06-01 22:21:47', '2014-06-01 22:21:47'),
(35, 'Italija', 'Venecija', NULL, '2014-06-01 22:28:55', '2014-06-01 22:28:55'),
(36, 'Bosna i Hercegovina', 'Sarajevo', NULL, '2014-06-01 22:51:22', '2014-06-01 22:51:22'),
(37, 'Švajcarska', 'Cirih', NULL, '2014-06-01 23:29:47', '2014-06-01 23:29:47'),
(38, 'Bugarska', 'Bansko', NULL, '2014-06-01 23:48:19', '2014-06-01 23:48:19'),
(39, 'Srbija', 'Zlatibor', NULL, '2014-06-02 00:23:28', '2014-06-02 00:23:28'),
(40, 'Mađarska', 'Budimpešta', NULL, '2014-06-02 07:19:23', '2014-06-02 07:19:23'),
(41, '', '', NULL, '2014-06-02 07:20:13', '2014-06-02 07:19:25'),
(42, 'Ujedinjeni Arapski Emirati', 'Dubai', NULL, '2014-06-02 07:52:12', '2014-06-02 07:52:12'),
(43, 'Spanijaaaaa', 'Barcaaaaa', '123', '2014-06-07 09:53:28', '2014-06-07 09:53:28'),
(44, 'Grčka', 'Parga', NULL, '2014-06-11 18:50:09', '2014-06-11 18:50:09'),
(45, 'EGIPAT', 'HURGADA', NULL, '2014-06-18 16:48:56', '2014-06-18 16:48:56'),
(46, 'GRČKA', 'NIKITI', NULL, '2014-06-18 21:45:02', '2014-06-18 21:45:02'),
(47, 'Grčka', 'Hanioti', NULL, '2014-06-21 10:41:35', '2014-06-21 10:41:35');

-- --------------------------------------------------------

--
-- Table structure for table `excursion`
--

CREATE TABLE IF NOT EXISTS `excursion` (
  `id` int(11) NOT NULL AUTO_INCREMENT,
  `excursionItem` varchar(50) COLLATE utf8_unicode_ci NOT NULL,
  `description` text COLLATE utf8_unicode_ci,
  `priceDin` float NOT NULL,
  `priceEur` float NOT NULL,
  `created_at` datetime NOT NULL,
  `updated_at` datetime NOT NULL,
  PRIMARY KEY (`id`),
  KEY `id` (`id`),
  KEY `id_2` (`id`)
) ENGINE=InnoDB DEFAULT CHARSET=utf8 COLLATE=utf8_unicode_ci AUTO_INCREMENT=1 ;

-- --------------------------------------------------------

--
-- Table structure for table `organizers`
--

CREATE TABLE IF NOT EXISTS `organizers` (
  `pib` int(9) NOT NULL,
  `mat_br` char(12) COLLATE utf8_unicode_ci DEFAULT NULL,
  `name` varchar(20) COLLATE utf8_unicode_ci NOT NULL,
  `email` varchar(40) COLLATE utf8_unicode_ci NOT NULL,
  `address` varchar(50) COLLATE utf8_unicode_ci DEFAULT NULL,
  `phone` varchar(16) COLLATE utf8_unicode_ci DEFAULT NULL,
  `web` varchar(40) COLLATE utf8_unicode_ci DEFAULT NULL,
  `provision` int(3) DEFAULT NULL,
  `licence` varchar(13) COLLATE utf8_unicode_ci DEFAULT NULL,
  `bankAccount` varchar(50) COLLATE utf8_unicode_ci DEFAULT NULL,
  `created_at` datetime NOT NULL,
  `updated_at` datetime NOT NULL,
  PRIMARY KEY (`pib`)
) ENGINE=InnoDB DEFAULT CHARSET=utf8 COLLATE=utf8_unicode_ci;

--
-- Dumping data for table `organizers`
--

INSERT INTO `organizers` (`pib`, `mat_br`, `name`, `email`, `address`, `phone`, `web`, `provision`, `licence`, `bankAccount`, `created_at`, `updated_at`) VALUES
(100062149, '17130609', 'Sabra Travel', 'sabra@sabra.rs', 'Ilije Garašanina 20, Beograd', '0114147077', 'www.sabra.rs', 10, 'OTP 123/2014', NULL, '2014-05-25 11:21:23', '2014-05-30 13:54:40'),
(100247919, '17075365', 'Robinson Travel', 'info@robinson.rs', 'Beogradska 29, Beograd', '0113346776', 'www.robinson.rs', 10, 'OTP 007/2010', NULL, '2014-05-25 13:44:03', '2014-05-30 13:58:04'),
(100420804, '17380699', 'Kalodoukas Holidays', 'informacije@kalodoukas.com', 'Čubrina 5, Beograd', '0112626099', 'www.kalodoukas.com', 0, 'OTP 138/2010', NULL, '2014-05-25 13:12:16', '2014-05-30 14:07:19'),
(100526441, '06079172', 'Bravo Tours', 'bravoturs@gmail.com', 'Masarikov Trg bb, Leskovac', '016243448', 'www.bravotours.rs', 0, 'OTP 223/2010', NULL, '2014-05-24 21:53:30', '2014-06-10 23:24:15'),
(101031973, '17170368', 'Lui Travel', 'luitravel@gmail.com ', 'Brankova 23, Beograd', ' 0112620530', 'www.luitravel.com', 0, 'OTP 23/2010', NULL, '2014-05-24 22:13:57', '2014-06-10 23:29:34'),
(101175477, '07613857', 'Plana Tours', 'officenbg@planatours.rs', 'Đorđa Stanojevića 11đ lokal 9, Beograd', '0116557012', 'www.planatours.rs', 0, 'OTP 506/2010', NULL, '2014-06-01 21:05:29', '2014-06-10 23:32:53'),
(101208890, '17051687', 'Banbus', 'office@banbus.co.rs', 'Balkanska 35 – 39, Beograd', '0113625555', 'www.banbus.co.rs', 0, 'OTP 34/2010', NULL, '2014-05-20 23:14:59', '2014-06-10 23:22:39'),
(101666595, '06319530', 'Eurojet', 'office@eurojet.rs', 'Gračanička 11, Beograd', '0113284323', 'www.eurojet.rs', 0, 'OTP 179/2010', NULL, '2014-05-25 13:39:39', '2014-06-10 23:26:36'),
(101709594, '08582041', 'Cormoran ', 'office@cormoran.co.rs', 'YUBC tržni centar lokal 10, Beograd', '0113121200', 'www.cormoran.co.rs', 0, 'OTP 384/2010', NULL, '2014-05-24 22:28:49', '2014-06-10 23:25:24'),
(101723611, '07485166', 'Omniturs', 'omniturs@gmail.com', 'Dragoslava Jovanovića 3', '0113349381', 'www.omniturs.rs', 0, 'OTP 235/2010', NULL, '2014-05-15 19:12:15', '2014-06-10 23:31:58'),
(103225917, '17534785', 'Millenium ', 'tsmillenium2003@yahoo.com ', 'Čajkina 28,Trstenik ', '037713611', 'www.millenium-ts.com', 0, '123/2014', NULL, '2014-06-01 23:10:59', '2014-06-07 16:28:27'),
(103721228, '20006544', 'Rapsody travel', 'sasa@rapsodytravel.com', 'Vojvode Šupljikca 19', '0652000783', 'www.rapsodytravel.com', 0, 'OTP 462/2010', NULL, '2014-05-15 18:53:04', '2014-06-10 23:33:22'),
(104229626, '20122897', 'Viva travel', 'office@vivatravel.rs', 'Krunska br.48', '0117852800', 'www.vivatravel.rs', 0, 'OTP 61/2010', NULL, '2014-05-15 21:31:38', '2014-06-10 23:35:16'),
(104233719, 'Empty', 'BARCINO TOURS', 'office@barcino.travel', 'Cara Dušana 39, Niš', '018292980', 'www.barcino.travel', 0, '186/2010', NULL, '2014-06-18 17:03:30', '2014-06-18 21:05:51'),
(104518987, '20179961', 'Big Blue', 'info@bigblue.rs', 'Makedonska 4, Beograd', '0114141411 ', 'www.bigblue.rs', 0, 'OTP 255/2010', NULL, '2014-05-24 21:50:03', '2014-06-10 23:23:24'),
(104587418, '20195720', 'Wayout', 'office@wayout.co.rs', 'Gavrila Principa 57, Beograd', '0114144284', 'www.wayout.rs', 0, 'OTP 390/2010', NULL, '2014-05-20 23:29:00', '2014-06-10 23:35:58'),
(104709920, '20164484', 'Halo Travel', 'info@halotravel.rs', 'Obrenovićeva 17, Niš', '018240800', 'www.halotravel.rs', 0, 'OTP 254/2010', NULL, '2014-05-22 22:45:36', '2014-06-10 23:28:41'),
(104945185, '60626707', 'MM tours', 'tammtours@gmail.com', 'Obrenoviceva BB, TPC Kalča, lokal 103/2', '018521329', 'www.mmtours.rs', 0, 'OTP 585/2010', NULL, '2014-05-15 18:59:14', '2014-06-10 23:30:34'),
(104952939, '61049142', 'Grand Holiday', 'grandholiday@gmail.com', 'Knjaza Miloša 27, Aleksinac', '018808641', 'www.grandholiday.info', 0, 'OTP 55/2011', NULL, '2014-05-24 22:20:47', '2014-06-18 21:09:24'),
(105121841, '20317779', 'Calypso Tours', 'info@calypsotours.info', 'Kralja Milana 4, Beograd', '0631177830', 'www.calypsotours.rs', 0, 'OTP 226/2010', NULL, '2014-06-02 08:04:08', '2014-06-02 08:04:08'),
(105167909, 'Empty', 'Sole Azur', 'prodaja@soleazur.rs', 'Terazije 6, Beograd', '0113626015', 'www.soleazur.rs', 0, 'OTP 142/2010', NULL, '2014-05-25 13:24:49', '2014-06-10 23:34:02'),
(105424321, '20370424', 'Odeon Travel', 'office@odeontravel.rs', 'Kneza Miloša 84, Beograd', '0113238130', 'www.odeontravel.rs', 0, 'OTP 5/2013', NULL, '2014-06-02 00:00:47', '2014-06-02 00:41:17'),
(105504900, '20398957', 'Serbona tours', 'office.serbonaturs@gmail.com', 'Balkanaska 29, Beograd', '0114052922', 'www.serbonaturs.rs', NULL, NULL, NULL, '2014-06-21 10:40:49', '2014-06-21 10:49:06'),
(105525494, '20405317', '1A Travel', 'info@1atravel.rs', 'Kosta Stamenkovića 7/1, Niš', '0184150016', 'www.1atravel.rs', 0, 'OTP 278/2010', NULL, '2014-05-20 23:33:19', '2014-06-10 23:19:38'),
(106383987, '20589914', 'Aero Gaga', 'info@aerogaga.com', 'Bulevar Oslobođenja 43, Beograd', '062280029', 'www.aerogaga.com', 0, 'OTP 5/2013', NULL, '2014-05-24 22:24:37', '2014-06-10 23:20:44'),
(106627548, '20647302', 'Mouzenidis travel', 'office@mouzenidis.rs', 'Brankova 32, Beograd', '0116305522', 'www.mouzenidis.rs', 0, 'OTP 591/2010', NULL, '2014-05-25 13:09:18', '2014-06-10 23:31:12'),
(107098366, '20741309', 'VIP TOURS & SERVICE', 'viptoursnis@yahoo.com ', 'Trg Pavla Stojkovića 12, Niš', '018257825 ', 'www.viptours.rs', 0, 'OTP 20/2013', NULL, '2014-05-20 23:18:48', '2014-06-10 23:34:41'),
(107412777, '20797525', 'Prestige BG travel', 'prestigesb.bg@gmail.com', 'Balkanska 35-39, Beograd', '0112688075', 'www.prestigetravel.rs', 12, 'OTP 26/2012', NULL, '2014-06-21 10:54:38', '2014-06-21 10:54:38'),
(107502133, '20815990', 'FAROS TOURS', 'office@farostours.rs', 'Svetogorska 43, Beograd', '0113222044', 'www.farostours.rs', 0, '27/2012', NULL, '2014-06-18 16:48:31', '2014-06-18 21:09:05'),
(107947473, '20902787', 'Clock Travel', 'office@clocktravel.rs', 'Trg republike 6', '066005556', 'www.clocktravel.rs', 0, 'OTP 27/2014', NULL, '2014-05-15 18:38:17', '2014-06-10 23:24:39'),
(108166962, '20944536', 'Aqua BGD travel', 'rezervacije@aquatravel.rs', 'Čumićevo Sokače lok.138', '0113233652', 'www.aquatravel.rs', 0, 'OTP 93/2013', NULL, '2014-05-15 19:04:11', '2014-06-10 23:21:55'),
(135436457, '17307398', 'Halo Tours', 'office@halotours.co.rs', 'Majke Jevrosime 40, Beograd', '0113222984', 'www.halotours.rs', 0, 'OTP 66/2010', NULL, '2014-05-22 22:40:46', '2014-06-10 23:27:56');

-- --------------------------------------------------------

--
-- Table structure for table `passanger`
--

CREATE TABLE IF NOT EXISTS `passanger` (
  `id` int(11) NOT NULL AUTO_INCREMENT,
  `jmbg` char(13) COLLATE utf8_unicode_ci NOT NULL,
  `name` varchar(20) COLLATE utf8_unicode_ci NOT NULL,
  `surname` varchar(24) COLLATE utf8_unicode_ci NOT NULL,
  `gender` set('m','f') COLLATE utf8_unicode_ci NOT NULL DEFAULT 'm',
  `address` varchar(40) COLLATE utf8_unicode_ci NOT NULL,
  `tel` varchar(15) COLLATE utf8_unicode_ci DEFAULT NULL,
  `mob` varchar(15) COLLATE utf8_unicode_ci DEFAULT NULL,
  `passport` char(9) COLLATE utf8_unicode_ci DEFAULT NULL,
  `birth_date` date DEFAULT NULL,
  `created_at` datetime NOT NULL,
  `updated_at` datetime NOT NULL,
  PRIMARY KEY (`id`),
  KEY `id` (`id`),
  KEY `jmbg` (`jmbg`)
) ENGINE=InnoDB  DEFAULT CHARSET=utf8 COLLATE=utf8_unicode_ci AUTO_INCREMENT=156 ;

--
-- Dumping data for table `passanger`
--

INSERT INTO `passanger` (`id`, `jmbg`, `name`, `surname`, `gender`, `address`, `tel`, `mob`, `passport`, `birth_date`, `created_at`, `updated_at`) VALUES
(5, '2610985730024', 'Marko', 'Anđelković', 'm', 'Milorada Veljkovića Špaje 9', '', '0691046701', '', '1985-10-26', '2014-05-15 11:15:15', '2014-05-15 11:15:15'),
(6, '1807983733535', 'Milan', 'Miladinović', 'm', 'Aranđelovačka 22', '', '0646404444', '008348689', '1983-07-18', '2014-05-15 18:27:47', '2014-05-15 18:27:47'),
(7, '0706983735053', 'Anita', 'Spasić', 'f', 'Ardijska 20', '', '062460425', '', '1983-06-07', '2014-05-15 21:03:34', '2014-05-15 21:03:34'),
(13, '0610986731011', 'Jelena', 'Petrovic', 'f', 'Vladimira Corovica 23', '', '', '', '1986-10-06', '2014-05-21 22:53:41', '2014-05-21 22:53:41'),
(18, '0611987', 'Miroslav', 'Milovanovic', 'm', 'Vizantijski bulevar 128/1', '', ' 0641720662', '', '1987-11-06', '2014-05-22 18:25:44', '2014-05-22 18:25:44'),
(19, '2608960', 'Nebojša', 'Stojković', 'm', 'Babički odredi 15', '', '063414237', '011584353', '2014-08-26', '2014-05-30 13:36:08', '2014-05-30 13:36:08'),
(20, '2608964', 'Vesna', 'Stojković', 'f', 'Babički odredi 15', '', '', '011584349', '1964-08-26', '2014-05-30 13:39:12', '2014-05-30 13:39:12'),
(23, '0210992', 'Lena', 'Virijević', 'f', 'Slobodana Penezića 13', '', '0600497131', '', '1992-10-02', '2014-05-30 14:26:16', '2014-05-30 14:26:16'),
(25, '0508992', 'Dejana', 'Mladenović', 'f', '', '', '0644800894', '', '1992-05-05', '2014-05-30 15:52:34', '2014-05-30 15:52:34'),
(26, '1812992', 'Teodora', 'Prlinčević', 'f', '', '', '0600992915', '', '1992-12-18', '2014-05-30 15:54:02', '2014-05-30 15:54:02'),
(27, '2510990', 'Nikolina', 'Šakota', 'f', '', '', '0655628748', '009644570', '1990-10-25', '2014-05-30 15:55:30', '2014-05-30 15:55:30'),
(28, '1802992', 'Dušan', 'Nikolić', 'm', '', '', '0628149327', '010197182', '1992-02-18', '2014-05-30 22:26:28', '2014-05-30 22:26:28'),
(29, '2004994', 'Anita', 'Elenkov', 'f', '', '', '062572896', '009737466', '1994-04-20', '2014-05-30 22:28:06', '2014-05-30 22:28:06'),
(30, '2011994', 'Jovana', 'Jovanović', 'f', '', '', '0694960633', '011118716', '1994-11-20', '2014-05-30 22:29:15', '2014-05-30 22:29:15'),
(31, '1311992', 'Lazar', 'Milojević', 'm', '', '', '0655305198', '009214599', '1992-11-13', '2014-05-30 22:30:15', '2014-05-30 22:30:15'),
(32, '2001990', 'Bojana', 'Stošić', 'f', 'Kruševačka 25', '', '0645011262', '009835168', '1990-01-20', '2014-05-30 22:47:43', '2014-05-30 22:47:43'),
(33, '0406990', 'Andjelija', 'Zlatanović', 'f', '', '', '0643068306', '', NULL, '2014-05-30 22:48:53', '2014-05-30 22:48:53'),
(34, '2206990', 'Jovana', 'Mladenović', 'f', '', '', '0642935594', '', '1990-06-22', '2014-05-30 22:57:48', '2014-05-30 22:57:48'),
(35, '0303992', 'Milan', 'Mitić', 'm', '', '', '0643662206', '', '1992-03-03', '2014-05-30 22:59:06', '2014-05-30 22:59:06'),
(36, '2003992', 'Nenad', 'Knežević', 'm', '', '', '0605719588', '010241931', '1992-03-20', '2014-05-30 23:00:21', '2014-05-30 23:00:21'),
(37, '0103993', 'Marija', 'Delibašić', 'f', '', '', '0613003955', '', '1993-03-01', '2014-05-30 23:06:04', '2014-05-30 23:06:04'),
(38, '', 'Dušan ', 'Tomić', 'm', '', '', '0644277643', '', NULL, '2014-05-30 23:09:50', '2014-05-30 23:09:50'),
(39, '0', 'Aleksandar', 'Jovanović', 'm', '', '', '0643859532', '', NULL, '2014-05-30 23:14:38', '2014-05-30 23:14:38'),
(40, '3001990', 'Svetlana', 'Smiljković', 'f', 'Pečenjevce, Leskovac', '', '0642540594', '010869913', '1990-01-30', '2014-05-30 23:17:48', '2014-05-30 23:17:48'),
(41, '2004986', 'Miroslav', 'Stanojević', 'm', '', '', '0693065560', '009965108', '1986-04-20', '2014-05-30 23:19:01', '2014-05-30 23:19:01'),
(42, '2104992', 'Mladen', 'Brzaković', 'f', '', '', '063405460', '', '1992-04-21', '2014-05-30 23:24:18', '2014-05-30 23:24:18'),
(43, '2303989', 'Milan', 'Brzaković', 'm', '', '', '0643341855', '', '1989-03-23', '2014-05-30 23:25:21', '2014-05-30 23:25:21'),
(44, '2407989', 'Miona', 'Marković', 'f', '', '', '0637341165', '', '1989-07-24', '2014-05-30 23:26:20', '2014-05-30 23:26:20'),
(45, '1509989', 'Petar', 'Radosavljević', 'm', '', '', '0642870131', '', '1989-09-15', '2014-05-30 23:27:23', '2014-05-30 23:27:23'),
(46, '1209989', 'Tamara', 'Tošić', 'f', '', '', '0642875870', '', '1989-09-12', '2014-05-30 23:28:19', '2014-05-30 23:28:19'),
(47, '0707992', 'Miljana', 'Vučković', 'f', '', '', '', '', '1992-07-07', '2014-05-30 23:29:10', '2014-05-30 23:29:10'),
(48, '1902979', 'Irena', 'Ivanović', 'f', 'Mokranjčeva 83/10, Niš', '', '0631175101', '', '1979-02-19', '2014-05-30 23:38:32', '2014-05-30 23:38:32'),
(49, '0307005', 'Luka', 'Ivanović', 'm', 'Mokranjčeva 83/10, Niš', '', '', '', '2005-07-03', '2014-05-30 23:39:40', '2014-05-30 23:39:40'),
(50, '1507980', 'Ivica', 'Milić', 'm', '', '', '', '', '1980-07-15', '2014-05-30 23:40:31', '2014-05-30 23:40:31'),
(51, '3010981', 'Jelena', 'Anđelković', 'f', '', '', '0631301081', '', '1981-09-30', '2014-05-30 23:41:40', '2014-05-30 23:41:40'),
(52, '1601973', 'Minja', 'Vukadinović', 'f', '', '', '0637229109', '', '1973-01-16', '2014-05-30 23:42:35', '2014-05-30 23:42:35'),
(63, '1808942', 'Vlastimir', 'Marković', 'm', 'Pirotska 14, Niš', '018535703', '', '009714960', '1942-08-18', '2014-06-01 20:13:06', '2014-06-01 20:13:06'),
(64, '1601946', 'Roksanda', 'Marković', 'f', 'Pirotska 14, Niš', '', '', '009714964', '1946-01-16', '2014-06-01 20:14:23', '2014-06-01 20:14:23'),
(65, '0205988', 'Dušam', 'Petković', 'm', 'Boška Buhe 6/7, Niš', '', '0628739689', '', '1988-05-02', '2014-06-01 20:40:28', '2014-06-01 20:40:28'),
(66, '0000999', 'Marija', 'Kojić', 'f', '', '', '', '', NULL, '2014-06-01 20:42:02', '2014-06-01 20:42:02'),
(67, '3107981', 'Vladan', 'Srbulović', 'm', '', '', '0691722865', '009928979', '2014-07-31', '2014-06-01 20:53:23', '2014-06-01 20:53:23'),
(68, '0807981', 'Julijana', 'Popović', 'f', '', '', '', '008313017', '2014-07-08', '2014-06-01 20:54:24', '2014-06-01 20:54:24'),
(69, '0409971', 'Vidosav', 'Đekić', 'm', 'Osmi Kongres prilaz 2, br. 10, Niš', '', '063415519', '', '1971-09-04', '2014-06-01 21:10:19', '2014-06-01 21:10:19'),
(70, '2910971', 'Biljana', 'Dekić', 'f', 'Osmi Kongres, prilaz2, br. 10, Niš', '', '062/1939934', '', '1971-10-29', '2014-06-01 21:11:52', '2014-06-01 21:11:52'),
(72, '0607981', 'Milan', 'Jelenković', 'm', 'Vojislava Ilića 11, Knjaževac', '', '069733627', '008795058', '1981-07-06', '2014-06-01 21:40:25', '2014-06-01 21:40:25'),
(73, '0000888', 'Tamara', 'Jović', 'f', '', '', '0605013231', '007640778', NULL, '2014-06-01 21:42:48', '2014-06-01 21:42:48'),
(74, '1602992', 'Dušan', 'Stamenković', 'm', 'Mišavska 13, Niš', '', '062611992', '007438818', '1992-02-16', '2014-06-01 21:49:48', '2014-06-01 21:49:48'),
(75, '0201995', 'Sanja ', 'Savić', 'f', '', '', '0604427377', '010857223', '1995-01-02', '2014-06-01 21:50:41', '2014-06-01 21:50:41'),
(76, '1512975', 'Aleksandar', 'Đorđević', 'm', 'Zetska 4/25, Niš', '', '0691034021', '009254249', '1975-12-15', '2014-06-01 21:56:18', '2014-06-01 21:56:18'),
(77, '2208979', 'Milica', 'Đorđević', 'f', '', '', '062238016', '009254242', '1979-08-22', '2014-06-01 21:57:33', '2014-06-01 21:57:33'),
(78, '1504995', 'Anđela', 'Jovanović', 'f', '', '', '0611653625', '007421224', '1995-04-15', '2014-06-01 22:04:00', '2014-06-01 22:04:00'),
(79, '0611988', 'Snežana', 'Andrić', 'f', '', '', '0621814277', '008476511', '1988-11-06', '2014-06-01 22:05:02', '2014-06-01 22:05:02'),
(80, '2412988', 'Nikola', 'Petrović', 'm', 'Stevana Sremca bb, Aleksinac', '', '0603879368', '011048944', '1988-12-24', '2014-06-01 22:12:50', '2014-06-01 22:12:50'),
(81, '1606988', 'Branka', 'Samardzija', 'f', '', '', '0613879368', '010300635', '1988-06-16', '2014-06-01 22:14:02', '2014-06-01 22:14:02'),
(82, '1309986', 'Željko', 'Kalezić', 'm', 'Balkanska 4/9', '', '0604233303', '006910545', '1986-09-13', '2014-06-01 22:24:18', '2014-06-01 22:24:18'),
(83, '0207979', 'Tijana', 'Rajković', 'f', '', '', '0641772942', '008500438', '1979-07-02', '2014-06-01 22:25:14', '2014-06-01 22:25:14'),
(84, '2407961', 'Lidija', 'Stanković', 'f', 'Partizanski kurir 3', '', '0600520332', '008502484', '1961-07-24', '2014-06-01 22:31:31', '2014-06-01 22:31:31'),
(85, '0112958', 'Zoran', 'Stanković', 'm', 'Partizanski kurir', '', '', '008502664', '1958-12-01', '2014-06-01 22:32:39', '2014-06-01 22:32:39'),
(86, '0011000', 'Aleksandar', 'Stajić', 'm', 'Radičajevac', '', '0640266266', '', NULL, '2014-06-01 22:43:25', '2014-06-01 22:43:25'),
(87, '1100000', 'Branislav', 'Tasić', 'm', '', '', '062444202', '', NULL, '2014-06-01 22:44:09', '2014-06-01 22:44:09'),
(88, '1111111', 'Stefan', 'Stanković', 'm', '', '', '', '008719261', NULL, '2014-06-01 22:44:55', '2014-06-01 22:44:55'),
(89, '1205984', 'Marija', 'Vasić', 'f', 'Knjaževačka 167, Niš', '', '0600215831', '', '1984-05-12', '2014-06-01 22:59:57', '2014-06-01 22:59:57'),
(90, '1112973', 'Irena', 'Đorđević', 'f', '', '', '0637804840', '', '1973-12-11', '2014-06-01 23:01:04', '2014-06-01 23:01:04'),
(91, '3011964', 'Bratislav', 'Kostić', 'm', 'Omladinskih brigada 82/1', '', '0638670699', '', '1964-11-30', '2014-06-01 23:13:13', '2014-06-01 23:13:13'),
(92, '2210962', 'Milana', 'Đedović Kostić', 'f', '', '', '0644207421', '', '1962-10-22', '2014-06-01 23:19:08', '2014-06-01 23:19:08'),
(93, '1904971', 'Nadica', 'Kostić', 'f', '', '018242293', '', '', '1971-04-19', '2014-06-01 23:23:25', '2014-06-01 23:23:25'),
(94, '3009004', 'Katarina', 'Kostić', 'f', 'Obilićev venac 11/20, Niš', '', '', '', '2004-09-30', '2014-06-01 23:24:28', '2014-06-01 23:24:28'),
(95, '2205961', 'Biljana', 'Dimić', 'f', 'Tome Roksandića 4, Niš', '', '063331193', '', '1961-05-22', '2014-06-01 23:33:19', '2014-06-01 23:33:19'),
(96, '0508958', 'Slavica', 'Đokić', 'f', '', '', '', '008110884', '1958-08-05', '2014-06-01 23:34:05', '2014-06-01 23:34:05'),
(97, '1106980', 'Dušan', 'Ranđelović', 'm', '', '', '0654964154', '', '1980-06-11', '2014-06-01 23:51:32', '2014-06-01 23:51:32'),
(98, '2312982', 'Kristina', 'Ranđelović', 'f', '', '', '', '', '1982-12-23', '2014-06-01 23:53:04', '2014-06-01 23:53:04'),
(99, '3009010', 'Ranđelović', 'Tadej', 'm', '', '', '', '', '2010-09-30', '2014-06-01 23:53:52', '2014-06-01 23:53:52'),
(100, '000111000', 'Danijel', 'Anđelković', 'm', '', '', '0648099481', '007415990', NULL, '2014-06-02 00:05:11', '2014-06-02 00:05:11'),
(101, '1111110000', 'Jelena', 'Dimić', 'f', '', '', '', '007479318', NULL, '2014-06-02 00:05:58', '2014-06-02 00:05:58'),
(102, '3103985', 'Cvetanović', 'Predrag', 'm', 'Rentgenova 001', '', '0652332522', '009732796', '1985-03-31', '2014-06-02 00:12:15', '2014-06-02 00:12:15'),
(103, '2612989', 'Milica', 'Radivojević', 'f', '', '', '', '', '1989-12-26', '2014-06-02 00:13:07', '2014-06-02 00:13:07'),
(104, '1912967', 'Marina', 'Stajić', 'f', '', '', '062410222', '007029577', '1967-12-19', '2014-06-02 00:19:23', '2014-06-02 00:19:23'),
(105, '0407969', 'Đorđević', 'Živana', 'f', '', '', '', '008973476', '1969-07-04', '2014-06-02 00:20:14', '2014-06-02 00:20:14'),
(106, '1902986', 'Dragana', 'Ivković Đokić', 'f', '', '', '0638164702', '', '1986-02-19', '2014-06-02 00:26:14', '2014-06-02 00:26:14'),
(107, '2808985', 'Aleksandar', 'Đokić', 'm', '', '', '', '', '1985-08-28', '2014-06-02 00:26:55', '2014-06-02 00:26:55'),
(108, '2601013', 'Nikolina', 'Đokić', 'f', '', '', '', '', '2013-01-26', '2014-06-02 00:28:45', '2014-06-02 00:28:45'),
(109, '2811976', 'Irena', 'Ljubić', 'f', '', '', '062414572', '', '1976-11-28', '2014-06-02 00:32:57', '2014-06-02 00:32:57'),
(110, '0901992', 'Sabrina', 'Uđilović', 'f', 'Veljka Vlahovića', '', '0637020774', '007825232', '1998-01-09', '2014-06-02 07:24:57', '2014-06-02 07:24:57'),
(111, '0307992', 'Nikolina', 'Lazić Dole', 'f', '', '', '0645405679', '088426806', '1992-07-03', '2014-06-02 07:25:59', '2014-06-02 07:25:59'),
(112, '2107969', 'Slađana', 'Marijanović', 'f', 'Mokranjčeva 85/1, Niš', '', '0621199345', '008413273', '1969-07-21', '2014-06-02 07:33:52', '2014-06-02 07:33:52'),
(113, '0408968', 'Sneža', 'Veljković', 'f', '', '', '062445806', '625204690', '1968-08-04', '2014-06-02 07:35:02', '2014-06-02 07:35:02'),
(114, '0033300', 'Slavica', 'Radojlović', 'f', '', '', '', '011384363', NULL, '2014-06-02 07:36:13', '2014-06-02 07:36:13'),
(115, '2303957', 'Borivoje', 'Janjić', 'm', 'Prešernova 1a', '', '0637751811', '', '1957-03-23', '2014-06-02 07:44:58', '2014-06-02 07:44:58'),
(116, '0106958', 'Sneža', 'Zdravković Janjić', 'f', 'Prešernova 1a', '', '', '', '1958-06-01', '2014-06-02 07:46:18', '2014-06-02 07:46:18'),
(117, '0509994', 'Katarina', 'Janjić', 'f', '', '', '', '', '1994-09-05', '2014-06-02 07:46:58', '2014-06-02 07:46:58'),
(118, '1008962', 'Anđelka', 'Grčić', 'm', '', '', '0643334883', '', '1962-08-10', '2014-06-02 07:57:11', '2014-06-02 07:57:11'),
(119, '2003951', 'Nada', 'Jovanović', 'f', '', '', '', '007071579', '1951-03-20', '2014-06-02 07:58:04', '2014-06-02 07:58:04'),
(120, '1509960', 'Bratislav', 'Stojanović', 'm', 'Petra Velebita 9, Niš', '', '0600274321', '', '1960-09-15', '2014-06-02 08:08:23', '2014-06-02 08:08:23'),
(121, '1703986', 'Jelena', 'Todorov', 'f', '', '', '0628050641', '', '1986-03-17', '2014-06-02 08:16:00', '2014-06-02 08:16:00'),
(126, '3004961', 'SNEŽANA', 'MILIČIĆ', 'f', 'CARA DUŠANA 30', '', '0641392694', '008947386', '1961-04-30', '2014-06-11 18:58:27', '2014-06-11 18:58:27'),
(127, '1807957', 'RADONJA', 'MILIČIĆ', 'm', 'CARA DUŠANA 30', '', '063400900', '008802083', '1957-07-18', '2014-06-11 18:59:48', '2014-06-11 18:59:48'),
(128, '2101951', 'LJILJANA', 'MARKOVIĆ', 'f', 'NEPOZNATA', '', '0654301628', '007109643', '1951-01-21', '2014-06-11 19:00:56', '2014-06-11 19:00:56'),
(129, '0510952', 'NEBOJŠA', 'MARKOVIĆ', 'm', 'NEPOZNATA', '', '', '008453394', '1952-10-05', '2014-06-11 19:01:30', '2014-06-11 19:01:30'),
(130, '3110939', 'ZORICA', 'MIKULOVCA', 'f', 'NEPOZNATA', '', '', '010023050', '1939-10-31', '2014-06-11 19:02:11', '2014-06-11 19:02:11'),
(132, '25011983', 'ZORAN', 'PEŠIĆ ', 'm', 'NOVA ŽELEZNIČKA KOLONIJA 2/23', '', '0643125499', '', '1983-01-25', '2014-06-13 21:41:44', '2014-06-13 21:41:44'),
(133, '18081983', 'MILICA', 'PEŠIĆ', 'f', 'NEPOZNATA', '', '', '', '2197-12-18', '2014-06-13 21:42:23', '2014-06-13 21:42:23'),
(134, '05021982', 'MAJA', 'AŠANIN', 'f', 'DR DRAGIŠE MIŠOVIĆA 3/28', '', '0603182875', '009083937', '2198-05-05', '2014-06-15 20:17:00', '2014-06-15 20:17:00'),
(135, '25061992', 'JOVANA', 'STOJILJKOVIĆ', 'f', 'NEPOZNATA', '', '062/818-55-48', '010116615', '1992-06-25', '2014-06-15 20:18:03', '2014-06-15 20:18:03'),
(136, '31081992', 'JOVANA', 'STANKOVIĆ', 'f', 'NEPOZNATA', '', '', '011581281', '2198-12-31', '2014-06-15 20:18:41', '2014-06-15 20:18:41'),
(137, '30051992', 'ALEKSANDAR', 'ĐORŠEVIĆ', 'm', 'BULEVAR DR ZORANA ĐINĐIĆA 19/135, NIŠ', '', '0605505160', '', '2198-12-30', '2014-06-15 20:27:14', '2014-06-15 20:27:14'),
(138, '03111993', 'JOVANA', 'ZDRAVKOVIĆ', 'f', 'NEPOZNATA', '', '0645507705', '', '2199-11-03', '2014-06-15 20:28:09', '2014-06-15 20:28:09'),
(139, '2704992', 'IVANA', 'STOJANOVIĆ', 'f', 'ČAJNIČKA 6', '', '0605080801', '', '1992-04-27', '2014-06-18 16:53:52', '2014-06-18 16:53:52'),
(140, '1510995', 'JELENA', 'STOJANOVIĆ', 'f', 'ČAJNIČKA 6', '', '', '', '1995-10-15', '2014-06-18 16:54:40', '2014-06-18 16:54:40'),
(141, '0303956', 'LJILJANA', 'MILJKOVIĆ', 'f', 'PROKUPLJE', '', '0659561513', '', '1956-03-03', '2014-06-18 17:08:20', '2014-06-18 17:08:20'),
(142, '1001951', 'KRSTIVOJE', 'MILJKOVIĆ', 'm', 'PROKUPLJE', '', '', '', '1950-12-10', '2014-06-18 17:08:52', '2014-06-18 17:08:52'),
(143, '0312982', 'MARINA', 'MILJKOVIC', 'f', 'MOKRANJČEVA 69/31', '', '063595518', '009872142', '1982-12-03', '2014-06-18 17:24:08', '2014-06-18 17:24:08'),
(144, '0204984', 'MARTINA', 'ŽIVKOVIĆ', 'f', '', '', '', '011043357', '1984-04-02', '2014-06-18 17:25:25', '2014-06-18 17:25:25'),
(145, '2110976', 'NIKOLA', 'PETROVIĆ', 'm', 'PANTELEJSKA 57A', '', '', '007625802', '1976-10-21', '2014-06-18 21:51:13', '2014-06-18 21:51:13'),
(146, '0602976', 'JELENA', 'STAMENKOVIĆ PETROVIĆ', 'f', 'PANTELEJSKA 57A', '', '', '008918573', '1976-02-06', '2014-06-18 21:57:30', '2014-06-18 21:57:30'),
(147, '2004009', 'ANĐELINA', 'PETROVIĆ', 'f', 'PANTELEJSKA 57A', '', '', '011266168', '2009-04-20', '2014-06-18 21:58:41', '2014-06-18 21:58:41'),
(148, '2305007', 'NIKOLINA', 'PETROVIĆ', 'f', 'PANTELEJSKA 57A', '', '', '008929475', '2007-05-23', '2014-06-18 21:59:44', '2014-06-18 21:59:44'),
(149, '0307990', 'ALEKSANDRA', 'ŽIVKOVIĆ', 'f', 'GLAMOČKA 15/14, NIŠ', '', '0638211892', '', '1990-07-03', '2014-06-19 22:23:40', '2014-06-19 22:27:09'),
(150, '2004991', 'MILENA', 'ZDRAVKOVIĆ', 'f', '', '', '0665068972', '', '1991-04-20', '2014-06-19 22:24:31', '2014-06-19 22:24:31'),
(151, '2005996', 'SAVA ', 'STEFANOVIĆ', 'm', '', '', '062211085', '', '1996-05-20', '2014-06-21 10:44:01', '2014-06-21 10:44:01'),
(152, '1403996', 'ANDRIJA', 'MAŠULOVIĆ', 'm', '', '', '', '', '1996-03-14', '2014-06-21 10:44:43', '2014-06-21 10:44:43'),
(153, '1507996', 'TEODORA', 'MIHAJLOVIĆ', 'f', '', '', '0614412237', '', '1996-07-15', '2014-06-21 10:58:50', '2014-06-21 10:58:50'),
(154, '1107997', 'MILANA', 'PETROVIĆ', 'f', '', '', '', '', '1997-07-11', '2014-06-21 10:59:31', '2014-06-21 10:59:31'),
(155, '0411996', 'ANASTASIJA', 'ILIĆ', 'f', '', '', '', '', '1996-11-04', '2014-06-21 11:00:12', '2014-06-21 11:00:12');

-- --------------------------------------------------------

--
-- Table structure for table `passangers`
--

CREATE TABLE IF NOT EXISTS `passangers` (
  `id` int(11) NOT NULL AUTO_INCREMENT,
  `passanger_id` int(11) NOT NULL,
  `reservation_id` int(11) NOT NULL,
  `created_at` datetime NOT NULL,
  `updated_at` datetime NOT NULL,
  PRIMARY KEY (`id`),
  KEY `pass_rsrv_id_ind` (`reservation_id`),
  KEY `pass_id_ind` (`passanger_id`)
) ENGINE=InnoDB  DEFAULT CHARSET=utf16 AUTO_INCREMENT=163 ;

--
-- Dumping data for table `passangers`
--

INSERT INTO `passangers` (`id`, `passanger_id`, `reservation_id`, `created_at`, `updated_at`) VALUES
(27, 19, 41, '2014-05-30 13:42:15', '2014-05-30 13:42:15'),
(28, 20, 41, '2014-05-30 13:42:15', '2014-05-30 13:42:15'),
(29, 23, 42, '2014-05-30 16:03:16', '2014-05-30 16:03:16'),
(30, 25, 42, '2014-05-30 16:03:16', '2014-05-30 16:03:16'),
(31, 26, 42, '2014-05-30 16:03:16', '2014-05-30 16:03:16'),
(32, 27, 42, '2014-05-30 16:03:16', '2014-05-30 16:03:16'),
(37, 28, 44, '2014-05-30 22:36:15', '2014-05-30 22:36:15'),
(38, 31, 44, '2014-05-30 22:36:15', '2014-05-30 22:36:15'),
(39, 30, 44, '2014-05-30 22:36:15', '2014-05-30 22:36:15'),
(40, 29, 44, '2014-05-30 22:36:15', '2014-05-30 22:36:15'),
(45, 32, 47, '2014-05-30 22:52:39', '2014-05-30 22:52:39'),
(46, 33, 47, '2014-05-30 22:52:39', '2014-05-30 22:52:39'),
(47, 34, 48, '2014-05-30 23:07:17', '2014-05-30 23:07:17'),
(48, 35, 48, '2014-05-30 23:07:17', '2014-05-30 23:07:17'),
(49, 36, 48, '2014-05-30 23:07:17', '2014-05-30 23:07:17'),
(50, 37, 48, '2014-05-30 23:07:17', '2014-05-30 23:07:17'),
(51, 38, 49, '2014-05-30 23:14:54', '2014-05-30 23:14:54'),
(52, 39, 49, '2014-05-30 23:14:54', '2014-05-30 23:14:54'),
(53, 40, 50, '2014-05-30 23:20:47', '2014-05-30 23:20:47'),
(54, 41, 50, '2014-05-30 23:20:47', '2014-05-30 23:20:47'),
(55, 42, 51, '2014-05-30 23:30:32', '2014-05-30 23:30:32'),
(56, 43, 51, '2014-05-30 23:30:32', '2014-05-30 23:30:32'),
(57, 44, 51, '2014-05-30 23:30:32', '2014-05-30 23:30:32'),
(58, 45, 51, '2014-05-30 23:30:32', '2014-05-30 23:30:32'),
(59, 46, 51, '2014-05-30 23:30:32', '2014-05-30 23:30:32'),
(60, 47, 51, '2014-05-30 23:30:32', '2014-05-30 23:30:32'),
(61, 48, 52, '2014-05-30 23:44:31', '2014-05-30 23:44:31'),
(62, 49, 52, '2014-05-30 23:44:31', '2014-05-30 23:44:31'),
(63, 50, 52, '2014-05-30 23:44:31', '2014-05-30 23:44:31'),
(64, 51, 52, '2014-05-30 23:44:31', '2014-05-30 23:44:31'),
(65, 52, 52, '2014-05-30 23:44:31', '2014-05-30 23:44:31'),
(66, 63, 53, '2014-06-01 20:15:48', '2014-06-01 20:15:48'),
(67, 64, 53, '2014-06-01 20:15:48', '2014-06-01 20:15:48'),
(68, 65, 54, '2014-06-01 20:44:12', '2014-06-01 20:44:12'),
(69, 66, 54, '2014-06-01 20:44:12', '2014-06-01 20:44:12'),
(70, 67, 55, '2014-06-01 20:57:28', '2014-06-01 20:57:28'),
(71, 68, 55, '2014-06-01 20:57:28', '2014-06-01 20:57:28'),
(72, 69, 56, '2014-06-01 21:13:34', '2014-06-01 21:13:34'),
(73, 70, 56, '2014-06-01 21:13:34', '2014-06-01 21:13:34'),
(74, 69, 62, '2014-06-01 21:27:52', '2014-06-01 21:27:52'),
(75, 70, 62, '2014-06-01 21:27:52', '2014-06-01 21:27:52'),
(76, 72, 63, '2014-06-01 21:44:20', '2014-06-01 21:44:20'),
(77, 73, 63, '2014-06-01 21:44:20', '2014-06-01 21:44:20'),
(78, 74, 64, '2014-06-01 21:51:49', '2014-06-01 21:51:49'),
(79, 75, 64, '2014-06-01 21:51:49', '2014-06-01 21:51:49'),
(80, 76, 65, '2014-06-01 21:59:14', '2014-06-01 21:59:14'),
(81, 77, 65, '2014-06-01 21:59:14', '2014-06-01 21:59:14'),
(82, 78, 66, '2014-06-01 22:08:43', '2014-06-01 22:08:43'),
(83, 79, 66, '2014-06-01 22:08:43', '2014-06-01 22:08:43'),
(84, 80, 67, '2014-06-01 22:15:17', '2014-06-01 22:15:17'),
(85, 81, 67, '2014-06-01 22:15:17', '2014-06-01 22:15:17'),
(86, 82, 68, '2014-06-01 22:27:22', '2014-06-01 22:27:22'),
(87, 83, 68, '2014-06-01 22:27:22', '2014-06-01 22:27:22'),
(88, 84, 69, '2014-06-01 22:35:38', '2014-06-01 22:35:38'),
(89, 85, 69, '2014-06-01 22:35:38', '2014-06-01 22:35:38'),
(90, 86, 82, '2014-06-01 22:47:18', '2014-06-01 22:47:18'),
(91, 87, 82, '2014-06-01 22:47:18', '2014-06-01 22:47:18'),
(92, 88, 82, '2014-06-01 22:47:18', '2014-06-01 22:47:18'),
(93, 89, 83, '2014-06-01 23:01:59', '2014-06-01 23:01:59'),
(94, 90, 83, '2014-06-01 23:01:59', '2014-06-01 23:01:59'),
(95, 91, 84, '2014-06-01 23:20:23', '2014-06-01 23:20:23'),
(96, 92, 84, '2014-06-01 23:20:23', '2014-06-01 23:20:23'),
(97, 93, 85, '2014-06-01 23:25:58', '2014-06-01 23:25:58'),
(98, 94, 85, '2014-06-01 23:25:58', '2014-06-01 23:25:58'),
(99, 95, 87, '2014-06-01 23:35:44', '2014-06-01 23:35:44'),
(100, 96, 87, '2014-06-01 23:35:44', '2014-06-01 23:35:44'),
(101, 97, 88, '2014-06-01 23:56:41', '2014-06-01 23:56:41'),
(102, 98, 88, '2014-06-01 23:56:41', '2014-06-01 23:56:41'),
(103, 99, 88, '2014-06-01 23:56:41', '2014-06-01 23:56:41'),
(104, 100, 89, '2014-06-02 00:07:27', '2014-06-02 00:07:27'),
(105, 101, 89, '2014-06-02 00:07:27', '2014-06-02 00:07:27'),
(106, 102, 90, '2014-06-02 00:15:58', '2014-06-02 00:15:58'),
(107, 103, 90, '2014-06-02 00:15:58', '2014-06-02 00:15:58'),
(108, 104, 91, '2014-06-02 00:21:24', '2014-06-02 00:21:24'),
(109, 105, 91, '2014-06-02 00:21:24', '2014-06-02 00:21:24'),
(110, 106, 92, '2014-06-02 00:30:11', '2014-06-02 00:30:11'),
(111, 107, 92, '2014-06-02 00:30:11', '2014-06-02 00:30:11'),
(112, 108, 92, '2014-06-02 00:30:11', '2014-06-02 00:30:11'),
(113, 109, 93, '2014-06-02 00:36:56', '2014-06-02 00:36:56'),
(114, 110, 94, '2014-06-02 07:27:22', '2014-06-02 07:27:22'),
(115, 111, 94, '2014-06-02 07:27:22', '2014-06-02 07:27:22'),
(116, 112, 95, '2014-06-02 07:37:13', '2014-06-02 07:37:13'),
(117, 113, 95, '2014-06-02 07:37:13', '2014-06-02 07:37:13'),
(118, 114, 95, '2014-06-02 07:37:13', '2014-06-02 07:37:13'),
(119, 115, 96, '2014-06-02 07:49:16', '2014-06-02 07:49:16'),
(120, 116, 96, '2014-06-02 07:49:16', '2014-06-02 07:49:16'),
(121, 117, 96, '2014-06-02 07:49:16', '2014-06-02 07:49:16'),
(122, 118, 97, '2014-06-02 07:59:35', '2014-06-02 07:59:35'),
(123, 119, 97, '2014-06-02 07:59:35', '2014-06-02 07:59:35'),
(124, 120, 98, '2014-06-02 08:09:36', '2014-06-02 08:09:36'),
(125, 82, 99, '2014-06-02 08:17:00', '2014-06-02 08:17:00'),
(126, 121, 99, '2014-06-02 08:17:00', '2014-06-02 08:17:00'),
(127, 75, 94, '2014-06-06 23:09:11', '2014-06-06 23:09:11'),
(133, 5, 100, '2014-06-10 20:29:33', '2014-06-10 20:29:33'),
(134, 18, 100, '2014-06-10 20:29:33', '2014-06-10 20:29:33'),
(136, 126, 103, '2014-06-11 19:12:17', '2014-06-11 19:12:17'),
(137, 127, 103, '2014-06-11 19:12:17', '2014-06-11 19:12:17'),
(138, 128, 103, '2014-06-11 19:12:17', '2014-06-11 19:12:17'),
(139, 129, 103, '2014-06-11 19:12:17', '2014-06-11 19:12:17'),
(140, 130, 103, '2014-06-11 19:12:17', '2014-06-11 19:12:17'),
(141, 134, 104, '2014-06-15 20:20:45', '2014-06-15 20:20:45'),
(142, 135, 104, '2014-06-15 20:20:45', '2014-06-15 20:20:45'),
(143, 136, 104, '2014-06-15 20:20:45', '2014-06-15 20:20:45'),
(144, 132, 106, '2014-06-17 14:02:02', '2014-06-17 14:02:02'),
(145, 133, 106, '2014-06-17 14:02:02', '2014-06-17 14:02:02'),
(146, 139, 110, '2014-06-18 16:55:57', '2014-06-18 16:55:57'),
(147, 140, 110, '2014-06-18 16:55:57', '2014-06-18 16:55:57'),
(148, 141, 111, '2014-06-18 17:09:47', '2014-06-18 17:09:47'),
(149, 142, 111, '2014-06-18 17:09:47', '2014-06-18 17:09:47'),
(150, 143, 112, '2014-06-18 17:26:44', '2014-06-18 17:26:44'),
(151, 144, 112, '2014-06-18 17:26:44', '2014-06-18 17:26:44'),
(152, 145, 113, '2014-06-18 21:54:14', '2014-06-18 21:54:14'),
(153, 146, 113, '2014-06-19 15:52:59', '2014-06-19 15:52:59'),
(154, 147, 113, '2014-06-19 15:52:59', '2014-06-19 15:52:59'),
(155, 148, 113, '2014-06-19 15:52:59', '2014-06-19 15:52:59'),
(156, 149, 114, '2014-06-19 22:25:50', '2014-06-19 22:25:50'),
(157, 150, 114, '2014-06-19 22:25:50', '2014-06-19 22:25:50'),
(158, 151, 115, '2014-06-21 10:46:08', '2014-06-21 10:46:08'),
(159, 152, 115, '2014-06-21 10:46:08', '2014-06-21 10:46:08'),
(160, 153, 116, '2014-06-21 11:00:51', '2014-06-21 11:00:51'),
(161, 154, 116, '2014-06-21 11:00:51', '2014-06-21 11:00:51'),
(162, 155, 116, '2014-06-21 11:00:51', '2014-06-21 11:00:51');

-- --------------------------------------------------------

--
-- Table structure for table `password_reminders`
--

CREATE TABLE IF NOT EXISTS `password_reminders` (
  `email` varchar(255) NOT NULL,
  `token` varchar(255) NOT NULL,
  `created_at` timestamp NOT NULL DEFAULT CURRENT_TIMESTAMP ON UPDATE CURRENT_TIMESTAMP,
  KEY `email` (`email`,`token`)
) ENGINE=InnoDB DEFAULT CHARSET=utf8;

--
-- Dumping data for table `password_reminders`
--

INSERT INTO `password_reminders` (`email`, `token`, `created_at`) VALUES
('andjelko85@gmail.com', '7abb9642ef372533ce0e13122fc08fddd9bd85a3', '2014-05-16 22:26:48'),
('andjelko85@gmail.com', '6002395b330066f0c56b9706f15476757cd3e95f', '2014-05-16 22:27:11'),
('andjelko85@gmail.com', 'cca6c5e5b595fd10c82900433ae2e373cf99bc1f', '2014-06-06 09:51:53');

-- --------------------------------------------------------

--
-- Table structure for table `payments`
--

CREATE TABLE IF NOT EXISTS `payments` (
  `id` int(11) NOT NULL AUTO_INCREMENT,
  `payment_type` set('kes','cek','kartica','virman','interno') COLLATE utf8_unicode_ci NOT NULL DEFAULT 'kes',
  `card_type` varchar(20) COLLATE utf8_unicode_ci DEFAULT NULL,
  `passanger_id` int(11) NOT NULL,
  `reservation_id` int(11) NOT NULL,
  `date` date NOT NULL,
  `exchange_rate` decimal(7,2) NOT NULL,
  `amount_din` decimal(11,2) DEFAULT NULL,
  `amount_eur_din` decimal(11,2) DEFAULT NULL,
  `payment_method` text COLLATE utf8_unicode_ci,
  `description` text COLLATE utf8_unicode_ci,
  `fiscal_slip` varchar(30) COLLATE utf8_unicode_ci NOT NULL,
  `created_at` datetime NOT NULL,
  `updated_at` datetime NOT NULL,
  PRIMARY KEY (`id`)
) ENGINE=InnoDB  DEFAULT CHARSET=utf8 COLLATE=utf8_unicode_ci AUTO_INCREMENT=31 ;

--
-- Dumping data for table `payments`
--

INSERT INTO `payments` (`id`, `payment_type`, `card_type`, `passanger_id`, `reservation_id`, `date`, `exchange_rate`, `amount_din`, `amount_eur_din`, `payment_method`, `description`, `fiscal_slip`, `created_at`, `updated_at`) VALUES
(18, 'kes', '', 126, 103, '2014-05-08', '118.42', '7500.00', '1500.38', NULL, '', '301', '2014-06-11 19:19:44', '2014-06-11 19:19:44'),
(19, 'kes', '', 127, 103, '2014-05-08', '118.42', '7500.00', '1500.38', NULL, '', '303', '2014-06-11 19:21:10', '2014-06-11 19:21:10'),
(20, 'kes', '', 128, 103, '2014-06-10', '118.00', '0.00', '26550.00', NULL, '', '449', '2014-06-11 19:23:06', '2014-06-11 19:23:06'),
(21, 'kes', '', 126, 103, '2014-06-10', '118.00', '0.00', '20364.44', NULL, '', '452', '2014-06-11 19:23:49', '2014-06-11 19:23:49'),
(22, 'kes', '', 126, 103, '2014-06-11', '118.00', '0.00', '9.44', NULL, '', '', '2014-06-11 19:26:41', '2014-06-11 19:26:41'),
(23, 'kes', '', 139, 110, '2014-06-18', '118.00', '0.00', '105964.00', NULL, '', '403', '2014-06-18 16:57:31', '2014-06-18 16:57:31'),
(24, 'kes', '', 141, 111, '2014-06-18', '118.00', '0.00', '23364.00', NULL, '', '445', '2014-06-18 17:10:22', '2014-06-18 17:10:22'),
(27, 'kes', '', 145, 113, '2014-06-19', '118.00', '0.00', '77172.00', NULL, '', '423', '2014-06-19 15:53:58', '2014-06-19 15:53:58'),
(28, 'kes', '', 149, 114, '2014-06-20', '118.00', '7000.00', '54044.00', NULL, '', '505', '2014-06-19 22:26:29', '2014-06-19 22:26:29'),
(29, 'kes', '', 151, 115, '2014-06-21', '118.00', '0.00', '44840.00', NULL, '', '538', '2014-06-21 11:01:43', '2014-06-21 11:01:43'),
(30, 'kes', '', 153, 116, '2014-06-21', '118.00', '0.00', '58410.00', NULL, '', '529', '2014-06-21 11:02:09', '2014-06-21 11:02:09');

-- --------------------------------------------------------

--
-- Table structure for table `reservations`
--

CREATE TABLE IF NOT EXISTS `reservations` (
  `id` int(11) NOT NULL AUTO_INCREMENT,
  `reservation_number` varchar(25) COLLATE utf8_unicode_ci NOT NULL,
  `travel_deal_id` int(11) NOT NULL,
  `reservation_date` timestamp NOT NULL DEFAULT CURRENT_TIMESTAMP,
  `start_date` date NOT NULL,
  `end_date` date NOT NULL,
  `travel_date` date NOT NULL,
  `nights_num` int(2) NOT NULL,
  `passanger_id` int(11) NOT NULL,
  `price_total_din` decimal(12,2) DEFAULT NULL,
  `price_total_eur` decimal(12,2) DEFAULT NULL,
  `status` varchar(25) COLLATE utf8_unicode_ci NOT NULL,
  `discount` decimal(12,2) DEFAULT NULL,
  `discounter_name` varchar(20) COLLATE utf8_unicode_ci DEFAULT NULL,
  `clock_index` int(2) DEFAULT NULL,
  `note` text COLLATE utf8_unicode_ci,
  `note_internal` text COLLATE utf8_unicode_ci,
  `user` varchar(120) COLLATE utf8_unicode_ci DEFAULT NULL,
  `created_at` datetime NOT NULL,
  `updated_at` datetime NOT NULL,
  `internal` tinyint(1) NOT NULL,
  PRIMARY KEY (`id`),
  UNIQUE KEY `reservation_number` (`reservation_number`),
  KEY `rsrv_pass_id_ind` (`passanger_id`),
  KEY `travel_deal_id` (`travel_deal_id`)
) ENGINE=InnoDB  DEFAULT CHARSET=utf8 COLLATE=utf8_unicode_ci AUTO_INCREMENT=117 ;

--
-- Dumping data for table `reservations`
--

INSERT INTO `reservations` (`id`, `reservation_number`, `travel_deal_id`, `reservation_date`, `start_date`, `end_date`, `travel_date`, `nights_num`, `passanger_id`, `price_total_din`, `price_total_eur`, `status`, `discount`, `discounter_name`, `clock_index`, `note`, `note_internal`, `user`, `created_at`, `updated_at`, `internal`) VALUES
(41, '137/2014', 21, '2014-05-30 13:42:15', '2014-05-29', '2014-06-10', '2014-05-28', 10, 19, '0.00', '230.00', 'Realizovana', '0.00', '', 0, '', '', 'Milan Miladinović', '2014-05-30 13:42:15', '2014-05-30 13:42:15', 0),
(42, '130/2014', 22, '2014-05-30 16:03:16', '2014-05-21', '2014-05-27', '2014-05-20', 4, 23, '0.00', '636.00', 'Realizovana', '0.00', '', 0, '', 'nemamo proviziju', 'Milan Miladinović', '2014-05-30 16:03:16', '2014-05-30 16:03:16', 0),
(44, '158/2014', 22, '2014-05-30 22:36:15', '2014-05-21', '2014-05-27', '2014-05-21', 4, 28, '0.00', '396.00', 'Realizovana', '0.00', '', 0, '', 'nema zarade', 'Milan Miladinović', '2014-05-30 22:36:15', '2014-05-30 22:36:15', 0),
(47, '166/2014', 24, '2014-05-30 22:52:39', '2014-05-21', '2014-05-27', '2014-05-21', 4, 32, '0.00', '258.00', 'Realizovana', '0.00', '', 0, '', '30e zarada', 'Milan Miladinović', '2014-05-30 22:52:39', '2014-05-30 22:52:39', 0),
(48, '134/2014', 22, '2014-05-30 23:07:17', '2014-05-21', '2014-05-27', '2014-05-21', 4, 34, '0.00', '396.00', 'Realizovana', '0.00', '', 0, '', 'nema zarade', 'Milan Miladinović', '2014-05-30 23:07:17', '2014-05-30 23:07:17', 0),
(49, '136/2014', 24, '2014-05-30 23:14:54', '2014-05-21', '2014-05-27', '2014-05-21', 4, 38, '0.00', '258.00', 'Realizovana', '0.00', '', 0, '', '30 eura zarada', 'Milan Miladinović', '2014-05-30 23:14:53', '2014-05-30 23:14:53', 0),
(50, '124/2014', 24, '2014-05-30 23:20:46', '2014-05-21', '2014-05-27', '2014-05-21', 4, 40, '0.00', '258.00', 'Realizovana', '0.00', '', 0, '', '30e zarada', 'Milan Miladinović', '2014-05-30 23:20:46', '2014-05-30 23:20:46', 0),
(51, '135/2014', 22, '2014-05-30 23:30:32', '2014-05-21', '2014-05-27', '2014-05-21', 4, 42, '0.00', '594.00', 'Realizovana', '0.00', '', 0, '', 'nema zarade', 'Milan Miladinović', '2014-05-30 23:30:32', '2014-05-30 23:30:32', 0),
(52, '112/2014', 26, '2014-05-30 23:44:31', '2014-05-27', '2014-06-08', '2014-05-27', 10, 48, '0.00', '345.00', 'Realizovana', '0.00', '', 0, '', 'zarada 34.50e', 'Milan Miladinović', '2014-05-30 23:44:31', '2014-05-30 23:44:31', 0),
(53, '175/2014', 27, '2014-06-01 20:15:48', '2014-05-27', '2014-06-06', '2014-05-26', 10, 63, '850.00', '160.00', 'Realizovana', '0.00', '', 0, '', 'zarada 16e', 'Milan Miladinović', '2014-06-01 20:15:48', '2014-06-01 20:15:48', 0),
(54, '154/2014', 30, '2014-06-01 20:44:12', '2014-05-01', '2014-05-04', '2014-05-01', 3, 65, '0.00', '98.00', 'Realizovana', '0.00', '', 0, '', 'zarada 9.8e', 'Milan Miladinović', '2014-06-01 20:44:12', '2014-06-01 20:44:12', 0),
(55, '159/2014', 31, '2014-06-01 20:57:28', '2014-05-01', '2014-05-04', '2014-05-01', 3, 67, '0.00', '98.00', 'Realizovana', '0.00', '', 0, '', 'zarada 1.2e, preprodali Kiky travel', 'Milan Miladinović', '2014-06-01 20:57:28', '2014-06-01 20:57:28', 0),
(56, '163/2014', 32, '2014-06-01 21:13:34', '2014-04-30', '2014-05-05', '2014-04-30', 3, 69, '0.00', '290.00', 'Realizovana', '0.00', '', 0, '', 'storno!!!', 'Milan Miladinović', '2014-06-01 21:13:34', '2014-06-01 21:13:34', 0),
(62, '164/2014', 33, '2014-06-01 21:27:52', '2014-04-30', '2014-05-05', '2014-04-30', 3, 69, '0.00', '258.00', 'Realizovana', '0.00', '', 0, '', 'ide umesto storno 163/2014. \r\nzarada 25.8e', 'Milan Miladinović', '2014-06-01 21:27:52', '2014-06-01 21:27:52', 0),
(63, '143/2014', 34, '2014-06-01 21:44:20', '2014-04-30', '2014-05-03', '2014-04-30', 2, 72, '0.00', '218.00', 'Realizovana', '0.00', '', 0, '', 'zarada 21.80e', 'Milan Miladinović', '2014-06-01 21:44:20', '2014-06-01 21:44:20', 0),
(64, '156/2014', 35, '2014-06-01 21:51:49', '2014-04-30', '2014-05-03', '2014-04-30', 2, 74, '0.00', '133.00', 'Realizovana', '0.00', '', 0, '', 'zarada 13.8e', 'Milan Miladinović', '2014-06-01 21:51:49', '2014-06-01 21:51:49', 0),
(65, '81/2014', 35, '2014-06-01 21:59:14', '2014-04-30', '2014-05-03', '2014-04-30', 2, 76, '0.00', '138.00', 'Realizovana', '0.00', '', 0, '', 'zarada 13.8e', 'Milan Miladinović', '2014-06-01 21:59:14', '2014-06-01 21:59:14', 0),
(66, '161/2014', 36, '2014-06-01 22:08:42', '2014-04-30', '2014-05-04', '2014-04-30', 3, 78, '0.00', '160.00', 'Realizovana', '40.00', 'Kinez', 0, '', 'nema zarade', 'Milan Miladinović', '2014-06-01 22:08:42', '2014-06-01 22:08:42', 0),
(67, '160/2014', 37, '2014-06-01 22:15:17', '2014-04-30', '2014-05-05', '2014-04-30', 3, 80, '0.00', '258.00', 'Realizovana', '0.00', '', 0, '', 'zarada 25.8e', 'Milan Miladinović', '2014-06-01 22:15:17', '2014-06-01 22:15:17', 0),
(68, '151/2014', 38, '2014-06-01 22:27:21', '2014-04-30', '2014-05-05', '2014-04-30', 3, 82, '0.00', '438.00', 'Realizovana', '0.00', '', 0, '', 'zarada 41.8e', 'Milan Miladinović', '2014-06-01 22:27:21', '2014-06-01 22:27:21', 0),
(69, '155/2014', 39, '2014-06-01 22:35:38', '2014-04-30', '2014-05-04', '2014-04-30', 2, 84, '0.00', '178.00', 'Realizovana', '0.00', '', 0, '', 'zarada 17.80e', 'Milan Miladinović', '2014-06-01 22:35:38', '2014-06-01 22:35:38', 0),
(82, '12/2014', 40, '2014-06-01 22:47:18', '2014-04-30', '2014-05-04', '2014-04-30', 3, 86, '0.00', '150.00', 'Realizovana', '20.00', 'Radiči', 0, '', 'nema zarade', 'Milan Miladinović', '2014-06-01 22:47:18', '2014-06-01 22:47:18', 0),
(83, '157/2014', 43, '2014-06-01 23:01:59', '2014-04-26', '2014-04-27', '2014-04-26', 0, 89, '0.00', '45.98', 'Realizovana', '0.00', '', 0, '', 'zarada 4.6e', 'Milan Miladinović', '2014-06-01 23:01:59', '2014-06-01 23:01:59', 0),
(84, '85/2014', 44, '2014-06-01 23:20:23', '2014-04-30', '2014-05-04', '2014-04-30', 2, 91, '0.00', '178.00', 'Realizovana', '0.00', '', 0, '', 'zarada 17.8e', 'Milan Miladinović', '2014-06-01 23:20:23', '2014-06-01 23:20:23', 0),
(85, '86/2014', 44, '2014-06-01 23:25:58', '2014-04-30', '2014-05-04', '2014-04-30', 2, 93, '0.00', '184.00', 'Realizovana', '0.00', '', 0, '', 'zarada 18.4e', 'Milan Miladinović', '2014-06-01 23:25:58', '2014-06-01 23:25:58', 0),
(87, '11/2014', 45, '2014-06-01 23:35:44', '2014-04-30', '2014-05-06', '2014-04-30', 5, 95, '0.00', '578.00', 'Realizovana', '0.00', '', 0, '', 'zarada 40e', 'Milan Miladinović', '2014-06-01 23:35:44', '2014-06-01 23:35:44', 0),
(88, '02/2014', 46, '2014-06-01 23:56:41', '2014-02-01', '2014-02-08', '2014-02-01', 7, 97, '0.00', '350.00', 'Realizovana', '0.00', '', 0, '', 'zarada 24e', 'Milan Miladinović', '2014-06-01 23:56:41', '2014-06-01 23:56:41', 0),
(89, '03/2014', 47, '2014-06-02 00:07:27', '2014-02-15', '2014-02-22', '2014-02-15', 7, 100, '0.00', '442.00', 'Realizovana', '0.00', '', 0, '', 'zarada 2838 din.', 'Milan Miladinović', '2014-06-02 00:07:27', '2014-06-02 00:07:27', 0),
(90, '4/2014', 48, '2014-06-02 00:15:58', '2014-02-14', '2014-02-18', '2014-02-14', 2, 102, '0.00', '192.00', 'Realizovana', '0.00', '', 0, '', 'zarada 17.8e', 'Milan Miladinović', '2014-06-02 00:15:58', '2014-06-02 00:15:58', 0),
(91, '7/2014', 49, '2014-06-02 00:21:24', '2014-02-14', '2014-02-18', '2014-02-14', 2, 104, '0.00', '192.00', 'Realizovana', '0.00', '', 0, '', 'nema zarade, minus', 'Milan Miladinović', '2014-06-02 00:21:24', '2014-06-02 00:21:24', 0),
(92, '8/2014', 50, '2014-06-02 00:30:11', '2014-02-14', '2014-02-16', '2014-02-14', 2, 106, '6000.00', '0.00', 'Realizovana', '0.00', '', 0, '', 'zarada 600 din', 'Milan Miladinović', '2014-06-02 00:30:11', '2014-06-02 00:30:11', 0),
(93, '1/2014', 52, '2014-06-02 00:36:56', '2014-03-06', '2014-03-10', '2014-03-06', 2, 109, '0.00', '178.00', 'Realizovana', '0.00', '', 0, '', 'zarada 17.8e', 'Milan Miladinović', '2014-06-02 00:36:56', '2014-06-02 00:36:56', 0),
(94, '', 53, '2014-06-02 07:27:22', '2014-03-07', '2014-03-09', '2014-03-07', 1, 110, '0.00', '93.00', 'Realizovana', '0.00', '', 0, '', 'zarada 9.8e', 'Milan Miladinović', '2014-06-02 07:27:22', '2014-06-07 08:20:45', 0),
(95, '14/2014', 54, '2014-06-02 07:37:13', '2014-03-07', '2014-03-09', '2014-03-07', 1, 112, '0.00', '147.00', 'Realizovana', '0.00', '', 0, '', 'zarada 14.7e', 'Milan Miladinović', '2014-06-02 07:37:13', '2014-06-02 07:37:13', 0),
(96, '162/2014', 55, '2014-06-02 07:49:16', '2014-04-30', '2014-05-04', '2014-04-30', 2, 115, '0.00', '267.00', 'Realizovana', '0.00', '', 0, '', 'zarada 26.7', 'Milan Miladinović', '2014-06-02 07:49:16', '2014-06-02 07:49:16', 0),
(97, '107/2014', 56, '2014-06-02 07:59:35', '2014-03-31', '2014-04-05', '2014-03-31', 5, 118, '0.00', '2388.00', 'Realizovana', '0.00', '', 0, '', 'zarada 200e', 'Milan Miladinović', '2014-06-02 07:59:35', '2014-06-02 07:59:35', 0),
(98, '106/2014', 57, '2014-06-02 08:09:36', '2014-03-25', '2014-03-30', '2014-03-25', 4, 120, '0.00', '149.00', 'Realizovana', '0.00', '', 0, '', 'zarada 1406 din.', 'Milan Miladinović', '2014-06-02 08:09:36', '2014-06-02 08:09:36', 0),
(99, '139/2014', 58, '2014-06-02 08:17:00', '0000-00-00', '0000-00-00', '0000-00-00', 3, 82, '0.00', '278.00', 'Realizovana', '0.00', '', 0, '', 'zarada 27.80', 'Milan Miladinović', '2014-06-02 08:17:00', '2014-06-10 23:25:37', 0),
(100, '14-1/2014', 21, '2014-06-07 10:25:36', '2014-01-08', '2014-01-12', '2014-01-12', 9, 18, '0.00', '115.00', 'Realizovana', '0.00', '', 15, '', '', 'Milan Miladinović', '2014-06-07 10:25:36', '2014-06-11 16:10:35', 1),
(103, '174/2014', 59, '2014-06-11 19:12:17', '2014-06-16', '2014-06-26', '2014-06-15', 10, 126, '15000.00', '423.00', 'Realizovana', '0.00', '', 0, '', '', 'Zorana Radović', '2014-06-11 19:12:17', '2014-06-11 19:12:17', 0),
(104, '120/2014', 67, '2014-06-15 20:20:45', '2014-07-08', '2014-07-18', '2014-07-07', 9, 134, '0.00', '447.00', 'Aktivna', '0.00', '', 0, '', '', 'Zorana Radović', '2014-06-15 20:20:45', '2014-06-15 20:20:45', 0),
(106, '110/2014', 66, '2014-06-17 14:00:18', '2014-07-08', '2014-07-16', '2014-07-07', 9, 132, '0.00', '338.00', 'Aktivna', '0.00', '', 0, '', '', 'Zorana Radović', '2014-06-17 13:59:52', '2014-06-17 13:59:52', 0),
(110, '192/2014', 70, '2014-06-18 16:55:57', '2014-06-12', '2014-06-22', '2014-06-12', 9, 139, '0.00', '898.00', 'Aktivna', '0.00', '', 0, '', '', 'Milan Miladinović', '2014-06-18 16:55:57', '2014-06-18 16:55:57', 0),
(111, '204/2014', 71, '2014-06-18 17:09:47', '2014-06-11', '2014-06-16', '2014-06-10', 5, 141, '0.00', '198.00', 'Aktivna', '0.00', '', 0, '', '', 'Milan Miladinović', '2014-06-18 17:09:47', '2014-06-18 17:09:47', 0),
(112, '202/2014', 72, '2014-06-18 17:26:44', '2014-06-16', '2014-06-26', '2014-06-25', 10, 143, '7000.00', '230.00', 'Aktivna', '0.00', '', 0, '', '', 'Milan Miladinović', '2014-06-18 17:26:44', '2014-06-18 17:26:44', 0),
(113, '172/2014', 73, '2014-06-18 21:54:14', '2014-06-15', '2014-06-29', '2014-06-15', 14, 145, '0.00', '654.00', 'Aktivna', '0.00', '', 0, '', '', 'Milan Miladinović', '2014-06-18 21:54:14', '2014-06-19 15:52:59', 0),
(114, '150/2014', 74, '2014-06-19 22:25:50', '2014-06-18', '2014-06-30', '2014-06-18', 10, 149, '7000.00', '458.00', 'Aktivna', '0.00', '', 0, '', '', 'Milan Miladinović', '2014-06-19 22:25:50', '2014-06-19 22:25:50', 0),
(115, '198/2014', 75, '2014-06-21 10:46:08', '2014-06-22', '2014-07-02', '2014-07-21', 10, 151, '0.00', '380.00', 'Aktivna', '50.00', 'RADIČI', 0, '', '', 'Milan Miladinović', '2014-06-21 10:46:08', '2014-06-21 10:46:08', 0),
(116, '199/2014', 76, '2014-06-21 11:00:51', '2014-06-22', '2014-07-02', '2014-06-21', 10, 153, '0.00', '495.00', 'Aktivna', '0.00', '', 0, '', '', 'Milan Miladinović', '2014-06-21 11:00:51', '2014-06-21 11:00:51', 0);

-- --------------------------------------------------------

--
-- Table structure for table `reservations_log`
--

CREATE TABLE IF NOT EXISTS `reservations_log` (
  `id` int(11) NOT NULL AUTO_INCREMENT,
  `reservation_id` int(11) NOT NULL,
  `user_id` varchar(16) NOT NULL,
  `updated_at` datetime NOT NULL,
  `created_at` datetime NOT NULL,
  PRIMARY KEY (`id`),
  KEY `reservation_id` (`reservation_id`,`user_id`),
  KEY `user_id` (`user_id`)
) ENGINE=InnoDB  DEFAULT CHARSET=utf8 AUTO_INCREMENT=47 ;

--
-- Dumping data for table `reservations_log`
--

INSERT INTO `reservations_log` (`id`, `reservation_id`, `user_id`, `updated_at`, `created_at`) VALUES
(1, 94, 'andjelko', '2014-06-07 08:09:45', '2014-06-07 08:09:45'),
(2, 94, 'andjelko', '2014-06-07 08:18:05', '2014-06-07 08:18:05'),
(3, 94, 'andjelko', '2014-06-07 08:19:39', '2014-06-07 08:19:39'),
(4, 94, 'andjelko', '2014-06-07 08:20:45', '2014-06-07 08:20:45'),
(5, 100, 'sanja', '2014-06-10 18:32:38', '2014-06-10 18:32:38'),
(6, 100, 'sanja', '2014-06-10 18:35:37', '2014-06-10 18:35:37'),
(7, 100, 'sanja', '2014-06-10 18:51:43', '2014-06-10 18:51:43'),
(8, 100, 'sanja', '2014-06-10 18:53:30', '2014-06-10 18:53:30'),
(9, 100, 'sanja', '2014-06-10 18:54:17', '2014-06-10 18:54:17'),
(10, 100, 'sanja', '2014-06-10 19:11:04', '2014-06-10 19:11:04'),
(11, 100, 'sanja', '2014-06-10 19:11:14', '2014-06-10 19:11:14'),
(12, 100, 'sanja', '2014-06-10 19:13:57', '2014-06-10 19:13:57'),
(13, 100, 'sanja', '2014-06-10 19:16:06', '2014-06-10 19:16:06'),
(14, 100, 'sanja', '2014-06-10 19:22:27', '2014-06-10 19:22:27'),
(15, 100, 'sanja', '2014-06-10 19:23:13', '2014-06-10 19:23:13'),
(16, 100, 'sanja', '2014-06-10 19:26:26', '2014-06-10 19:26:26'),
(17, 100, 'sanja', '2014-06-10 19:29:27', '2014-06-10 19:29:27'),
(18, 100, 'sanja', '2014-06-10 19:29:38', '2014-06-10 19:29:38'),
(19, 100, 'sanja', '2014-06-10 19:30:00', '2014-06-10 19:30:00'),
(20, 100, 'sanja', '2014-06-10 19:33:08', '2014-06-10 19:33:08'),
(21, 100, 'sanja', '2014-06-10 20:17:30', '2014-06-10 20:17:30'),
(22, 100, 'sanja', '2014-06-10 20:18:16', '2014-06-10 20:18:16'),
(23, 100, 'sanja', '2014-06-10 20:28:26', '2014-06-10 20:28:26'),
(24, 100, 'sanja', '2014-06-10 20:29:33', '2014-06-10 20:29:33'),
(25, 100, 'sanja', '2014-06-10 20:31:02', '2014-06-10 20:31:02'),
(26, 100, 'sanja', '2014-06-10 20:34:18', '2014-06-10 20:34:18'),
(27, 100, 'sanja', '2014-06-10 22:55:39', '2014-06-10 22:55:39'),
(28, 100, 'sanja', '2014-06-10 22:56:34', '2014-06-10 22:56:34'),
(29, 100, 'sanja', '2014-06-10 23:02:28', '2014-06-10 23:02:28'),
(30, 100, 'sanja', '2014-06-10 23:03:01', '2014-06-10 23:03:01'),
(31, 100, 'sanja', '2014-06-10 23:06:32', '2014-06-10 23:06:32'),
(32, 100, 'sanja', '2014-06-10 23:07:33', '2014-06-10 23:07:33'),
(33, 100, 'sanja', '2014-06-10 23:13:57', '2014-06-10 23:13:57'),
(34, 100, 'sanja', '2014-06-10 23:24:02', '2014-06-10 23:24:02'),
(35, 99, 'sanja', '2014-06-10 23:25:37', '2014-06-10 23:25:37'),
(36, 100, 'sanja', '2014-06-10 23:38:37', '2014-06-10 23:38:37'),
(37, 100, 'sanja', '2014-06-10 23:43:49', '2014-06-10 23:43:49'),
(38, 100, 'sanja', '2014-06-10 23:51:16', '2014-06-10 23:51:16'),
(39, 100, 'sanja', '2014-06-11 00:07:48', '2014-06-11 00:07:48'),
(40, 100, 'sanja', '2014-06-11 00:08:33', '2014-06-11 00:08:33'),
(41, 100, 'andjelko', '2014-06-11 07:52:45', '2014-06-11 07:52:45'),
(42, 100, 'andjelko', '2014-06-11 07:55:40', '2014-06-11 07:55:40'),
(43, 100, 'sanja', '2014-06-11 16:01:53', '2014-06-11 16:01:53'),
(44, 100, 'sanja', '2014-06-11 16:02:45', '2014-06-11 16:02:45'),
(45, 100, 'sanja', '2014-06-11 16:10:35', '2014-06-11 16:10:35'),
(46, 113, 'Kinez', '2014-06-19 15:52:59', '2014-06-19 15:52:59');

-- --------------------------------------------------------

--
-- Table structure for table `reservation_excursion`
--

CREATE TABLE IF NOT EXISTS `reservation_excursion` (
  `destinationId` int(11) NOT NULL,
  `excursionId` int(11) NOT NULL,
  `created_at` datetime NOT NULL,
  `updated_at` datetime NOT NULL,
  `id` int(11) NOT NULL AUTO_INCREMENT,
  `reservationId` int(11) NOT NULL,
  `num` int(11) NOT NULL DEFAULT '1',
  PRIMARY KEY (`id`),
  KEY `destinationId` (`destinationId`,`excursionId`,`id`),
  KEY `reservationId` (`reservationId`),
  KEY `ExcID` (`excursionId`)
) ENGINE=InnoDB DEFAULT CHARSET=utf8 COLLATE=utf8_unicode_ci AUTO_INCREMENT=1 ;

-- --------------------------------------------------------

--
-- Table structure for table `reservation_numbers`
--

CREATE TABLE IF NOT EXISTS `reservation_numbers` (
  `id` int(11) NOT NULL AUTO_INCREMENT,
  `year` int(11) NOT NULL,
  `number` int(11) NOT NULL,
  `internalNum` int(11) NOT NULL,
  `created_at` datetime NOT NULL,
  `updated_at` datetime NOT NULL,
  PRIMARY KEY (`id`),
  KEY `id` (`id`)
) ENGINE=InnoDB  DEFAULT CHARSET=utf8 COLLATE=utf8_unicode_ci AUTO_INCREMENT=2 ;

--
-- Dumping data for table `reservation_numbers`
--

INSERT INTO `reservation_numbers` (`id`, `year`, `number`, `internalNum`, `created_at`, `updated_at`) VALUES
(1, 2014, 14, 3, '0000-00-00 00:00:00', '2014-06-11 16:36:41');

-- --------------------------------------------------------

--
-- Table structure for table `reservation_prices`
--

CREATE TABLE IF NOT EXISTS `reservation_prices` (
  `id` int(11) NOT NULL AUTO_INCREMENT,
  `priceItem` varchar(50) COLLATE utf8_unicode_ci NOT NULL,
  `priceDin` float NOT NULL,
  `priceEur` float NOT NULL,
  `num` int(11) DEFAULT '1',
  `reservationId` int(11) NOT NULL,
  `created_at` datetime NOT NULL,
  `updated_at` datetime NOT NULL,
  PRIMARY KEY (`id`),
  KEY `id` (`id`,`reservationId`)
) ENGINE=InnoDB  DEFAULT CHARSET=utf8 COLLATE=utf8_unicode_ci AUTO_INCREMENT=210 ;

--
-- Dumping data for table `reservation_prices`
--

INSERT INTO `reservation_prices` (`id`, `priceItem`, `priceDin`, `priceEur`, `num`, `reservationId`, `created_at`, `updated_at`) VALUES
(76, 'Smeštaj Adl', 0, 115, 2, 41, '2014-05-30 13:42:15', '2014-05-30 13:42:15'),
(77, 'Smeštaj Adl', 0, 129, 4, 42, '2014-05-30 16:03:16', '2014-05-30 16:03:16'),
(78, 'Popust', 0, -30, 4, 42, '2014-05-30 16:03:16', '2014-05-30 16:03:16'),
(81, 'Smeštaj Adl', 0, 129, 4, 44, '2014-05-30 22:36:15', '2014-05-30 22:36:15'),
(82, 'Popust', 0, 30, 4, 44, '2014-05-30 22:36:15', '2014-05-30 22:36:15'),
(87, 'Smeštaj Adl', 0, 189, 2, 47, '2014-05-30 22:52:39', '2014-05-30 22:52:39'),
(88, 'Popust', 0, 60, 2, 47, '2014-05-30 22:52:39', '2014-05-30 22:52:39'),
(89, 'Smeštaj Adl', 0, 129, 4, 48, '2014-05-30 23:07:17', '2014-05-30 23:07:17'),
(90, 'Smeštaj Chld', 0, 0, 1, 48, '2014-05-30 23:07:17', '2014-05-30 23:07:17'),
(91, 'Prevoz Adl', 0, 0, 1, 48, '2014-05-30 23:07:17', '2014-05-30 23:07:17'),
(92, 'Prevoz Chld', 0, 0, 1, 48, '2014-05-30 23:07:17', '2014-05-30 23:07:17'),
(93, 'Popust', 0, 30, 4, 48, '2014-05-30 23:07:17', '2014-05-30 23:07:17'),
(94, 'Doplata', 0, 0, 1, 48, '2014-05-30 23:07:17', '2014-05-30 23:07:17'),
(95, 'Smeštaj Adl', 0, 189, 2, 49, '2014-05-30 23:14:54', '2014-05-30 23:14:54'),
(96, 'Popust', 0, 60, 2, 49, '2014-05-30 23:14:54', '2014-05-30 23:14:54'),
(97, 'Smeštaj Adl', 0, 189, 2, 50, '2014-05-30 23:20:47', '2014-05-30 23:20:47'),
(98, 'Popust', 0, 60, 2, 50, '2014-05-30 23:20:47', '2014-05-30 23:20:47'),
(99, 'Smeštaj Adl', 0, 129, 6, 51, '2014-05-30 23:30:32', '2014-05-30 23:30:32'),
(100, 'Popust', 0, 30, 6, 51, '2014-05-30 23:30:32', '2014-05-30 23:30:32'),
(101, 'Smeštaj Adl', 0, 69, 5, 52, '2014-05-30 23:44:31', '2014-05-30 23:44:31'),
(102, 'Smeštaj Adl', 0, 80, 2, 53, '2014-06-01 20:15:48', '2014-06-01 20:15:48'),
(103, 'Doplata', 850, 0, 1, 53, '2014-06-01 20:15:48', '2014-06-01 20:15:48'),
(104, 'Smeštaj Adl', 0, 49, 2, 54, '2014-06-01 20:44:12', '2014-06-01 20:44:12'),
(105, 'Smeštaj Adl', 0, 49, 2, 55, '2014-06-01 20:57:28', '2014-06-01 20:57:28'),
(106, 'Smeštaj Adl', 0, 145, 2, 56, '2014-06-01 21:13:34', '2014-06-01 21:13:34'),
(107, 'Smeštaj Adl', 0, 129, 2, 62, '2014-06-01 21:27:52', '2014-06-01 21:27:52'),
(108, 'Smeštaj Adl', 0, 109, 2, 63, '2014-06-01 21:44:20', '2014-06-01 21:44:20'),
(109, 'Smeštaj Adl', 0, 69, 2, 64, '2014-06-01 21:51:49', '2014-06-01 21:51:49'),
(110, 'Popust', 0, 5, 1, 64, '2014-06-01 21:51:49', '2014-06-01 21:51:49'),
(111, 'Smeštaj Adl', 0, 69, 2, 65, '2014-06-01 21:59:14', '2014-06-01 21:59:14'),
(112, 'Smeštaj Adl', 0, 35, 2, 66, '2014-06-01 22:08:43', '2014-06-01 22:08:43'),
(113, 'Prevoz Adl', 0, 55, 2, 66, '2014-06-01 22:08:43', '2014-06-01 22:08:43'),
(114, 'Popust', 0, 20, 2, 66, '2014-06-01 22:08:43', '2014-06-01 22:08:43'),
(115, 'Doplata', 0, 10, 2, 66, '2014-06-01 22:08:43', '2014-06-01 22:08:43'),
(116, 'Smeštaj Adl', 0, 129, 2, 67, '2014-06-01 22:15:17', '2014-06-01 22:15:17'),
(117, 'Smeštaj Adl', 0, 209, 2, 68, '2014-06-01 22:27:21', '2014-06-01 22:27:21'),
(118, 'Smeštaj Chld', 0, 0, 1, 68, '2014-06-01 22:27:22', '2014-06-01 22:27:22'),
(119, 'Prevoz Adl', 0, 0, 1, 68, '2014-06-01 22:27:22', '2014-06-01 22:27:22'),
(120, 'Prevoz Chld', 0, 0, 1, 68, '2014-06-01 22:27:22', '2014-06-01 22:27:22'),
(121, 'Popust', 0, 0, 1, 68, '2014-06-01 22:27:22', '2014-06-01 22:27:22'),
(122, 'Doplata', 0, 20, 1, 68, '2014-06-01 22:27:22', '2014-06-01 22:27:22'),
(123, 'Smeštaj Adl', 0, 89, 2, 69, '2014-06-01 22:35:38', '2014-06-01 22:35:38'),
(124, 'Smeštaj Adl', 0, 45, 3, 82, '2014-06-01 22:47:18', '2014-06-01 22:47:18'),
(125, 'Popust', 0, 20, 3, 82, '2014-06-01 22:47:18', '2014-06-01 22:47:18'),
(126, 'Doplata', 0, 25, 3, 82, '2014-06-01 22:47:18', '2014-06-01 22:47:18'),
(127, 'Smeštaj Adl', 0, 22.99, 2, 83, '2014-06-01 23:01:59', '2014-06-01 23:01:59'),
(128, 'Smeštaj Chld', 0, 0, 1, 83, '2014-06-01 23:01:59', '2014-06-01 23:01:59'),
(129, 'Prevoz Adl', 0, 0, 1, 83, '2014-06-01 23:01:59', '2014-06-01 23:01:59'),
(130, 'Prevoz Chld', 0, 0, 1, 83, '2014-06-01 23:01:59', '2014-06-01 23:01:59'),
(131, 'Popust', 0, 0, 1, 83, '2014-06-01 23:01:59', '2014-06-01 23:01:59'),
(132, 'Doplata', 0, 0, 1, 83, '2014-06-01 23:01:59', '2014-06-01 23:01:59'),
(133, 'Smeštaj Adl', 0, 89, 2, 84, '2014-06-01 23:20:23', '2014-06-01 23:20:23'),
(134, 'Smeštaj Adl', 0, 89, 1, 85, '2014-06-01 23:25:58', '2014-06-01 23:25:58'),
(135, 'Smeštaj Chld', 0, 85, 1, 85, '2014-06-01 23:25:58', '2014-06-01 23:25:58'),
(136, 'Doplata', 0, 10, 1, 85, '2014-06-01 23:25:58', '2014-06-01 23:25:58'),
(137, 'Smeštaj Adl', 0, 289, 2, 87, '2014-06-01 23:35:44', '2014-06-01 23:35:44'),
(138, 'Smeštaj Adl', 0, 160, 2, 88, '2014-06-01 23:56:41', '2014-06-01 23:56:41'),
(139, 'Doplata', 0, 10, 2, 88, '2014-06-01 23:56:41', '2014-06-01 23:56:41'),
(140, 'Doplata za boravišnu taksu', 0, 5, 2, 88, '2014-06-01 23:56:41', '2014-06-01 23:56:41'),
(141, 'Smeštaj Adl', 0, 150, 2, 89, '2014-06-02 00:07:27', '2014-06-02 00:07:27'),
(142, 'Doplata', 0, 56, 2, 89, '2014-06-02 00:07:27', '2014-06-02 00:07:27'),
(143, 'Usluge inopartnera', 0, 10, 2, 89, '2014-06-02 00:07:27', '2014-06-02 00:07:27'),
(144, 'Boravišna taksa', 0, 5, 2, 89, '2014-06-02 00:07:27', '2014-06-02 00:07:27'),
(145, 'Smeštaj Adl', 0, 89, 2, 90, '2014-06-02 00:15:58', '2014-06-02 00:15:58'),
(146, 'Doplata', 0, 7, 2, 90, '2014-06-02 00:15:58', '2014-06-02 00:15:58'),
(147, 'Smeštaj Adl', 0, 89, 2, 91, '2014-06-02 00:21:24', '2014-06-02 00:21:24'),
(148, 'Doplata', 0, 7, 2, 91, '2014-06-02 00:21:24', '2014-06-02 00:21:24'),
(149, 'Smeštaj Adl', 6000, 0, 1, 92, '2014-06-02 00:30:11', '2014-06-02 00:30:11'),
(150, 'Smeštaj Adl', 0, 79, 2, 93, '2014-06-02 00:36:56', '2014-06-02 00:36:56'),
(151, 'Doplata', 0, 10, 2, 93, '2014-06-02 00:36:56', '2014-06-02 00:36:56'),
(152, 'Smeštaj Adl', 0, 49, 2, 94, '2014-06-02 07:27:22', '2014-06-02 07:27:22'),
(153, 'Popust', 0, 5, 1, 94, '2014-06-02 07:27:22', '2014-06-02 07:27:22'),
(154, 'Smeštaj Adl', 0, 49, 3, 95, '2014-06-02 07:37:13', '2014-06-02 07:37:13'),
(155, 'Smeštaj Adl', 0, 89, 3, 96, '2014-06-02 07:49:16', '2014-06-02 07:49:16'),
(156, 'Smeštaj Adl', 0, 1059, 2, 97, '2014-06-02 07:59:35', '2014-06-02 07:59:35'),
(157, 'Doplata', 0, 135, 2, 97, '2014-06-02 07:59:35', '2014-06-02 07:59:35'),
(158, 'Smeštaj Adl', 0, 119, 1, 98, '2014-06-02 08:09:36', '2014-06-02 08:09:36'),
(159, 'Doplata', 0, 30, 1, 98, '2014-06-02 08:09:36', '2014-06-02 08:09:36'),
(160, 'Smeštaj Adl', 0, 139, 2, 99, '2014-06-02 08:17:00', '2014-06-10 23:25:37'),
(161, 'Smeštaj Chld', 0, 0, 1, 99, '2014-06-02 08:17:00', '2014-06-10 23:25:37'),
(162, 'Prevoz Adl', 0, 0, 1, 99, '2014-06-02 08:17:00', '2014-06-10 23:25:37'),
(163, 'Prevoz Chld', 0, 0, 1, 99, '2014-06-02 08:17:00', '2014-06-10 23:25:37'),
(164, 'Popust', 0, 0, 1, 99, '2014-06-02 08:17:00', '2014-06-10 23:25:37'),
(165, 'Doplata', 0, 0, 1, 99, '2014-06-02 08:17:00', '2014-06-10 23:25:37'),
(166, 'Smeštaj Adl', 3456, 115, 2, 100, '2014-06-07 10:25:36', '2014-06-11 16:10:35'),
(185, 'Smeštaj Adl', 3500, 135, 3, 103, '2014-06-11 19:12:17', '2014-06-11 19:12:17'),
(186, 'Popust', 0, 40, 5, 103, '2014-06-11 19:12:17', '2014-06-11 19:12:17'),
(187, 'Popust', 2500, 100, 1, 103, '2014-06-11 19:12:17', '2014-06-11 19:12:17'),
(188, 'Smeštaj Adl', 3500, 159, 2, 103, '2014-06-11 19:12:17', '2014-06-11 19:12:17'),
(189, 'Smeštaj Adl', 0, 199, 3, 104, '2014-06-15 20:20:45', '2014-06-15 20:20:45'),
(190, 'Popust', 0, 50, 3, 104, '2014-06-15 20:20:45', '2014-06-15 20:20:45'),
(191, 'Smeštaj Adl', 0, 199, 2, 106, '2014-06-17 14:02:00', '2014-06-17 14:02:00'),
(192, 'Popust', 0, 50, 2, 106, '2014-06-17 14:02:01', '2014-06-17 14:02:01'),
(193, 'Doplata', 0, 20, 2, 106, '2014-06-17 14:02:02', '2014-06-17 14:02:02'),
(194, 'Smeštaj Adl', 0, 373, 2, 110, '2014-06-18 16:55:57', '2014-06-18 16:55:57'),
(195, 'Doplata', 0, 76, 2, 110, '2014-06-18 16:55:57', '2014-06-18 16:55:57'),
(196, 'Smeštaj Adl', 0, 99, 2, 111, '2014-06-18 17:09:47', '2014-06-18 17:09:47'),
(197, 'Smeštaj Adl', 0, 115, 2, 112, '2014-06-18 17:26:44', '2014-06-18 17:26:44'),
(198, 'Smeštaj Adl', 3500, 0, 2, 112, '2014-06-18 17:26:44', '2014-06-18 17:26:44'),
(199, 'Smeštaj Adl', 0, 654, 1, 113, '2014-06-18 21:54:14', '2014-06-19 15:52:59'),
(205, 'Smeštaj Adl', 3500, 239, 2, 114, '2014-06-19 22:25:50', '2014-06-19 22:25:50'),
(206, 'Popust', 0, 10, 2, 114, '2014-06-19 22:25:50', '2014-06-19 22:25:50'),
(207, 'Smeštaj Adl', 0, 215, 2, 115, '2014-06-21 10:46:08', '2014-06-21 10:46:08'),
(208, 'Popust', 0, 50, 1, 115, '2014-06-21 10:46:08', '2014-06-21 10:46:08'),
(209, 'Smeštaj Adl', 0, 165, 3, 116, '2014-06-21 11:00:51', '2014-06-21 11:00:51');

-- --------------------------------------------------------

--
-- Table structure for table `travel_deals`
--

CREATE TABLE IF NOT EXISTS `travel_deals` (
  `id` int(11) NOT NULL AUTO_INCREMENT,
  `category_id` int(11) NOT NULL,
  `organizer_id` int(9) NOT NULL,
  `destination_id` int(11) NOT NULL,
  `transportation` varchar(30) COLLATE utf8_unicode_ci DEFAULT NULL,
  `service` varchar(20) COLLATE utf8_unicode_ci NOT NULL,
  `price_din` decimal(11,2) DEFAULT NULL,
  `price_eur` decimal(11,2) DEFAULT NULL,
  `created_at` datetime NOT NULL,
  `updated_at` datetime NOT NULL,
  `accomodation_unit_id` int(11) DEFAULT NULL,
  PRIMARY KEY (`id`),
  KEY `travel_deal_cat_id_ind` (`category_id`),
  KEY `travel_deal_org_id_ind` (`organizer_id`),
  KEY `travel_deal_dest_id_ind` (`destination_id`),
  KEY `accomodation_unit_id` (`accomodation_unit_id`)
) ENGINE=InnoDB  DEFAULT CHARSET=utf8 COLLATE=utf8_unicode_ci AUTO_INCREMENT=77 ;

--
-- Dumping data for table `travel_deals`
--

INSERT INTO `travel_deals` (`id`, `category_id`, `organizer_id`, `destination_id`, `transportation`, `service`, `price_din`, `price_eur`, `created_at`, `updated_at`, `accomodation_unit_id`) VALUES
(21, 15, 101031973, 27, 'Bus Niš', 'NA', '0.00', '115.00', '2014-05-30 13:09:06', '2014-05-30 13:09:06', 37),
(22, 19, 103721228, 25, 'Bus Nis', 'NA', '0.00', '129.00', '2014-05-30 14:24:10', '2014-05-31 20:38:36', 34),
(24, 21, 103721228, 25, 'Bus Beograd', 'NA', '0.00', '189.00', '2014-05-30 22:45:21', '2014-05-30 22:45:21', 38),
(26, 15, 101031973, 28, 'Bus Niš', 'NA', '0.00', '69.00', '2014-05-30 23:36:33', '2014-05-31 20:59:51', 39),
(27, 15, 101208890, 29, 'bus Niš', 'NA', '0.00', '80.00', '2014-06-01 20:08:23', '2014-06-01 20:08:23', 40),
(30, 23, 104945185, 30, 'bus', 'NA', '0.00', '49.00', '2014-06-01 20:38:20', '2014-06-01 20:38:20', 41),
(31, 23, 104945185, 30, 'bus Leskovac', 'NA', '0.00', '49.00', '2014-06-01 20:51:11', '2014-06-01 20:51:11', 42),
(32, 23, 101175477, 31, '', 'ND', '0.00', '145.00', '2014-06-01 21:08:16', '2014-06-01 21:08:16', 43),
(33, 23, 104945185, 31, 'bus Niš', 'ND', '0.00', '129.00', '2014-06-01 21:24:42', '2014-06-01 21:24:42', 43),
(34, 23, 107098366, 32, 'bus Niš', 'ND', '0.00', '109.00', '2014-06-01 21:38:47', '2014-06-01 21:38:47', 44),
(35, 23, 104945185, 33, 'bus Niš', 'ND', '0.00', '69.00', '2014-06-01 21:47:36', '2014-06-01 21:47:36', 45),
(36, 24, 103721228, 21, 'bus Niš', 'NA', '0.00', '35.00', '2014-06-01 22:02:34', '2014-06-01 22:02:34', 46),
(37, 23, 104945185, 31, 'bus Niš', 'ND', '0.00', '129.00', '2014-06-01 22:10:50', '2014-06-01 22:10:50', 43),
(38, 23, 101175477, 34, 'bus Niš', 'ND', '0.00', '209.00', '2014-06-01 22:23:10', '2014-06-01 22:23:10', 47),
(39, 23, 104952939, 35, 'bus Niš', 'ND', '0.00', '89.00', '2014-06-01 22:30:01', '2014-06-01 22:30:01', 48),
(40, 24, 103721228, 21, 'Sopstveni', 'NA', '0.00', '45.00', '2014-06-01 22:41:38', '2014-06-01 22:41:38', 49),
(43, 25, 104945185, 36, 'bus Niš', 'prevoz', '0.00', '22.99', '2014-06-01 22:58:14', '2014-06-01 22:58:14', 53),
(44, 23, 103225917, 35, 'Bus Beograd', 'ND', '0.00', '89.00', '2014-06-01 23:12:01', '2014-06-01 23:12:01', 48),
(45, 23, 104229626, 37, 'Bus Beograd', 'ND', '0.00', '289.00', '2014-06-01 23:32:00', '2014-06-01 23:32:00', 54),
(46, 26, 106627548, 38, 'Sopstveni', 'PP', '0.00', '160.00', '2014-06-01 23:50:04', '2014-06-01 23:50:04', 56),
(47, 26, 105424321, 38, 'Sopstveni', 'HB', '0.00', '150.00', '2014-06-02 00:02:16', '2014-06-02 00:02:16', 57),
(48, 27, 107098366, 35, 'bus Niš', 'ND', '0.00', '89.00', '2014-06-02 00:10:36', '2014-06-02 00:10:36', 48),
(49, 27, 100247919, 35, 'Bus Beograd', 'BB', '0.00', '89.00', '2014-06-02 00:17:48', '2014-06-02 00:17:48', 48),
(50, 27, 107947473, 39, 'Sopstveni', 'ND', '6000.00', '0.00', '2014-06-02 00:24:44', '2014-06-02 00:24:44', 58),
(52, 28, 104945185, 35, 'bus Niš', 'ND', '0.00', '79.00', '2014-06-02 00:34:50', '2014-06-02 00:34:50', 48),
(53, 28, 104945185, 40, 'bus Niš', 'BB', '0.00', '49.00', '2014-06-02 07:23:32', '2014-06-02 07:23:32', 59),
(54, 28, 135436457, 33, 'bus Niš', 'ND', '0.00', '49.00', '2014-06-02 07:32:21', '2014-06-02 07:32:21', 60),
(55, 23, 104952939, 35, 'Bus Beograd', 'ND', '0.00', '89.00', '2014-06-02 07:43:10', '2014-06-02 07:43:10', 61),
(56, 16, 104587418, 42, 'Avio Beograd', 'PP', '0.00', '1059.00', '2014-06-02 07:54:11', '2014-06-02 07:54:11', 62),
(57, 16, 105121841, 31, 'Bus Beograd', 'ND', '0.00', '119.00', '2014-06-02 08:06:34', '2014-06-02 08:06:34', 63),
(58, 16, 103225917, 31, 'bus Niš', 'ND', '0.00', '139.00', '2014-06-02 08:13:25', '2014-06-02 08:13:25', 65),
(59, 15, 104229626, 44, 'SOPSTVENI', 'NA', '3500.00', '135.00', '2014-06-11 18:56:05', '2014-06-11 18:56:05', 67),
(66, 29, 103721228, 26, 'BUS', 'ND', '0.00', '199.00', '2014-06-13 21:39:49', '2014-06-13 21:39:49', 69),
(67, 29, 103721228, 26, 'BUS', 'ND', '0.00', '199.00', '2014-06-15 20:15:28', '2014-06-15 20:15:28', 70),
(69, 29, 103721228, 26, 'BUS', 'ND', '0.00', '199.00', '2014-06-15 20:26:04', '2014-06-15 20:26:04', 69),
(70, 15, 107502133, 45, 'AVIO - BEOGRAD', 'ALL INCLUSIVE', '0.00', '373.00', '2014-06-18 16:51:58', '2014-06-18 16:51:58', 71),
(71, 15, 104233719, 27, 'bus Niš', 'NA', '0.00', '99.00', '2014-06-18 17:06:57', '2014-06-18 17:06:57', 72),
(72, 15, 104229626, 44, 'bus Niš', 'NA', '0.00', '115.00', '2014-06-18 17:21:35', '2014-06-18 17:21:35', 73),
(73, 15, 106627548, 46, 'SOPSTVENI', 'PP', '0.00', '163.00', '2014-06-18 21:48:42', '2014-06-18 21:48:42', 74),
(74, 15, 104229626, 26, 'bus Niš', 'ND', '3500.00', '239.00', '2014-06-19 22:21:01', '2014-06-19 22:21:01', 75),
(75, 15, 105504900, 47, 'bus Niš', 'NA', '0.00', '215.00', '2014-06-21 10:42:45', '2014-06-21 10:42:45', 76),
(76, 15, 105504900, 47, 'bus Niš', 'NA', '0.00', '165.00', '2014-06-21 10:57:49', '2014-06-21 10:57:49', 77);

-- --------------------------------------------------------

--
-- Table structure for table `users`
--

CREATE TABLE IF NOT EXISTS `users` (
  `username` varchar(16) COLLATE utf8_unicode_ci NOT NULL,
  `password` varchar(128) COLLATE utf8_unicode_ci NOT NULL,
  `role_id` int(11) NOT NULL,
  `name` varchar(16) COLLATE utf8_unicode_ci NOT NULL,
  `surname` varchar(32) COLLATE utf8_unicode_ci NOT NULL,
  `email` varchar(30) COLLATE utf8_unicode_ci NOT NULL,
  `created_at` datetime NOT NULL,
  `updated_at` datetime NOT NULL,
  `remember_token` varchar(150) COLLATE utf8_unicode_ci NOT NULL,
  PRIMARY KEY (`username`),
  UNIQUE KEY `email` (`email`)
) ENGINE=InnoDB DEFAULT CHARSET=utf8 COLLATE=utf8_unicode_ci;

--
-- Dumping data for table `users`
--

INSERT INTO `users` (`username`, `password`, `role_id`, `name`, `surname`, `email`, `created_at`, `updated_at`, `remember_token`) VALUES
('andjelko', '$2y$10$OFPZkn5kMdMuciBU3wnSMe/..aMl3P60JV8FZBoe2bcMmEHZKVdl2', 1, 'Marko', 'Anđelković', 'andjelko85@gmail.com', '2014-05-20 10:20:55', '2014-06-06 12:48:15', 'M9hjxAOsGb1xvwDow20h3tAmfo0eXiF7nxHf7khJisBk8Mt6Lj2mD4GfR8Bd'),
('Kinez', '$2y$10$QbthuY1toB8UKiQ72H8.9OtUoYZaqyvws.0O.5/9XaVAKKXhXlVBO', 1, 'Milan', 'Miladinović', 'milan@clocktravel.rs', '2014-05-28 22:32:57', '2014-06-19 15:54:09', 'HMDcC1Mi6CP0iGScp0v0aMky3PHEcMvZwG8EnpdXRkiGjBBcaW4ScBWx56u2'),
('sanja', '$2y$10$HAlBz4NSD/1P.vKOgAwQe.SiZoHDk03KYv3SjTWR7tVgSX6tG7yTe', 1, 'Sanja', 'Bogdanovic-Dinic', 'sanjurak@gmail.com', '2014-05-21 11:59:37', '2014-06-17 14:41:25', 'e6hcqL3u0ep94wlZAWxU9ElUcdAP1EFzOKkcPpAgFiXKHz3KPXKdZrepgroG'),
('saska', '$2y$10$dOmz15QRvnanyIapESLI0Of2cz7aT4w6eoHt1Opd5rpsPMcC3W3H.', 0, 'Saška', 'Petrović', 'sasaska@hotmail.com', '2014-06-11 18:25:04', '2014-06-11 18:25:04', ''),
('zorana', '$2y$10$04L9mHAZ4c1Nn48vGtIVn.NpnkO.UyHi6z5X9UiY3CToWxZptROvW', 0, 'Zorana', 'Radović', 'zoranaradovic@hotmail.com', '2014-06-11 18:24:14', '2014-06-20 13:41:48', 'HSFIgHODhRSBzmswVpZc3TGC1K1grohB3njsaIrE8x0nI987200l8mQwaRk5');

--
-- Constraints for dumped tables
--

--
-- Constraints for table `accomodations`
--
ALTER TABLE `accomodations`
  ADD CONSTRAINT `accomodations_ibfk_1` FOREIGN KEY (`destination_id`) REFERENCES `destinations` (`id`);

--
-- Constraints for table `accomodation_units`
--
ALTER TABLE `accomodation_units`
  ADD CONSTRAINT `accidfk` FOREIGN KEY (`accommodations_id`) REFERENCES `accomodations` (`id`);

--
-- Constraints for table `passangers`
--
ALTER TABLE `passangers`
  ADD CONSTRAINT `passangers_ibfk_1` FOREIGN KEY (`reservation_id`) REFERENCES `reservations` (`id`),
  ADD CONSTRAINT `passangers_ibfk_2` FOREIGN KEY (`passanger_id`) REFERENCES `passanger` (`id`);

--
-- Constraints for table `reservations`
--
ALTER TABLE `reservations`
  ADD CONSTRAINT `reservations_ibfk_1` FOREIGN KEY (`passanger_id`) REFERENCES `passanger` (`id`),
  ADD CONSTRAINT `traveldealfk` FOREIGN KEY (`travel_deal_id`) REFERENCES `travel_deals` (`id`) ON UPDATE CASCADE;

--
-- Constraints for table `reservations_log`
--
ALTER TABLE `reservations_log`
  ADD CONSTRAINT `reservationLogFK` FOREIGN KEY (`reservation_id`) REFERENCES `reservations` (`id`);

--
-- Constraints for table `reservation_excursion`
--
ALTER TABLE `reservation_excursion`
  ADD CONSTRAINT `dest_exc_id` FOREIGN KEY (`destinationId`) REFERENCES `destinations` (`id`),
  ADD CONSTRAINT `exc_id` FOREIGN KEY (`excursionId`) REFERENCES `excursion` (`id`),
  ADD CONSTRAINT `res_exc_id` FOREIGN KEY (`reservationId`) REFERENCES `reservations` (`id`);

--
-- Constraints for table `travel_deals`
--
ALTER TABLE `travel_deals`
  ADD CONSTRAINT `accUnitsfk` FOREIGN KEY (`accomodation_unit_id`) REFERENCES `accomodation_units` (`id`),
  ADD CONSTRAINT `travel_deals_ibfk_1` FOREIGN KEY (`category_id`) REFERENCES `categories` (`id`),
  ADD CONSTRAINT `travel_deals_ibfk_2` FOREIGN KEY (`organizer_id`) REFERENCES `organizers` (`pib`),
  ADD CONSTRAINT `travel_deals_ibfk_3` FOREIGN KEY (`destination_id`) REFERENCES `destinations` (`id`);

/*!40101 SET CHARACTER_SET_CLIENT=@OLD_CHARACTER_SET_CLIENT */;
/*!40101 SET CHARACTER_SET_RESULTS=@OLD_CHARACTER_SET_RESULTS */;
/*!40101 SET COLLATION_CONNECTION=@OLD_COLLATION_CONNECTION */;
